province,lat,lng,operators,awn_license_no,awn_station_code,nt_license_no,nt_station_code,tuc_license_no,tuc_station_code
นครราชสีมา,14.654444,101.865833,AWN,060365103247,808924 จิมทอมป์สันฟาร์ม,,,,
นครราชสีมา,15.4575,102.824721,AWN|NT,060365103258,808919,060367058273,808919_MCMYG,,
นครราชสีมา,14.981943,102.118888,AWN|NT,060365103280|060357055585,870046 ข้างหอพักราชมงคลอีสาน 1|870046 ข้างหอพักราชมงคลอีสาน 1,060364056486,870046_SORDY,,
นครราชสีมา,14.569721,101.232499,AWN|NT|TUC,060365103281|060359121970,870163|870163 เขาใหญ่ไวเนอร์รี่),060361186649|060367122129,NMA0319-L23|NMA0319,060357006524,NMA0319-U21
นครราชสีมา,14.474999,101.569999,AWN|TUC,060365103282|060358069320,870418 โป่งตาลอง-ปากช่อง|870418 โป่งตาลอง-ปากช่อง,,,060357019500|060366066233,NMA0314-U21|NMA0314
นครราชสีมา,15.258055,101.759166,AWN|NT,060365103283|060358033241,870424|870424 ถนนหักใหญ่-ด่านขุนทด,060363058838,870424_TNHDT,,
นครราชสีมา,15.573054,102.144444,AWN|NT,060365103284|060358058035,870640 หนองแขม-บ้านเหลื่อม|870640 หนองแขม-บ้านเหลื่อม,060361127428,870640_NKMBL,,
นครราชสีมา,14.905555,101.959722,AWN|NT,060365103285|060359126456,870734 หนองกุ้ง-โคกกรวด|870734 หนองกุ้ง-โคกกรวด,060360068107,870734_NKGKT,,
นครราชสีมา,14.793888,101.652222,AWN|NT,060365103286|060358078804,870810|870810 ซับตะเคียน-สีคิ้ว,060360192544,870810_STKSK,,
นครราชสีมา,14.358611,101.897221,AWN,060365139905,808283 สตาร์เวลล์ การ์เด้นโฮม รีสอร์ท-วังน้ำเขียว,,,,
ชัยภูมิ,15.474166,101.463055,AWN,060365079430,807173,,,,
นครราชสีมา,15.069166,102.199721,AWN|NT,060365079431,808018 บริษัทไทยเบฟเวอเรจ โลจิสติก,060366005158,808018_TBFLG,,
นครราชสีมา,15.236666,102.47111,AWN|NT,060365079432,808043 ฮกกี่ เมกาสโตร์ พิมาย,060367058264,808043_HKMGS,,
นครราชสีมา,14.88861,102.070554,AWN|NT,060365079433,808123 โรงพยาบาล ริมลิฟวิ่ง-นครราชสีมา,060366005162,808123_RLVHP,,
นครราชสีมา,14.975832,102.086666,AWN|NT,060365079434,808421 โรงพยาบาลราชสีมา ฮอสพิทอล,060366005170,808421_RCMHL,,
นครราชสีมา,14.701388,101.313611,AWN,060365079435,808422 วัดป่าธรรมคีรี-ปากช่อง,,,,
นครราชสีมา,14.614722,101.965833,AWN,060365079436,808871,,,,
นครราชสีมา,14.814722,102.018888,AWN|NT,060365079468|060358001172,870023|870023 ห้วยดำดิน-ปักธงชัย,060360192527,870023_HDPTC,,
นครราชสีมา,14.501944,101.489721,AWN|NT,060365079469|060357084251,870173 ลา คาเซตต้า ทอสคาน่า|870173 ลา คาเซตต้า ทอสคาน่า,060363100999,870173_LCTCN,,
นครราชสีมา,14.966943,102.236666,AWN|NT,060365079470|060358006506,870306|870306ด่านกะตา-เฉลิมพระเกียรติ,060363058812,870306_DTCPK,,
นครราชสีมา,14.690833,101.592777,AWN|NT,060365079471|060358006511,870315|870315วังไทรหมู่2-ปากช่อง,060366000627,870315_WSMPC,,
นครราชสีมา,15.070277,102.140555,AWN|NT,060365079472|060358008856,870351|870351 บึงทับช้าง-จอหอ,060360119406,870351_BTCCH,,
นครราชสีมา,14.724721,102.172499,AWN|NT,060365079473|060358008863,870383 ชะอม-โชคชัย|870383 ชะอม-โชคชัย,060361144472,870383_COCKC,,
นครราชสีมา,15.048055,102.191666,AWN|NT,060365079474|060358008867,870388|870388 หนองบัว-บ้านโพธิ์,060360119410,870388_NBPHO,,
นครราชสีมา,15.185277,101.759722,AWN|NT|TUC,060365079475|060358069321,870426|870426 โคกรักษ์-ด่านขุนทด,060361154622,NMA0121-L23,060356036019,NMA0121-U21
ชัยภูมิ,16.650833,101.82111,AWN|NT,060365061835|060356023371,877104 ห้วยแก้ว|877104 ห้วยแก้ว,060367061860,877104_HUKWM,,
ชัยภูมิ,16.126666,102.166943,AWN|NT,060365061836|060356023373,877115 โคกกุง|877115 โคกกุง,060361127645,877115_KKKUM,,
ชัยภูมิ,16.322221,102.270832,AWN|NT,060365061837|060356023374,877116 บ้านเพชร|877116 บ้านเพชร,060361127646,877116_BNPCM,,
ชัยภูมิ,16.115555,101.891666,AWN|NT,060365061838|060356027215,877117 บ้านเดื่อ|877117 บ้านเดื่อ,060367061861,877117_BADAM,,
ชัยภูมิ,15.789444,101.337777,AWN,060365061839|060357057632,877126|877126 วังใหญ่),,,,
ชัยภูมิ,15.78111,101.816943,AWN|NT,060365061840|060356016902,877132|877132 ชัยภูมิ-ภักดีชุมพล,060360193539,877132_NPUAM,,
ชัยภูมิ,15.627499,101.398333,AWN|NT,060365061841|060357011282,877136|877136ซับสะเลเต,060366000761,877136_SSLTM,,
ชัยภูมิ,15.4075,101.498333,AWN|NT,060365061842|060357061021,877159|877159 รร.ซับถาวรพัฒนา เทพสถิต,060366000764,877159_STWPM,,
ชัยภูมิ,16.165,102.162222,AWN|NT,060365069326|060359015357,877418โนนงิ้ว-แก้งคร้อ|877418 โนนงิ้ว-แก้งคร้อ,060367061869,877418_NGWKK,,
นครราชสีมา,14.877499,101.828888,AWN|NT,060365069327|060356003100,878088 สูงเนิน 1|878088 สูงเนิน 1,060360068147,878088_SUNNM,,
นครราชสีมา,15.09611,102.48611,AWN|NT,060365050406|060359022525,870982 ใหม่ฉมวก-พิมาย|870982 ใหม่ฉมวก-พิมาย,060366001302,870982_MCMKP,,
ชัยภูมิ,15.929443,102.28361,AWN|NT,060365050411|060358046806,877017 คอนสวรรค์|877017 คอนสวรรค์,060366001372,877017_KSWNM,,
ชัยภูมิ,16.006111,101.744166,AWN|NT,060365050412|060356033929,877066 บ้านหนองแพง|877066 บ้านหนองแพง,060360193535,877066_BPANM,,
ชัยภูมิ,15.854166,101.408611,AWN|NT,060365050413|060358001177,877156สี่แยกเจาทองภักดีชุมพล|877156,060361127660,877156_SYJTM,,
ชัยภูมิ,16.142499,102.294166,AWN|NT,060365050414|060359015375,877445ซำมูลนาก - แก้งคร้อ|877445 ซำมูลนาก-แก้งคร้อ,060360119847,877445_SMNKR,,
นครราชสีมา,15.336666,102.18361,AWN|NT,060365050415|060356050161,878047 เมนรูท ขามสะแกแสง|878047 เมนรูท ขามสะแกแสง,060363059772,878047_MKSSM,,
นครราชสีมา,15.400833,102.53361,AWN|NT,060365050416|060364137174|060356033380,878082 โนนแดง|เสาไฟฟ้าข้างอาคาร)|878082 โนนแดง,060360120849,878082_NODGM,,
นครราชสีมา,14.964444,101.947777,AWN|NT,060365050417|060356001588,878171 ขามทะเลสอ|878171 ขามทะเลสอ,060366000791,878171_KTLSM,,
นครราชสีมา,15.47611,102.62611,AWN|NT,060365050418|060357021170,878274 บ้านหญ้าคา|878274 บ้านหญ้าคา,060366000796,878274_BYKAM,,
นครราชสีมา,14.749166,102.337499,AWN|NT,060365050419|060356016926,878285 บ้านตลาดใหม่พัฒนา|878285 บ้านตลาดใหม่พัฒนา,060360205605,878285_BTPNM,,
นครราชสีมา,14.805833,102.42611,AWN|NT,060365050420|060356016927,878301 บ้านดอนหนองจิก|878301 บ้านดอนหนองจิก,060363059798,878301_BNJIM,,
นครราชสีมา,14.356666,102.510555,AWN|NT,060365050421|060357045817,878462 บ้านสันติสุข|878462บ้านสันติสุข,060360257706,878462_BSTSM,,
นครราชสีมา,15.496388,102.564444,AWN|NT,060365050422|060356016962,878511 ดอนยาวน้อยโนนแดง|878511 ดอนยาวน้อยโนนแดง,060360120888,878511_DYNDM,,
นครราชสีมา,15.033054,102.189444,AWN|NT,060365050423|060356028995,878746 บ้านมะค่า|878746 บ้านมะค่า,060360118895,878746_MAKAM,,
ชัยภูมิ,16.220832,102.187221,AWN|NT,060365061843|060356023379,877168 หนองคัน-ภูเขียว|877168หนองคัน-ภูเขียว,060363059565,877168_NHPKM,,
ชัยภูมิ,16.421388,102.106666,AWN|NT|TUC,060365061844|060357038156,877236 บ้านแก้ง-ภูเขียว|877236 บ้านแก้ง-ภูเขียว,060361127673,877236_BKGPK,060362166516,CPM0130-U21
ชัยภูมิ,16.119999,101.84111,AWN|NT,060365061845|060357072269,877243|877243 บ้านนาสมบูรณ์-หนองขาม,060361127677,877243_BNSNK,,
ชัยภูมิ,16.356388,102.412777,AWN|NT,060365061846|060358005279,877280 ดอนขิงแคง-บ้านแท่น|877280 ดอนขิงแคง-บ้านแท่น,060360257686,877280_DKKBT,,
ชัยภูมิ,16.3625,102.377777,AWN|NT,060365061847|060358005280,877282 บ้านเต่า-บ้านแท่น|877282 บ้านเต่า-บ้านแท่น,060361127680,877282_BTBTN,,
ชัยภูมิ,15.658611,102.037221,AWN|NT|TUC,060365061848|060358004343,877287 โค้งขนัน-บ้านค่าย|877287 โค้งขนัน-บ้านค่าย,060363123394|060360119835,CPM0162-L23|877287_KKNBK,060362166833,CPM0162-U21
ชัยภูมิ,16.348888,102.056944,AWN|NT,060365061849|060359015366,877427 โนนทัน-ภูเขียว|877427 โนนทัน-ภูเขียว,060366000776,877427_NTNPK,,
ชัยภูมิ,16.546666,101.861944,AWN,060365061850|060359187054,877548 วัดทุ่งสว่างวนาราม-คอนสาร|877548 วัดทุ่งสว่างวนาราม-คอนสาร,,,,
ชัยภูมิ,15.766943,102.000555,AWN|NT,060365061851|060362004324,877853|877853 บ้านหนองนาแซง-ชัยภูมิ,060366002768,877853_BNSCY,,
นครราชสีมา,15.54861,102.52861,AWN|NT,060365061852|060356003103,878040 แยกสีดา|878040 แยกสีดา,060361144488,878040_YSDAM,,
นครราชสีมา,15.275554,102.417221,AWN|NT,060365061853|060356003105,878044 ตลาดแค|878044 ตลาดแค,060360068136,878044_TLKEM,,
นครราชสีมา,14.788888,101.516388,AWN|NT,060365061854|060357021166,878077 วัดเขาน้อย|878077 วัดเขาน้อย,060361144490,878077_WKNOM,,
นครราชสีมา,14.698055,101.998888,AWN|NT,060365061855|060356032345,878098 แยกลำพระเพลิง|878098 แยกลำพระเพลิง,060363059781,878098_YLPPM,,
นครราชสีมา,15.27611,102.630277,AWN|NT,060365061856|060356016913,878168 บ้านหนองจิก|878168 บ้านหนองจิก,060363059789,878168_NGCHM,,
นครราชสีมา,15.293333,101.564722,AWN|NT,060365061857|060356016915,878170 เทพารักษ์|878170 เทพารักษ์,060366000790,878170_TEPRM,,
นครราชสีมา,15.055277,102.363055,AWN|NT,060365061858|060356016917,878189 ทองหลาง|878189 ทองหลาง,060360068164,878189_TOLGM,,
นครราชสีมา,14.714166,101.589999,AWN|NT,060365061859|060356027384,878211 วังไทร|878211 วังไทร,060367061878,878211_WGSIM,,
นครราชสีมา,14.872221,101.775832,AWN|NT,060365061860|060356003121,878232 บ้านมะเกลือใหม่)|878232 บ้านมะเกลือใหม่),060360118852,878232_BNMMM,,
นครราชสีมา,15.190833,102.840833,AWN|NT,060365061861|060356033941,878238 ตลาดไทร|878238 ตลาดไทร,060361127794,878238_TLSAM,,
นครราชสีมา,14.954722,101.577221,AWN|NT,060365061862|060356047887,878239 หนองหญ้าขาว|878239 หนองหญ้าขาว,060360205604,878239_NYKOM,,
นครราชสีมา,15.334444,102.153888,AWN|NT,060365061863|060356016919,878266 บ้านขามสะแกแสง|878266 บ้านขามสะแกแสง,060361127796,878266_BKSKM,,
นครราชสีมา,14.743333,102.219999,AWN|NT,060365061864|060356016227,878297 โรงงาน ซีพี โชคชัย|878297 โรงงาน ซีพี โชคชัย,060361105113,878297_CPCFM,,
นครราชสีมา,15.177499,102.408611,AWN|NT,060365061865|060356016928,878305 ธารละหลอด|878305 ธารละหลอด,060360205606,878305_TALLM,,
นครราชสีมา,14.948333,102.494999,AWN|NT|TUC,060365061866|060357021173,878323|878323 หนองขาม,060360120869,878323_NONKM,060359107120,NMA0415-U21
นครราชสีมา,15.050833,102.408333,AWN|NT,060365061867|060356012019,878325 โรงงานซีเบิด|878325 โรงงานซีเบิด,060362226946,878325_SEBDM,,
นครราชสีมา,14.489166,102.469999,AWN|NT,060365061868|060357021177,878335 สุขไพบูลย์|878335 สุขไพบูลย์,060366000805,878335_SUPBM,,
นครราชสีมา,15.610833,102.567221,AWN|NT,060365061869|060356003132,878338 แยกบัวลาย|878338 แยกบัวลาย,060360205089,878338_YBLIM,,
นครราชสีมา,14.720277,101.516388,AWN|NT,060365061870|060356033946,878403 วัดคลองยาง|878403 วัดคลองยาง,060360120876,878403_WTKYM,,
นครราชสีมา,15.164722,101.734444,AWN|NT,060365061871|060356016230,878498|878498 สามแยกกุดม่วงด่านขุนทด,060362226953,878498_SKDTM,,
นครราชสีมา,15.046388,102.611944,AWN|NT,060365061872|060356016965,878524 สมสะอาด-ห้วยแถลง|878524 สมสะอาด-ห้วยแถลง,060363059815,878524_SAHTM,,
นครราชสีมา,15.543888,102.776666,AWN|NT,060365061873|060356016975,878684 ตลาดไทร-ประทาย|878684 ตลาดไทร-ประทาย,060361127827,878684_TDSPM,,
นครราชสีมา,14.908055,101.97611,AWN|NT,060365061874|060357055138,878853|878853 โชคอนันต์ โคกกรวด,060361127848,878853_CANKK,,
นครราชสีมา,15.515,102.380554,AWN|NT,060365061875|060357072271,878892|878892 โนนทองหลาง-บัวใหญ่),060361127858,878892_NTLBY,,
นครราชสีมา,15.091388,102.382499,AWN|NT,060365061876|060357072274,878919 บ้านขามทุ่ง จักราช|878919 บ้านขามทุ่งจักราช,060360118913,878919_KTCKR,,
นครราชสีมา,14.944444,101.933888,AWN|NT,060365061877|060357038183,878946|878946 โป่งแดง-ขามทะเลสอ,060360119874,878946_PDKTL,,
นครราชสีมา,15.567777,102.46861,AWN|NT,060365061546|060358001174,|,060360192528,870026_KCGBY,,
นครราชสีมา,15.34361,102.432777,AWN|NT,060365061547|060357039321,870040 นางคลาน-เมืองคง|870040 นางคลาน-เมืองคง,060361127399,870040_NKMKG,,
นครราชสีมา,15.269166,101.789721,AWN|NT,060365061548|060358006503,870303|870303หนองบัวตะเกียด-ด่านขุนทด,060361127414,870303_NBDKT,,
นครราชสีมา,14.965833,101.677221,AWN|NT|TUC,060365061549|060358006505,870305 บ้านใหม่ ก.ม.10-สีคิ้ว|870305 บ้านใหม่ ก.ม.10-สีคิ้ว,060366000626,870305_BNMSK,060362166854,NMA0660-U21
นครราชสีมา,14.928054,101.94861,AWN|NT,060365061550|060358008855,870349 ละลมหม้อ-โคกกรวด|870349 ละลมหม้อ-โคกกรวด,060360119405,870349_LLMKK,,
นครราชสีมา,14.858888,102.369999,AWN|NT,060365061551|060358058051,870690 หินมงคล-สีสุก|870690 หินมงคล-สีสุก,060361105098,870690_HMKSS,,
นครราชสีมา,15.639721,102.748888,AWN|NT,060365061552|060359054567,870777 เมืองโดน-ประทาย|870777 เมืองโดน-ประทาย,060360192541,870777_MGDPT,,
นครราชสีมา,15.084721,102.044444,AWN|NT,060365049859|060357020942,870061 บ้านกระเสียว|870061 บ้านกระเสียว,060363100991,870061_BNKRS,,
นครราชสีมา,14.722777,102.223054,AWN|NT,060365049860|060358008853,870342 บ้านโจด-ท่าเยี่ยม|870342 บ้านโจด-ท่าเยี่ยม,060366000633,870342_BCTYM,,
นครราชสีมา,14.958055,101.622221,AWN|NT,060365049861|060358046797,870474บ้านทรัพย์สมบูรณ์หมู่ที่12|870474 บ้านทรัพย์สมบูรณ์ หมู่12,060366000644,870474_BSBMS,,
นครราชสีมา,14.99611,102.114444,AWN|NT,060365049862|060359054690,871144หน้าธัญญปุระ-ซอย30กันยา|871144 หน้าธัญญปุระ-ซอย30กันยา,060364012925,871144_TYPRS,,
นครราชสีมา,14.742499,101.946388,AWN|NT,060365049863|060359059426,871221 หนองเรือ-ปักธงชัย|871221 หนองเรือ-ปักธงชัย,060367061841,871221_NGRPT,,
ชัยภูมิ,16.07111,102.280554,AWN|NT,060365049864|060356023366,877046 ช่องสามหมอ|877046 ช่องสามหมอ,060361127629,877046_CSMOM,,
ชัยภูมิ,16.539166,101.901388,AWN|NT|TUC,060365049865|060356049969,877074 ห้วยยาง|877074 ห้วยยาง,060360193536,877074_HUYGM,060356060667,CPM0052-U21
ชัยภูมิ,16.23111,101.92361,AWN|NT,060365049866|060356027214,877109 บ้านบัว|877109 บ้านบัว,060360119833,877109_BABAM,,
ชัยภูมิ,15.656388,101.565277,AWN|NT,060365049867|060357061020,877158 โนนจำปา นายางกลัก|877158 โนนจำปา นายางกลัก,060360205576,877158_JPYKM,,
นครราชสีมา,14.720832,101.942221,AWN,060365049868|060357021167,878186 บ้านสุขัง|878186 บ้านสุขัง,,,,
นครราชสีมา,14.737777,101.763888,AWN,060365049869|060356012018,878322 บ้านวังรางใหญ่พัฒนา|878322 บ้านวังรางใหญ่พัฒนา,,,,
นครราชสีมา,14.938888,101.681388,AWN|NT,060365049870|060356001834,878371 บ้านหนองรี|878371 บ้านหนองรี,060360120874,878371_NREEM,,
นครราชสีมา,14.739444,102,AWN|NT,060365049871|060356003146,878527บ้านหันเหนือ-ปักธงชัย|,060366000813,878527_HNPCM,,
นครราชสีมา,14.589999,101.893888,AWN|NT,060365049872|060356003147,878528 ลำนางแก้ว-ปักธงชัย|,060362226955,878528_LKPTM,,
ชัยภูมิ,15.787221,102.030832,AWN|NT,060365123723|060362058891|060362058911,877851 โรบินสัน ชัยภูมิ|877851 ศูนย์บริการ เอไอเอส โรบินสัน ชัยภูมิ|877851 โรบินสัน ชัยภูมิ,060366001384,877851_RBCPW,,
นครราชสีมา,15.082221,102.231388,AWN|NT,060365061553|060358078806,870814 โรงสีเจียเม้ง|870814 โรงสีเจียเม้ง,060360068113,870814_RSCMG,,
นครราชสีมา,15.282777,102.248333,AWN|NT,060365061554|060359022544,871040|871040 บ้านดอนมันกระซาก-โนนสูง,060360068120,871040_BDMNS,,
นครราชสีมา,14.661388,101.900555,AWN|NT,060365061555|060359054570,871176|871176บ้านกระเชาะราก-ปักธงชัย,060366000704,871176_BKRTC,,
นครราชสีมา,15.480277,102.7575,AWN|NT,060365061556|060359054571,871177|871177บ้านใหม่โคกกลาง-ประทาย,060360193508,871177_BKKPT,,
นครราชสีมา,15.450833,102.393333,AWN|NT,060365061557|060361105937,872107|872107 บ้านคูขาด,060367061842,872107_BKKMK,,
นครราชสีมา,14.695833,101.250833,AWN,060365033310,219120 ป้ายโฆษณาตลาดอินโดจีน,,,,
ชัยภูมิ,15.591944,101.710277,AWN,060365049649,807356 โป่งเกตุ-ซับใหญ่),,,,
ชัยภูมิ,15.613888,101.703333,AWN,060365049650,807357 ท่าชวน-ซับใหญ่),,,,
นครราชสีมา,14.959722,101.755833,AWN|NT,060365049651,808646 บ้านหัน-สีคิ้ว,060366005173,808646_BHNSK,,
นครราชสีมา,14.619721,102.142777,AWN|NT|TUC,060365049681,Co-DTAC),060363120552,NMA0732-L23,060361169619,NMA0732-U21
นครราชสีมา,14.930277,101.618332,AWN,060365049685,808733 หนองห่าน-สีคิ้ว,,,,
นครราชสีมา,15.305277,102.301388,AWN,060365049686,808766 ดอนม่วง-โนนสูง,,,,
ชัยภูมิ,15.544721,101.413055,AWN|NT,060365049697,807103 บ้านไร่-เทพสถิต,060366005155,807103_BRTST,,
ชัยภูมิ,16.217777,101.524166,AWN,060365049698,807104 โนนศรีสง่าหมู่8-หนองบัวแดง,,,,
ชัยภูมิ,16.227499,101.567499,AWN,060365049699,807105 บ้านคลองเจริญ-หนองบัวแดง,,,,
ชัยภูมิ,16.110833,101.761111,AWN,060365049700,807107 บ้านโนนสะอาด-หนองบัวแดง,,,,
ชัยภูมิ,15.510277,101.434444,AWN,060365049701,807110 บ้านยางเตี้ย-เทพสถิต,,,,
ชัยภูมิ,16.113611,101.571666,AWN,060365049702,807116 บ้านหลักแดน-หนองบัวแดง,,,,
ชัยภูมิ,16.113888,101.802222,AWN,060365049703,807234 บ้านลาดเหนือ,,,,
นครราชสีมา,14.546388,102.337499,AWN,060365049704,808072 บุมะค่า-ครบุรี,,,,
นครราชสีมา,14.4075,101.685277,AWN,060365049719,874717 คลองสะท้อน-วังหมี,,,,
ชัยภูมิ,15.821943,102.030277,AWN|NT,060365049733|060361180419,807249 เอื้ออาทรโนนสมอ-ชัยภูมิ|877699 ชุมชนโนนสมอ,060366005156,807249_EANSM,,
ชัยภูมิ,15.864444,101.591388,AWN,060365049734,807381 สำนักตูมกา-หนองบัวระเหว,,,,
นครราชสีมา,15.144721,102.139721,AWN|NT,060365049735,808026 บ้านด่านติง-โนนสูง,060367058263,808026_BDTNS,,
นครราชสีมา,14.446388,101.819166,AWN,060365049736,808266บ้านวังไผ่-วังน้ำเขียว,,,,
นครราชสีมา,15.290833,102.510555,AWN,060365049737,808288 บ้านซาดหมู่6-พิมาย,,,,
นครราชสีมา,15.000277,102.22861,AWN|NT,060365049738,808360บ้านพระพุทธ-เฉลิมพระเกียรติ,060366005166,808360_BPPCL,,
นครราชสีมา,14.743055,102.219999,AWN|NT,060365049739,808772ข้างโรงงานแปรรูปซีพีเอฟ-โชคชัย,060366005176,808772_CPFCC,,
นครราชสีมา,15.457777,102.827221,AWN,060365049740,808774บ้านเมืองจาก-เมืองยาง,,,,
นครราชสีมา,14.921388,102.400277,AWN,060365049749,874769 โคกสำโรง-จักราช,,,,
นครราชสีมา,14.78111,102.162777,AWN|NT|TUC,060358008850,870339,060363128719|060360119403,NMA0759-L23|870339_BTPCC,060362166858,NMA0759-U21
นครราชสีมา,15.035277,102.156111,AWN|NT,060358006516,870343 บ้านบุ-ตลาด,060360119404,870343_BBUTL,,
นครราชสีมา,14.728332,102.163333,AWN|NT,060358037195,870446 การประปาโชคชัย,060361144473,870446_CCWTS,,
นครราชสีมา,15.747777,102.256111,AWN|NT,060359054551,870638 แก้งขาม-แก้งสนามนาง,060361127427,870638_KMSNG,,
นครราชสีมา,15.601944,102.305555,AWN|NT,060359000884,870778 สระครก-บัวใหญ่),060361127439,870778_SKKBY,,
นครราชสีมา,15.384999,102.171943,AWN|NT,060359017476,870886 ริมบึง-ขามสะแกแสง,060360205559,870886_RBKSK,,
นครราชสีมา,15.063611,101.948888,AWN|NT|TUC,060359022515,870902 พันดุงพัฒนา-ขามทะเลสอ,060366002602,870902_PDPKL,060357040193,NMA0247-U21
นครราชสีมา,14.996944,102.650277,AWN|NT,060359022532,870990ข้างโรงพยาบาลห้วยแถลง,060360120829,870990_RBHTL,,
นครราชสีมา,15.558888,102.369999,AWN|NT|TUC,060359104931,871072 บุเสมา-หนองแจ้งใหญ่),060366005196,871072_BSMJY,060360238181,NMA0460-U21
นครราชสีมา,14.513611,101.799444,AWN,060360006294,871578 วัดป่าสุขศรีงาม-วังน้ำเขียว,,,,
นครราชสีมา,14.69361,101.544166,AWN|NT,060362226365,874297บ้านภูเงิน-วังไทรปากช่อง,060364012956,874297_BPNGW,,
ชัยภูมิ,16.404444,102.344444,AWN|NT|TUC,060357072265,877034 บ้านแท่น,060363132115|060361127625,CPM0229-L23|877034_BTHNM,060362166886,CPM0229-U21
ชัยภูมิ,15.908055,101.421666,AWN|NT,060356027379,877065 เจาทอง,060361127631,877065_CHTGM,,
ชัยภูมิ,16.093055,101.715277,AWN|NT,060356027209,877090 บ้านหนองแวง,060367061857,877090_BNWAM,,
ชัยภูมิ,15.99361,102.337499,AWN|NT,060365050817|060356027210,877095 ศรีสำราญ|877095 ศรีสำราญ,060363059559,877095_SRANM,,
ชัยภูมิ,15.483888,101.435555,AWN|NT,060356016899,877101 บ้านโคกรัง,060360205575,877101_BKRAM,,
ชัยภูมิ,15.420554,101.544721,AWN|NT,060356016900,877102 บ้านห้วยยายจิ๋ว,060363059560,877102_BHYCM,,
ชัยภูมิ,16.441388,102.186666,AWN|NT,060356023375,877118 บ้านม่วง - กุดยม,060361127647,877118_BMKYM,,
ชัยภูมิ,15.433054,101.690833,AWN|NT,060356033377,877133 แยกคำปิง,060361127656,877133_YKKPM,,
ชัยภูมิ,16.593333,101.929166,AWN|NT,060356023378,877148 สี่แยกคอนสาร,060363059563,877148_SYKSM,,
ชัยภูมิ,16.008333,101.701944,AWN|NT,060358005282,877284 ห้วยกนทา-หนองบัวแดง,060360193548,877284_HKTBD,,
ชัยภูมิ,15.451111,101.685277,AWN|NT,060359032918,877323 บ้านเพชร-บำเหน็จณรงค์,060363059578,877323_BPBNR,,
ชัยภูมิ,16.044721,102.182777,AWN|NT,060359015371,877433 หนองทุ่ม-แก้งคร้อ,060361127692,877433_NTMKK,,
นครราชสีมา,15.701666,102.322499,AWN|NT,060356050162,878050 หนองขามนาดี 1,060363059773,878050_MNDIM,,
นครราชสีมา,15.306111,101.973054,AWN|NT,060356016907,878064 พระทองคำ,060366000786,878064_PTKMM,,
นครราชสีมา,14.635555,101.241388,AWN|NT,060356002591,878179 บ้านซับจำปา,060360068163,878179_BSJPM,,
นครราชสีมา,14.438333,101.676943,AWN|NT,060356012016,878220 วังหมี,060360068169,878220_WNMIM,,
นครราชสีมา,15.353888,102.08111,AWN|NT,060356016929,878309 บ้านหนองผักชี,060363059799,878309_BPSEM,,
นครราชสีมา,14.855555,102.223332,AWN|NT,060356001594,878354 ท่าจะหลุง,060361127799,878354_THCLM,,
นครราชสีมา,14.359444,101.91861,AWN|NT,060357021178,878360 ไทยสามัคคี,060366000806,878360_TAISM,,
นครราชสีมา,15.634444,102.693055,AWN|NT,060356033948,878429 บ้านหนองแวงน้อย,060361127807,878429_NWNIM,,
นครราชสีมา,15.262777,102.803333,AWN|NT,060356016944,878439 ดงบัง,060361127811,878439_DGBGM,,
นครราชสีมา,14.568054,102.190555,AWN|NT,060356012026,878461 บ้านอรพิมพ์,060366000810,878461_BOPMM,,
นครราชสีมา,15.63361,102.47861,AWN|NT|TUC,060356016960,878501 ป่าหวาย บัวลาย,060363059812,878501_PWBLM,060362166577,NMA0569-U21
นครราชสีมา,15.301111,102.707222,AWN|NT,060357021185,878531 อ่างเก็บน้ำห้วยบง-ชุมพวง,060360120890,878531_AHCPM,,
นครราชสีมา,15.524999,102.131943,AWN|NT,060356016972,878632 โนนปอแดง-เมืองคง,060363059822,878632_NPDMM,,
นครราชสีมา,14.93861,101.905555,AWN|NT|TUC,060357069067,878760 บ้านโนน-ขามทะเลสอ,060360118897,878760_NKTRM,060360217643,NKR8708
นครราชสีมา,14.674999,101.973888,AWN|NT,060357055147,878880 วิทยาลัยเทคนิคปักธงชัย,060363059843,878880_TNICP,,
นครราชสีมา,15.67111,102.203333,AWN|NT,060357072273,878918บ้านโนนระเวียง แก้งสนามนาง,060361127865,878918_NRWKS,,
นครราชสีมา,15.255555,102.177499,AWN,060365065216,808267,,,,
นครราชสีมา,14.803888,101.564722,AWN|NT,060365065217,808850,060366005178,808850_JPKYT,,
นครราชสีมา,15.68111,102.240277,AWN,060365065219,874837,,,,
ชัยภูมิ,15.463333,101.4625,AWN,060365033795,807351 หนองกระโจม-เทพสถิต,,,,
นครราชสีมา,14.918888,102.160555,AWN|NT,060364165264,808009 บมจ.ชินเอ-คาทาโอกะ แคสติ้งประเทศไทย,060366002563,808009_SHEIK,,
นครราชสีมา,15.003055,102.11861,AWN|NT,060364165265,808082 เดอะเชนซ์ รีแลคซ์ คอนโด,060366005161,808082_TCHRL,,
ชัยภูมิ,15.395833,101.455,AWN|NT,060364165268|060356016889|060364151713,อาคารทันตกรรม)|877023 เทพสถิต|877023 เทพสถิต,060360119425,877023_TEPTM,,
นครราชสีมา,14.972777,102.098333,AWN|NT,060364165269,808096ลานจอดรถศาลากลางจังหวัดนครราชสีมา,060366002569,808096_PSLKN,,
นครราชสีมา,14.945833,102.087221,AWN|NT,060364165270|060365109057,874662 หน้าหอประชุมกองบิน1|874662 หลังอาคารแผนกช่างอากาศ,060366002725,874662_WOADT,,
นครราชสีมา,14.959166,102.178332,AWN|NT,060364165271,874741,060366005235,874741RMKNR,,
นครราชสีมา,14.956944,102.044999,AWN|NT,060364120056,808076 ลานไทมุง ตลาดเซฟวัน,060366005160,808076_LTMSO,,
ชัยภูมิ,16.594166,101.961666,AWN,060365026280,807349 โนนหว้านไพร-คอนสาร,,,,
ชัยภูมิ,15.618332,101.660555,AWN,060365026281,807353,,,,
ชัยภูมิ,15.873054,101.894166,AWN,060365026282,807361วัดห้วยยางราษฎร์บํารุง,,,,
ชัยภูมิ,15.756666,101.890277,AWN,060365026283,807362 โนนส้มมอ-บ้านเขว้า,,,,
ชัยภูมิ,15.801111,101.369443,AWN,060365026284,807369,,,,
นครราชสีมา,15.177499,102.8075,AWN|NT,060365026285,808702 วัดหนองแวงใหญ่-ตลาดไทร,060366005175,808702_WNWYT,,
ชัยภูมิ,15.884721,101.698888,AWN,060365026292,807359 หนองกรองแก้ว-หนองบัวระเหว,,,,
นครราชสีมา,14.883888,101.724721,AWN,060364143529,874092,,,,
นครราชสีมา,14.974999,102.094166,AWN|NT,060364143530|060367072066,874293 ถนนโพธิ์กลาง-ครราชสีมา|874293 ถนนโพธิ์กลาง-ครราชสีมา,060366002687,874293_PKRNR,,
นครราชสีมา,15.535833,102.722777,AWN,060364143533,872826 เทสโก้ โลตัส ประทาย,,,,
นครราชสีมา,14.992777,102.120554,AWN|NT,060364143534|060363058411,872828ดิอิมพีเรียลโฮเทลแอนด์คอนเวนชั่นเซ็นเตอร์|872828 ข้างโรงแรมอิมพิเรียลโคราช,060366005039,872828_IPRHC,,
นครราชสีมา,14.786388,101.546666,AWN|NT,060364143535|060365096455,874258|874258,060366002686,874258_TBHKT,,
ชัยภูมิ,16.08361,102.24611,AWN|NT,060361155278,877718 บ้านแสงเจริญ,060366001382,877718_BSCKK,,
นครราชสีมา,14.9625,102.136388,AWN|NT,060361155283,872128 ตลาดแม่กร,060366001338,872128_MKDKN,,
นครราชสีมา,14.753055,101.440833,AWN|NT,060361155284,872140 บ้านพรหมประดิษฐ์,060366001339,872140_BPPCG,,
นครราชสีมา,14.880832,101.825554,AWN|NT,060361155285,872141 ชุมชนแสงไทยประปา,060366001340,872141_CSTPS,,
นครราชสีมา,14.707777,101.409166,AWN,060361155286,872143บ้านหนองกะจะ,,,,
นครราชสีมา,15.049166,102.117777,AWN|NT,060361155287,872191 ศูนย์การศึกษาพิเศษ - จอหอ,060366001343,872191_SECJH,,
ชัยภูมิ,15.92361,101.855555,AWN,060361155291,877697 วัดบ้านชีลองใต้-เมืองชัยภูมิ,,,,
ชัยภูมิ,16.221666,102.218888,AWN,060361155292,877698 บ้านฝายพญานาค,,,,
นครราชสีมา,14.421943,102.456666,AWN|NT,060361105938|060364151693,872155 บ้านบัวหลวง|872155บ้านบัวหลวง-เสิงสาง,060366002652,872155_BBLSS,,
ชัยภูมิ,15.764444,102.002222,AWN,060361105939,877683 หนองนาแซง,,,,
ชัยภูมิ,15.49861,101.610277,AWN,060361105940,877684 บ้านเกาะมะนาว,,,,
ชัยภูมิ,16.411944,102.397221,AWN|NT,060361105941|060369024852,877686 บ้านสามพาด|877686 บ้านสามพาด-บ้านแท่น,060364012984,877686_BSPBT,,
นครราชสีมา,14.53611,101.371666,AWN|NT,060361098215|060363087243,871990สามแยกบ้านกุดคล้า-ปากช่อง|871990 สามแยกบ้านกุดคล้า,060364012941,871990_SYKPC,,
นครราชสีมา,15.059722,102.179166,AWN,060361098216,872049หมู่บ้าน ศรีพัฒนาม.4,,,,
นครราชสีมา,15.332777,102.252777,AWN|NT|TUC,060361098246,871303 ขามเฒ่า-โนนสูง,060363132524,NMA0254-L23,060357000926,NMA0254-U21
นครราชสีมา,14.6025,101.574443,AWN|NT,060361098247,871962 ศูนย์ฝึกการรบพิเศษปากช่อง,060366002648,871962_PCSCT,,
นครราชสีมา,14.684166,101.451388,AWN|NT,060363106151|060357009793,870009 บ้านคลองทราย-หนองสาหร่าย|870009 บ้านคลองทราย-หนองสาหร่าย,060361127392,870009_KSNSR,,
นครราชสีมา,14.587221,101.307222,AWN|NT,060363106152|060357055325,870025 ธารมงคล-ปากช่อง|870025 ธารมงคล-ปากช่อง,060366001287,870025_TMKPC,,
นครราชสีมา,14.9625,102.106666,AWN|NT,060363106153|060357083990,870146 วัดศาลาเย็น|870146 วัดศาลาเย็น,060366001291,870146_WSLYN,,
นครราชสีมา,14.984166,102.100555,AWN|NT|TUC,060363106154|060359052071,870149|870149,060366001292,870149_MSDMN,060364028522,NKRA075
นครราชสีมา,14.603055,101.365,AWN|NT,060363106155|060357084197,870232 ภูจันทรา เขาใหญ่)|870232 ภูจันทรา เขาใหญ่),060360257649,870232_PJDKY,,
นครราชสีมา,14.715,101.348333,AWN|NT,060363106156|060357084201,870236|870236 บ้านกอก-ปากช่อง,060360257651,870236_BKKPC,,
นครราชสีมา,14.735555,101.368888,AWN|NT,060363106157|060357084202,870237|870237 หนองกะโตวา-ปากช่อง,060360257652,870237_NTWPC,,
นครราชสีมา,14.918054,101.99111,AWN,060363106158|060358006513,870319 หนองขอน-อ่างห้วยยาง|870319 หนองขอน-อ่างห้วยยาง,,,,
นครราชสีมา,14.954166,102.095555,AWN|NT,060363106159|060359052073,870431 ศูนย์การเรียนรู้ ค่ายสุรนารี|870431 ศูนย์การเรียนรู้ ค่ายสุรนารี,060366001296,870431_SRLCT,,
นครราชสีมา,14.665,101.434444,AWN|NT,060363106160|060359017516,870467|870467 ปตท.หจก.ปากช่องไฮเวย์,060363058856,870467_PTPHW,,
นครราชสีมา,14.698055,101.408333,AWN|NT,060363106161|060359046647,870468 ปตท.บจ.โอเคปากช่อง|870468 ปตท.บจ.โอเคปากช่อง,060363058857,870468_PTOKP,,
นครราชสีมา,14.976943,102.159722,AWN|NT,060363106162|060358058110,870618 บ้านพระหมู่4-มะเริง|870618 บ้านพระหมู่4-มะเริง,060363058888,870618_BPMRG,,
นครราชสีมา,14.586944,101.373054,AWN|NT,060363106163|060360205726,871322 หนองมะกรูด-หนองน้ำแดง|871322 หนองมะกรูด-หนองน้ำแดง,060361127450,871322_NMKND,,
นครราชสีมา,14.908333,102.077221,AWN|NT,060363106164,871393,060366001315,871393_SOIRS,,
นครราชสีมา,14.541388,101.412222,AWN|NT,060363106165|060361172768,872249 เบลล์วิลล่ารีสอร์ท|872249เบลล์วิลล่ารีสอร์ท-เขาใหญ่),060364012945,872249_BVLRK,,
นครราชสีมา,14.989999,102.112777,AWN|NT,060363106167|060356001391,878057 สนามกีฬากลางนครราชสีมา|878057 สนามกีฬากลางนครราชสีมา,060360205060,878057_NMSDM,,
นครราชสีมา,14.6075,101.444444,AWN|NT,060363106168|060356012017,878242 โบนันซ่า เขาใหญ่)|878242 โบนันซ่า เขาใหญ่),060360257690,878242_BONZM,,
นครราชสีมา,14.583054,101.399444,AWN|NT,060363106169|060356002594,878265 วัดถ้ำเพชรพิมาน|878265 วัดถ้ำเพชรพิมาน,060360257693,878265_WTPMM,,
นครราชสีมา,14.569721,101.293333,AWN|NT,060363106170|060356012021,878377 เขาวงจันทร์ - โศกลึก|878377 เขาวงจันทร์ - โศกลึก,060360257696,878377_KWCSM,,
นครราชสีมา,14.884166,101.849444,AWN|NT,060363106171|060356012027,878468|878468 โรงงานซีเกท,060361127818,878468_SGFYM,,
นครราชสีมา,14.949166,102.085277,AWN|NT,060363106172|060357038318,878552|878552,060366001386,878552_CSDCM,,
นครราชสีมา,14.948888,102.091666,AWN|NT,060363106173|060357032174,878555|878555,060366001388,878555_AACAM,,
นครราชสีมา,14.711666,101.485277,AWN|NT,060363106174|060357032175,878556 ศูนย์ฝึกสุนัขทหาร-ปากช่อง|878556 ศูนย์ฝึกสุนัขทหาร-ปากช่อง,,,,
นครราชสีมา,14.540277,101.346666,AWN|NT,060363106175|060357055333,878571|878571,060360205113,878571_KSPCM,,
นครราชสีมา,14.749721,101.511944,AWN|NT|TUC,060363106176|060356012032,878573 วัดไตรรัตน์ อ.ปากช่อง|878573 วัดไตรรัตน์ อ.ปากช่อง,060360119866,878573_WTPCM,060367026884|060357067960,NKR0064|NKR0064
นครราชสีมา,14.985833,102.1,AWN|NT|TUC,060363106177|060359052084,878620|878620 มหาราช คาร์ปาร์ค,,,060366014080,NKR7158
นครราชสีมา,14.676943,101.367221,AWN|NT,060363106178|060357038162,878804|878804 คลองตาลอง-ปากช่อง,060361127842,878804_KTLPC,,
นครราชสีมา,14.592499,101.451111,AWN|NT,060363106179|060357055515,878908 หมู่บ้านโบนันซ่า-ปากช่อง|878908 หมู่บ้านโบนันซ่า-ปากช่อง,060360257725,878908_BNZPC,,
นครราชสีมา,14.932499,102.111111,AWN|NT|TUC,060363106180|060357055520,878948 หนองไผ่พัฒนา หมู่ 10|878948 หนองไผ่พัฒนา หมู่ 10,060360205146,878948_NPPTN,060358056808|060367030103,NKR1920|NKR1920
นครราชสีมา,14.914166,102.111944,AWN|NT,060363106181|060357084259,878976 หลัง อบต.โพธิ์กลาง|878976 หลัง อบต.โพธิ์กลาง,060360205616,878976_LOBTP,,
นครราชสีมา,15.02111,102.094721,AWN|NT,060363100145|060356003126,878300 วัดป่าหนองหญ้างาม|,060360118854,878300_WNGAM,,
นครราชสีมา,14.962222,102.113055,AWN|NT,060363100146|060356001408,878307 หัวทะเล|878307 หัวทะเล,060360205087,878307_HUTAM,,
นครราชสีมา,14.938888,102.041944,AWN|NT,060363100147|060356002595,878310 สนามกีฬาภาคตะวันออกเฉียงเหนือ|,060360118855,878310_NESDM,,
นครราชสีมา,14.574443,101.365,AWN|NT,060363100148|060356002596,878317 สักภูเดือนรีสอร์ท|,060360257694,878317_SPHDM,,
นครราชสีมา,14.717777,101.365,AWN|NT,060363100149|060356001831,878326 ภูตะวันรีสอร์ท|,060360257695,878326_PHWRM,,
นครราชสีมา,14.974443,102.11,AWN|NT,060363100150|060356003136,878345 วัดบูรณ์|878345 วัดบูรณ์,060360205090,878345_WBONM,,
นครราชสีมา,14.985555,102.111944,AWN|NT,060363100151|060356001592,878348 หน้าราชภัฏนครราชสีมา|878348 หน้าราชภัฏนครราชสีมา,060360205091,878348_FRCPM,,
นครราชสีมา,14.980832,102.080554,AWN|NT,060363100152|060356002597,878349 แป๊ะกู๋)|878349 แป๊ะกู๋),060360205092,878349_PAKHM,,
นครราชสีมา,15.035833,102.122777,AWN|NT,060363100153|060356001593,878350 บ้านระกาย|878350 บ้านระกาย,060360118860,878350_BRGUM,,
นครราชสีมา,14.977499,102.102222,AWN|NT,060363100154|060356003138,878351 โฟนลิ้งค์นครราชสีมา|878351 โฟนลิ้งค์นครราชสีมา,060360205093,878351_PLNKM,,
นครราชสีมา,14.92111,102.092777,AWN|NT,060363100155|060356002598,878355 หนองพุตซา|878355 หนองพุตซา,060360205095,878355_NGPSM,,
นครราชสีมา,14.993333,102.114722,AWN|NT,060363100156|060356003140,878356 ซอย 30 กันยา|878356 ซอย 30 กันยา,060360205096,878356_SKNYM,,
ชัยภูมิ,15.804722,102.031943,AWN|NT,060363087293|060357012617,877217แมนยูอพาร์ทเม้นท์|877217แมนยู อพาร์ทเม้นท์,060361144482,877217_MUAPM,,
ชัยภูมิ,15.795555,102.051666,AWN|NT,060363087294|060357072267,877221 บ.ข.ส.2 ชัยภูมิ|877221 บ.ข.ส.2 ชัยภูมิ,060361144483,877221_CYPBS,,
ชัยภูมิ,15.817221,102.048333,AWN|NT,060363087295|060358005284,877286ศาลเจ้าพ่ออวยรวย|877286 ศาลเจ้าพ่ออวยรวย-ชัยภูมิ,060361144485,877286_SCPAR,,
ชัยภูมิ,15.810277,102.035277,AWN|NT,060363087296|060358033257,877298 ซอยหินตั้ง2|877298 ซอยหินตั้ง2-ชัยภูมิ,060361144486,877298_SHTCY,,
ชัยภูมิ,15.793055,102.013055,AWN|NT,060363087297|060358033259,877300 ขี้เหล็กใหญ่)|877300ขี้เหล็กใหญ่-ชัยภูมิ,060361127683,877300_KLYCP,,
ชัยภูมิ,15.835833,102.057222,AWN|NT,060363087298|060359054577,877372 สุขสวัสดิ์-โพนทอง|877372 สุขสวัสดิ์-โพนทอง,060363059581,877372_SSWPT,,
ชัยภูมิ,15.795277,102.031943,AWN|NT,060363087299|060358078821,877390 ซอยอารีย์|877390 ซอยอารีย์-ชัยภูมิ,060363059583,877390_SARCP,,
ชัยภูมิ,15.798333,102.024166,AWN|NT,060363087300,877599,060366001376,877599_PYLWS,,
นครราชสีมา,14.980277,102.087499,AWN|NT,060363087301|060356011781,นครราชสีมา 3)|นครราชสีมา 3),060360205056,878016_SYMPM,,
นครราชสีมา,14.962777,102.070554,AWN|NT,060363087302|060356002583,878017|,060360205057,878017_NPLMM,,
นครราชสีมา,14.877221,102.029721,AWN|NT,060363087303|060356001389,878027 มหาวิทยาลัยสุรนารี 1|878027 มหาวิทยาลัยสุรนารี 1,060360205058,878027_SRNUM,,
นครราชสีมา,14.951944,102.121666,AWN|NT,060363087304|060356001390,878034 ร.ร.บุญวัฒนา|,060360068132,878034_BWTSM,,
นครราชสีมา,14.855833,102.070554,AWN|NT,060363087305|060356003101,878036สวนสัตว์นครราชสีมา|,060360068133,878036_NMAZM,,
นครราชสีมา,14.654166,101.311666,AWN|NT,060363087306|060356016219,878041 กลางดง|878041 กลางดง,060360068134,878041_KGDGM,,
นครราชสีมา,14.665277,101.419443,AWN|NT,060363087307|060356001821,878048 ตลาดปากช่อง|878048 ตลาดปากช่อง,060360068137,878048_TLPCM,,
นครราชสีมา,14.86,101.686388,AWN|NT|TUC,060363087308|060356016220,878049 สี่แยกสีคิ้ว|878049 สี่แยกสีคิ้ว,060360068138,878049_SYSKM,060362166850,NMA0433-U21
นครราชสีมา,14.967777,102.054166,AWN|NT,060363087309|060356002584,878058 บายพาส|,060360205061,878058_BNMAM,,
นครราชสีมา,14.977499,102.114166,AWN|NT,060363087310|060356001392,878059 ศาลาลอย|878059 ศาลาลอย,060360205062,878059_SLLIM,,
นครราชสีมา,14.973054,102.084166,AWN|NT,060363087311|060356002585,878060 หัวรถไฟ|878060 หัวรถไฟ,060360205063,878060_HRFIM,,
นครราชสีมา,14.535277,101.392499,AWN|NT,060363087312|060357038314,878062 จุลดิศ รีสอร์ท|878062 จุลดิศ รีสอร์ท,060363059777,878062_JDRSM,,
นครราชสีมา,14.6025,101.397777,AWN|NT,060363087313|060356002586,878063 บ้าน โป่งกระสัง|878063 บ้าน โป่งกระสัง,060360120847,878063_BPKSM,,
นครราชสีมา,15.000833,102.104444,AWN|NT,060363087314|060356001394,878066 บ้านประโดก|878066 บ้านประโดก,060360068139,878066_BPDKM,,
นครราชสีมา,14.976388,102.07361,AWN|NT,060363087315|060356001395,878068 โลตัส นครราชสีมา|878068 โลตัส นครราชสีมา,060360068140,878068_LTNMM,,
นครราชสีมา,14.905833,102.065,AWN|NT,060363087316|060356001396,878073|,060360068142,878073_KSPTM,,
นครราชสีมา,14.7,101.411388,AWN|NT,060363087317|060356016165,878080|878080ขนส่ง ปากช่อง,060360068145,878080_PCTTM,,
นครราชสีมา,14.94861,102.044721,AWN|NT,060363087318|060356051846,878081 การเคหะ นครราชสีมา|878081 การเคหะ นครราชสีมา,060360068146,878081_KKHNM,,
นครราชสีมา,14.990833,102.121666,AWN|NT,060363087319|060356011783,878083 โรงแรม รอยัลปริ้นเซส|878083 โรงแรม รอยัลปริ้นเซส,060360205064,878083_RYPCM,,
นครราชสีมา,14.95,102.106944,AWN|NT,060363087320|060356016222,878085 หนองปรือ|878085 หนองปรือ,060360205066,878085_NNPUM,,
นครราชสีมา,14.966943,102.092777,AWN|NT,060363087321|060356012013,878087 ค่ายสุรนารี|878087 ค่ายสุรนารี,060362226933,878087_KSNRM,,
นครราชสีมา,14.919999,101.961666,AWN|NT,060363087322|060356003106,878090 โคกกรวด|878090 โคกกรวด,060360120851,878090_KKRDM,,
นครราชสีมา,14.905555,102.156944,AWN|NT,060363087323|060356001397,878091นิคมอุตสาหกรรม|,060360257687,878091_NUKMM,,
นครราชสีมา,14.898888,101.902222,AWN|NT|TUC,060363087324|060356016224,878095 บ้านนา|878095 บ้านนา,060361179759|060360068148,NMA0549-L23|878095_BANNM,060360238037,NMA0549-U21
นครราชสีมา,14.99111,102.089999,AWN|NT,060363087325|060356047883,878096|878096 โรงพยาบาลเซนต์แมรี่),060360205068,878096_SMRHM,,
นครราชสีมา,14.891388,101.986944,AWN|NT,060363087326|060356027380,878097|878097 พัชชาแลนด์,060360068149,878097_PTCLM,,
นครราชสีมา,14.986666,102.100277,AWN|NT,060363087327|060356012014,878099|878099 รพ.มหาราช,060360205069,878099_MHRHM,,
นครราชสีมา,14.933888,101.995833,AWN|NT,060363087328|060356011943,878100 อ่างห้วยยาง|878100 อ่างห้วยยาง,060362219156|060360068150,NMA0431-L23|878100_AGHYM,,
นครราชสีมา,15.004166,102.138055,AWN|NT,060363087329|060356032346,878102 วัดบ้านเกาะ|878102 วัดบ้านเกาะ,060360068152,878102_WBKOM,,
นครราชสีมา,14.960833,102.081388,AWN|NT,060363087330|060356032347,878103 บุญดี พาวิลเลี่ยน|878103 บุญดี พาวิลเลี่ยน,060360205070,878103_BDPLM,,
นครราชสีมา,14.969721,102.141666,AWN|NT,060363087331|060356027381,878104 บ้านพะไล|878104 บ้านพะไล,060360068153,878104_BPLIM,,
นครราชสีมา,14.972777,102.074166,AWN|NT,060363087332|060356032348,878106 สวายเรียง|878106 สวายเรียง,060363059782,878106_SWRGM,,
นครราชสีมา,14.94861,102.155277,AWN|NT,060363087333|060356033935,878107 บ้านหนองตาคง|878107 บ้านหนองตาคง,060360068154,878107_BNTGM,,
นครราชสีมา,15.038333,102.098888,AWN|NT,060363087334|060356027383,878108 บ้านกรูด|878108 บ้านกรูด,060360257688,878108_BKRDM,,
นครราชสีมา,15.002222,102.058888,AWN|NT,060363087335|060356047884,878109 บ้านกรีน|878109 บ้านกรีน,060360068155,878109_BNGNM,,
นครราชสีมา,14.942777,102.064444,AWN|NT,060363087336|060356032349,878112 หนองจะบก|878112 หนองจะบก,060360068156,878112_NJBKM,,
นครราชสีมา,14.921943,102.102222,AWN|NT,060363087337|060356033936,878117 ชุมชนหลังค่าย|878117 ชุมชนหลังค่าย,060360205071,878117_CCLKM,,
นครราชสีมา,14.979443,102.064166,AWN|NT,060363087338|060356001399,878122 วัดโคกพรหม|878122 วัดโคกพรหม,060360120854,878122_WKPMM,,
นครราชสีมา,14.653055,101.356388,AWN|NT,060363087339|060356002588,878123 วัดถ้ำไตรรัตน์|878123 วัดถ้ำไตรรัตน์,060360119852,878123_WTTRM,,
นครราชสีมา,14.729443,101.442499,AWN|NT|TUC,060363087340|060356002589,878134 บ้านท่าเลื่อน|878134 บ้านท่าเลื่อน,060360068162,878134_BNTLM,060361191460|060367037235,NKR5821|NKR5821
นครราชสีมา,14.982221,102.109722,AWN|NT,060363087341|060356001825,878144 ราชภัฎนครราชสีมา|878144 ราชภัฎนครราชสีมา,060360205075,878144_RPNMM,,
นครราชสีมา,15.02861,102.139721,AWN|NT,060363087342|060356001587,878149 ตลาดจอหอ|878149 ตลาดจอหอ,060360120858,878149_TLJHM,,
นครราชสีมา,14.936666,102.033333,AWN|NT,060363087343|060356001402,878156|,060360205076,878156_BMIDM,,
นครราชสีมา,15.014166,102.127499,AWN|NT,060363087344|060356032351|060361180353|060361180379|060367072078,878180 ชุมสายนครราชสีมา|878180 ชุมสายนครราชสีมา|878180ห้องทดสอบอุปกรณ์-สำนักปฏิบัติการส่วนภูมิภาค|878180 ห้องฏิบัติการพิเศษ-สำนักปฏิบัติการส่วนภูมิภาค|878180 ห้องทดสอบอุปกรณ์-สำนักปฏิบัติการส่วนภูมิภาค ภาคตะวันออกเฉียงเหนือ,060360014277,878180_RONEM,,
นครราชสีมา,14.980554,102.097499,AWN|NT,060363087345|060356028973,878201 ไอทีพลาซ่า|878201 ไอทีพลาซ่า,060360205078,878201_ITPZM,,
นครราชสีมา,14.919166,102.063333,AWN|NT,060363100130|060356016225,878208 กองบินหนึ่ง|878208 กองบินหนึ่ง,060360068166,878208_KNBGM,,
นครราชสีมา,14.923888,102.168888,AWN|NT,060363100131|060357006685,878214 เขตอุตสาหกรรมสุรนารี|878214 เขตอุตสาหกรรมสุรนารี,060360068168,878214_KESRM,,
นครราชสีมา,14.975832,102.124999,AWN|NT,060363100132|060356027388,878227 ทุ่งสว่าง|878227 ทุ่งสว่าง,060360068172,878227_TUSWM,,
นครราชสีมา,14.881943,101.862222,AWN|NT,060363100133|060357045811,878229 หนองโสน|878229 หนองโสน,060360068173,878229_NSNWM,,
นครราชสีมา,14.968888,102.036666,AWN|NT,060363100134|060356049973,878230 บ้านใหม่)|878230 บ้านใหม่),060360205080|060361113998,878230_BAMIM|NMA0114-L23,,
นครราชสีมา,14.875554,102.019166,AWN|NT,060363100135|060357032166,878240 อาคารเครื่องมือ|878240 อาคารเครื่องมือ,060363101404,878240_AKRMM,,
นครราชสีมา,15.044999,102.137221,AWN|NT,060363100136|060356001590,878243 ขนส่ง จอหอ|878243 ขนส่ง จอหอ,060362226942,878243_JHTSM,,
นครราชสีมา,14.979166,102.102222,AWN|NT,060363100137|060356003123,878254 วัดพายัพ|878254 วัดพายัพ,060360205082,878254_WPYPM,,
นครราชสีมา,14.964722,102.084166,AWN|NT,060363100138|060356002592,878255 โรงพยาบาลค่ายสุรนารี|,060360205083,878255_KSNHM,,
นครราชสีมา,14.701666,101.415833,AWN|NT,060363100139|060356001826,878256กองวัคซีน|,060361127795,878256_KVCCM,,
นครราชสีมา,14.953333,102.035833,AWN|NT,060363100140|060356001406,878257 โรงเรียนราชสีมาวิทยาลัย|,060360205084,878257_RCMSM,,
นครราชสีมา,14.718054,101.43361,AWN|NT,060363100141|060356001828,878259 ตลาดหนองสาหร่าย|878259 ตลาดหนองสาหร่าย,060360257691,878259_TLNSM,,
นครราชสีมา,14.987777,102.106944,AWN|NT,060363100142|060356051849,878260 หน้าสนามกีฬา|878260หน้าสนามกีฬา,060360205085,878260_FOSTM,,
นครราชสีมา,14.992777,102.099721,AWN|NT,060363100143|060357003212,878273 หน้าแมคโคร|878273 หน้าแมคโคร,060360205086,878273_FOMCM,,
นครราชสีมา,14.882499,102.066943,AWN|NT,060363100144|060356033387,878279 หมู่บ้านแลนด์แอนด์เฮาส์|878279หมู่บ้านแลนด์แอนด์เฮาส์,060361144493,878279_LANHM,,
ชัยภูมิ,16.339444,102.236666,AWN,060363034762,807071หนองงูเหลือม-ภูเขียว,,,,
นครราชสีมา,15.472221,102.102777,AWN,060363034772|060366037532,874537 ดอนทะแยง-คง|874537 ดอนทะแยง-คง,,,,
ชัยภูมิ,16.309166,101.966111,AWN,060363008433|060366037527,807070โนนมะค่าง-เกษตรสมบูรณ์|807070,,,,
นครราชสีมา,14.873332,101.712777,AWN|NT,060363008434|060363087250,874450บ้านศาลสถิตย์หมู่ 9-สีคิ้ว|874450,060366001353,874450_SSTSK,,
นครราชสีมา,15.163611,102.095277,AWN|NT,060363008435|060366005022,874535 บ้านโคก-โนนไทย|874535 บ้านโคก-โนนไทย,060366002716,874535_KONOT,,
นครราชสีมา,14.685555,102.145833,AWN,060363008436,874539 ท่าลาดขาว-โชคชัย,,,,
ชัยภูมิ,16.485833,102.022777,AWN,060363058325,807072,,,,
ชัยภูมิ,15.822499,101.435833,AWN|TUC,060363058326,807073,,,060368044293,CYPS006
นครราชสีมา,14.556944,101.42111,AWN|NT,060363058329,874533,060366002715,874533_RPTNP,,
นครราชสีมา,15.169999,101.928054,AWN,060363058330,874538,,,,
นครราชสีมา,14.671666,101.879721,AWN,060363058331,874546,,,,
นครราชสีมา,15.22611,102.569166,AWN|NT,060363058332,874548,060366002717,874548_PSPMI,,
นครราชสีมา,14.932499,102.189999,AWN|NT,060363058333,874550,060367058293,874550_TCNKR,,
นครราชสีมา,14.755,102.34611,AWN|NT,060363058334,874551,060366002718,874551_PNRNB,,
นครราชสีมา,14.629999,101.935555,AWN,060363058335,874552 วัดป่าสำราญธรรม,,,,
นครราชสีมา,14.980554,102.1025,AWN|NT,060363005078|060368048069,871951 โรงเรียนสุรนารีวิทยา|871951 โรงเรียนสุรนารีวิทยา,060363122942,871951_SRNWW,,
นครราชสีมา,14.832221,101.566666,AWN,060363005079,874442,,,,
นครราชสีมา,14.967221,102.066111,AWN|NT,060360136764|060363087234,871162 สถานีปั้มบางจาก สืบศิริ|871162 สถานีปั้มบางจาก,060363059227,871162_BCSSR,,
นครราชสีมา,15.185833,102.259166,AWN|TUC,060360136805|060364151686,870179 โนนสูง-ดีแทค|870179 โนนสูง-ดีแทค,,,060356033789,NMA0032-U21
นครราชสีมา,14.659444,101.385833,AWN|TUC,060360136806|060368017209,ร่วมดีแทค)|ร่วมสถานีฐานดีแทค),,,060356032868,
นครราชสีมา,15.547499,102.552222,AWN|TUC,060360136807,870522 โพนทอง-สีดา,,,060356035127,NMA0024-U21
นครราชสีมา,14.886666,101.824443,AWN|TUC,060360136808|060365115463,870524สูงเนิน-นครราชสีมา|870524,,,060357061992,NMA0006-U21
นครราชสีมา,15.242499,102.388055,AWN,060360136809,871023 หนองแหน-ธารปราสาท,,,,
นครราชสีมา,14.738055,102.361666,AWN|NT|TUC,060360136810|060366005020,871030หนองบุญมาก-หนองหัวแรด|871030 หนองบุญมาก-หนองหัวแรด,060367035770|060366005194,NMA0034-U21|871030_NBMHR,060356035480,NMA0034-U21
นครราชสีมา,14.866388,101.708888,AWN|TUC,060360136811,871304 มิตรภาพ-สีคิ้ว,,,060356031708,NMA0007-U21
นครราชสีมา,14.471388,102.119721,AWN,060360136812,871330 หาดจอมทอง-ครบุรี,,,,
นครราชสีมา,14.950833,101.4575,AWN,060360136813,871476 สีคิ้ว-หนองน้ำใส,,,,
ชัยภูมิ,16.39861,102.131943,AWN|NT,060360136816|060367029013,877464 หนองเซียงชา-ผักปัง|877464 หนองเซียงชา-ผักปัง,060361160319,CPM0086-L23,,
ชัยภูมิ,15.788333,101.96,AWN|TUC,060360136817|060369024851,877527 ชีลอง-เมืองชัยภูมิ|877527 ชีลอง-เมืองชัยภูมิ,,,060356032887,CPM0061-U21
ชัยภูมิ,15.39861,101.480832,AWN|NT,060360136818,877528 วังมน-วะตะแบก,060366005253,877528_WMWTB,,
ชัยภูมิ,16.506666,101.689444,AWN,060360136819,877533 ด่านปางม่วง ทางเข้าทุ่งกระมัง,,,,
ชัยภูมิ,16.43361,101.796944,AWN,060360136820,877534 สถานีพัฒนาและส่งเสริมการรักษาสัตว์ป่าห้วยกุ่ม,,,,
ชัยภูมิ,16.493333,101.715,AWN,060360136821,877603 สถานีเพาะเลี้ยงสัตว์ป่าภูเขียว,,,,
นครราชสีมา,14.96,102.048888,AWN,060360100173|060366071242,870183 สะพานสูง-แยกปักธงชัย|870183 สะพานสูง-แยกปักธงชัย,,,,
นครราชสีมา,14.910277,102.07111,AWN|NT,060360100174|060367122532,870839 โรงเรียนสุระธรรมพิทักษ์|870839 โรงเรียนสุระธรรมพิทักษ์,060366001301,870839_SRTPS,,
นครราชสีมา,14.750555,102.036944,AWN|NT,060360100175|060359051988,871020 เทสโก้ โลตัส สาขาป่าติ้ว|4) ปักธงชัย,060363058877,870532_PPKPT,,
นครราชสีมา,14.943055,102.009722,AWN|TUC,060360100176,871033 ยางใหญ่-เมืองนครราชสีมา,,,060357000928,NMA0353-U21
นครราชสีมา,14.981666,102.084166,AWN|NT,060360100177,871158 ซอยวัดท่าตะโก-โคราช,060363059225,871158_SWTKR,,
นครราชสีมา,14.985277,102.1,AWN|NT,060360100179,871260 อาคารหลวงพ่อกัณหา สุขกาโม รพ.มหาราชนครราชสีมา,060366001304,871260_LPGHN,,
นครราชสีมา,14.951666,102.013055,AWN|NT,060360100180|060363087237,871261 วิทยาลัยนครราชสีมา|871261 วิทยาลัยนครราชสีมา,060363101387,871261_NRCLG,,
นครราชสีมา,14.987777,102.120554,AWN|NT,060360100181,วิทยาเขตนครราชสีมา),060366002616,871267_FADRU,,
นครราชสีมา,14.986388,102.118888,AWN|NT,060360100182,วิทยาเขตนครราชสีมา),060366001305,871267_FBARU,,
นครราชสีมา,14.987777,102.121388,AWN|NT,060360100183,วิทยาเขตนครราชสีมา),060366002617,871267_FEARU,,
นครราชสีมา,14.989999,102.120554,AWN|NT,060360100184,วิทยาเขตนครราชสีมา),060366002618,871267_FEMRU,,
นครราชสีมา,14.986944,102.120277,AWN|NT,060360100185,วิทยาเขตนครราชสีมา),060366002619,871267_FFIRU,,
นครราชสีมา,14.541666,101.374166,AWN|NT,060360100186|060363087238,871272 ในโรงแรม กรีนเนอรี่ รีสอร์ท-เขาใหญ่)|871272 โรงแรม กรีนเนอรี่ รีสอร์ท,060363101388,871272_GNRKY,,
นครราชสีมา,14.540277,101.375554,AWN|NT,060360100187,871272 กรีนเนอรี่-ห้องประชุม,060363059239,871272_GNRMT,,
นครราชสีมา,14.540833,101.375554,AWN|NT,060360100188,871272 กรีนเนอรี่-ข้างสไลด์เดอร์,060363059240,871272_GNRNS,,
นครราชสีมา,14.538055,101.377221,AWN|NT,060360100189,871273 สวนน้ำ เดอะ ซีนิคอล เวิลด์-เขาใหญ่),060364012932,871273_SNCKY,,
นครราชสีมา,14.539166,101.379166,AWN|NT,060360100190,871273 เดอะ ซีนิคอล เวิลด์-สไลด์เดอร์,060364012933,871273_SNCWS,,
นครราชสีมา,14.536944,101.37861,AWN|NT,060360100191,871273 เดอะ ซีนิคอล เวิลด์-ทางเข้าสวนน้ำ,060363059241,871273_SNWET,,
นครราชสีมา,14.539444,101.376666,AWN|NT,060360100192,871273 เดอะ ซีนิคอล เวิลด์-ข้างบ้านพัก,060364012934,871273_SNWVL,,
นครราชสีมา,14.97361,102.081943,AWN|NT|TUC,060360100193,871319 อาคารมีฟ้าเซนเตอร์-หัวรถไฟ,060368039529|060363059246,NKR8717|871319_MFHRF,060359132980|060365054707,NKR8717|NKR8717
นครราชสีมา,14.881943,102.014444,AWN|NT,060360100194,871328 อาคารเรียนรวม 2-มทส.,060366001307,871328_CRBDS,,
นครราชสีมา,14.895833,102.015277,AWN|NT,060360100195,871328 หอพัก S2,060366002623,871328_DMTRY,,
นครราชสีมา,14.876666,102.015555,AWN|NT,060360100196,871328 อาคาร F9-มทส.,060366001308,871328_FTWSU,,
นครราชสีมา,14.896388,102.012777,AWN|NT,060360100197,871328 หน้าโรงอาหารกาสะลอง-มทส.,060366002624,871328_KSLCF,,
นครราชสีมา,14.879721,102.020832,AWN|NT|TUC,060360100198,871328 อาคารผู้บริหาร-มทส.,060366001309,871328_MNGTW,060368195882,NKRC092
นครราชสีมา,14.898333,102.013333,AWN|NT,060360100199,871328 บริเวณหอพัก S6-มทส.,060366002625,871328_SDMSU,,
นครราชสีมา,14.898055,102.010555,AWN|NT|TUC,060360100200|060367061535,871328 บริเวณหอพัก S12-มทส.|871328 บริเวณหอพัก S12-มทส.,060366001310,871328_SDORY,060366059399,NKRA054
นครราชสีมา,14.9625,102.043055,AWN|NT,060360100260|060363087230,870992 บ้านภูมิสิริ-ซอยธานนท์|870992 บ้านภูมิสิริ,060361127445,870992_PSRTN,,
นครราชสีมา,14.358333,101.897221,AWN,060359028858,870748 สตาร์เวลล์ การ์เด้นท์โฮม-ไทยสามัคคี,,,,
นครราชสีมา,15.534444,102.715,AWN|NT,060359028859,870793 โรงพยาบาลประทาย,060366000669,870793_PTHPT,,
นครราชสีมา,14.361388,101.757222,AWN,060359028860,871047 บ้านคลองทราย-วังน้ำเขียว,,,,
นครราชสีมา,14.553055,102.204166,AWN|NT,060359028861,871052 บ้านนรากร อรพิม-ครบุรี,060366000692,871052_BNRKB,,
นครราชสีมา,14.421666,102.42361,AWN|NT,060359028862,871053 หนองไฝ่ใหญ่-เสิงสาง,060366000693,871053_NFYSG,,
นครราชสีมา,15.421666,101.977499,AWN,060359028863,871054 บ้านโกรกมะขามป้อม-พระทองคำ,,,,
นครราชสีมา,15.258888,102.61861,AWN|NT,060359028864,871055 หนองปรือ-พิมาย,060363059199,871055_NGPMI,,
นครราชสีมา,14.969999,102.104444,AWN|NT,060359028865,871056 ใกล้วัดสระแก้ว-โคราช,060363059200,871056_NWSKR,,
นครราชสีมา,14.974721,102.107222,AWN|NT,060359028866,871057 ใกล้วัดพระนารายณ์มหาราช,060363059201,871057_NWPNR,,
นครราชสีมา,14.99111,102.107222,AWN|NT,060359028867,871058 ฟาร์มทหารผ่านศึก-กีฬากลางซอย 5,060363059202,871058_FTHKS,,
นครราชสีมา,15.040277,102.702222,AWN|NT,060359028868,871059 ชุมชนบ้านนาตระคุ-ห้วยแถลง,060363059203,871059_CTKHL,,
นครราชสีมา,14.958888,102.115833,AWN|NT,060359028869,871060 หัวทะเลซอย 4,060363059204,871060_HTLES,,
นครราชสีมา,15.634721,102.413611,AWN|NT,060359028870,871061 บ้านหนองเม็ก-บัวใหญ่),060363059205,871061_BNMBY,,
นครราชสีมา,14.791388,102.182499,AWN|NT,060359028871,871063 ชุมชนหมู่บ้านดอนพราม-โชคชัย,060363059206,871063_CDPMC,,
นครราชสีมา,15.316943,102.920832,AWN,060359028872,871065 หนองจาน-ลำทะเมนชัย,,,,
นครราชสีมา,14.422499,102.375554,AWN|NT,060359028873,871066 ตรงข้ามบริษัทวีพีสตาร์ซ-เสิงสาง,060366000695,871066_BVPSG,,
นครราชสีมา,14.669721,101.395277,AWN|NT,060359028874,871068 ป.ต.ท.ในตลาดปากช่อง,060363059207,871068_PTTPC,,
นครราชสีมา,14.429166,101.834999,AWN,060359028875|060367085427,871076 วัดบ้านน้ำซับ-วังน้ำเขียว|871076 วัดบ้านน้ำซับ-วังน้ำเขียว,,,,
นครราชสีมา,14.989999,102.259166,AWN|NT,060359028876|060367085430,871082 บ้านโนนไม้แดงเหนือ-เฉลิมพระเกีรติ|871082 บ้านโนนไม้แดงเหนือ-เฉลิมพระเกีรติ,060364056487,871082_BNMDN,,
นครราชสีมา,14.544166,101.723888,AWN,060359028877,871093 บ้านคลองกุ่ม-วังน้ำเขียว,,,,
นครราชสีมา,15.210555,102.49611,AWN|NT,060359028878|060366071243,871094 ในวิทยาลัยการอาชีพพิมาย|871094 ในวิทยาลัยการอาชีพพิมาย,060366000700,871094_PMCEC,,
นครราชสีมา,15.177777,102.806111,AWN|NT,060359028879,871095 บ้านหนองแวงใหญ่-ตำบลตลาดไทร,060366002608,871095_BWYTS,,
นครราชสีมา,15.531943,102.667499,AWN|NT,060359028880,871096 บ้านหนองแวง-ประทาย,060363059211,871096_BNWPT,,
นครราชสีมา,14.520277,101.752222,AWN,060359028881|060367037555,871109 บ้านวังขอน-วังน้ำเขียว|871109 บ้านวังขอน - วังน้ำเขียว,,,,
นครราชสีมา,14.709166,101.837499,AWN,060359028882,871133 โรงเรียนบ้านห้วยไผ่-สูงเนิน,,,,
ชัยภูมิ,15.589444,101.604444,AWN,060359028883,877338 ตลุกคูณ - ซับใหญ่),,,,
ชัยภูมิ,15.813055,102.016388,AWN|NT,060359028884,877347 วิทยาลัยเทคนิคชัยภูมิ-อาคารช่างก่อสร้าง,060366000773,877347_CYTCC,,
ชัยภูมิ,16.386944,101.56861,AWN,060359028885,877380ศูนย์รักษาพันธุ์สัตว์ป่าภูเขียว-ทุ่งกระมัง,,,,
ชัยภูมิ,15.909722,101.834166,AWN,060359028886|060367076561,877459 บ้านแก้งยาง-บ้านเขว้า|877459 บ้านแก้งยาง - บ้านเขว้า,,,,
ชัยภูมิ,15.82611,101.458611,AWN|NT,060359028887,877463 ตลาดโปร่งนก-เทพสถิต,060366000779,877463_TPNTS,,
ชัยภูมิ,15.749721,102.039999,AWN|NT,060359028888|060367085441,877469 บ้านโนนสมบูรณ์-ชัยภูมิ|877469 บ้านโนนสมบูรณ์-ชัยภูมิ,060364056496,877469_NSBCP,,
ชัยภูมิ,15.579443,101.825554,AWN|NT,060359028889|060367085442,877470บ้านตลาดหมู่13-ตำบลกุดน้ำใส|877470 บ้านตลาด หมู่13-ตำบลกุดน้ำใส,060364056497,877470_BTLNS,,
นครราชสีมา,14.88861,102.506944,AWN,060359028890|060367072666,878536 สี่แยกหนองคุ้มจักราช|878536 สี่แยกหนองคุ้มจักราช,,,,
นครราชสีมา,14.945833,102.039166,AWN|NT,060360270437|060365115461,870299 มิตรภาพ ซอย19|870299 มิตรภาพ ซอย19,060364012908,870299_TMTPS,,
นครราชสีมา,14.864166,102.035555,AWN|NT,060360270438|060363131309,870824 โรงพยาบาลมหาวิทยาลัยเทคโนโลยีสุรนารี|870824 โรงพยาบาลมหาวิทยาลัยเทคโนโลยีสุรนารี,060363101385,870824_SRUHP,,
ชัยภูมิ,16.410277,101.793055,AWN,060360270439,877605 เขื่อนห้วยกุ่ม-เกษตรสมบูรณ์,,,,
นครราชสีมา,15.290555,102.871388,AWN,060360206355,871377 มาบป่าแดง-ช่องแมว,,,,
นครราชสีมา,15.224443,102.817499,AWN|NT,060360206356,871407 โนนรัง-ชุมพวง,060366005219,871407_NRCPG,,
นครราชสีมา,15.272499,101.605277,AWN|NT,060360206357|060366008278,871408 ถนอมเขต-บึงปรือ|871408 ถนอมเขต-บึงปรือ,060366005220,871408_TNKBP,,
นครราชสีมา,14.550555,102.407222,AWN|NT,060360206358|060367028997,871409 สระว่านพระยา-ครบุรี|871409 สระว่านพระยา-ครบุรี,060366005221,871409_SWYKB,,
นครราชสีมา,15.166666,101.609166,AWN|NT|TUC,060360206359|060367031326,871410 ท่าขี้เหล็ก-หินดาด|871410 ท่าขี้เหล็ก-หินดาด,060366005222,871410_TKLHD,060360238069,NMA0467-U21
นครราชสีมา,15.129166,101.916111,AWN|NT,060360206360|060367028998,871517 วัง-โนนไทย|871517 วัง-โนนไทย,060366005223,871517_WGNTM,,
นครราชสีมา,14.554444,102.296944,AWN|NT,060360206361|060367028999,871518 หนองรัง-มาบตะโกเอน|871518 หนองรัง-มาบตะโกเอน,060367091120,871518_NRMTN,,
ชัยภูมิ,15.774999,101.717777,AWN|NT,060359186980|060365079508,877583 บ้านโคกสะอาด-หนองบัวระเหว|877583,060364012983,877583_BKSNW,,
นครราชสีมา,15.620277,102.450833,AWN|NT,060359186989|060359059427,871431ชุมชนบ้านหนองแวง-เนินสวัสดิ์|871255 หนองแวง-เนินสวัสดิ์-บัวใหญ่),060363059256,871431_CNWNB,,
นครราชสีมา,15.695555,102.264166,AWN|NT,060359186990,871526 หนองขามน้อย-แก้งสนามนาง,060366000720,871526_NNKSN,,
นครราชสีมา,15.485833,102.328054,AWN|NT,060359186991,871527 เก่าค้อ-คง,060366002640,871527_GKOKO,,
นครราชสีมา,15.777777,102.316388,AWN|NT,060359186992,871528 หนองโสมง-แก้งสนามนาง,060363059263,871528_NSKSN,,
นครราชสีมา,15.725832,102.261111,AWN|NT,060359186993,871529 หนองบงฯ,060363059264,871529_NBKSN,,
นครราชสีมา,15.27111,101.649444,AWN,060359186994,871537บ้านหนองมะค่า-ด่านขุนทด,,,,
นครราชสีมา,15.347221,101.481388,AWN,060359186995,,,,,
นครราชสีมา,15.466111,102.173332,AWN,060359186996|060367055409,871539 บ้านหนองพลวงฯ|871539 บ้านหนองพลวง-เมืองคง,,,,
นครราชสีมา,14.457222,102.461388,AWN,060359186997|060367051022,871540 หนองไผ่น้อย หมู่7ฯ|871540 หนองไผ่น้อย หมู่ 7-เสิงสาง,,,,
นครราชสีมา,15.187777,101.684721,AWN,060359186998,871541 บ้านกุดโดก-ด่านขุนทด,,,,
นครราชสีมา,15.146666,101.795833,AWN,060359186999,871542 บ้านใหม่-ด่านขุนทด,,,,
นครราชสีมา,15.250277,101.479999,AWN|NT,060359187052|060365083188,871506 วัดโนนเต็ง-เทพารักษ์|871506 วัดโนนเต็ง-เทพารักษ์,060366002638,871506_WNTTP,,
นครราชสีมา,14.633888,101.235277,AWN|NT,060359054539,870469 ปตท.หจก.รุ่งเรืองกิจเกษมปิโตเลียม,060363058858,870469_PTRKK,,
นครราชสีมา,15.320832,102.435277,AWN|NT,060359054540|060366005013,สาขา)คง|870471,060363058860,870471_PTOKG,,
นครราชสีมา,14.986388,102.051666,AWN|NT,060359054541,870499 ปตท.หจก.พงษ์กิตบายพาส,060363058866,870499_PTPKB,,
นครราชสีมา,14.372221,101.863611,AWN|NT,060359054542,870530 สน.ปตท.บจก.มุ่งปั้นดี,060366000651,870530_PMPDI,,
นครราชสีมา,15.196666,102.108333,AWN|NT|TUC,060359054543|060365061807,870597 ตะคร้อ-โนนไทย|870597 ตะคร้อ-โนนไทย,060360068101,870597_TKRNT,060362166856,NMA0748-U21
นครราชสีมา,15.284721,102.0075,AWN|NT,060359054544|060365069260,870598 พังเทียม-พระทองคำ|870598พังเทียม-พระทองคำ,060361127419,870598_PTPTK,,
นครราชสีมา,15.150277,102.481943,AWN|NT,060359054545|060363120355,870610 จำนงค์ภูมิเวทย์-พิมาย|870610,060363058886,870610_JNPWP,,
นครราชสีมา,15.18361,102.501388,AWN|NT,060359054546|060365068528,870611 บ้านวังหิน-พิมาย|870611 บ้านวังหิน-พิมาย,060366000655,870611_BWHPM,,
นครราชสีมา,15.316111,101.713888,AWN|NT,060359054547|060365079478,870613หลังอบต.หนองกราด-ด่านขุนทด|870613,060361127422,870613_BNKDT,,
นครราชสีมา,15.368332,101.618332,AWN|NT,060359054548|060365096433,870615 บ้านใหม่ชัยมงคล-ด่านขุนทด|870615,060361127423,870615_BMCDK,,
นครราชสีมา,15.047221,102.171943,AWN|NT|TUC,060359054549|060365079479,870617 หนองตาคลองหมู่7-ตลาด|870617,060361127424|060362219159,870617_NTKTL|NMA0775-L23,060362166754,NMA0775-U21
นครราชสีมา,14.989166,102.043055,AWN|NT,060359054550|060363087213,870620 คนชุมหมู่1-ปรุใหญ่)|870620 คนชุมหมู่1-ปรุใหญ่),060360068102,870620_KCMPY,,
นครราชสีมา,15.294999,101.854722,AWN|NT,060359054552,870644 สระสมบูรณ์-ด่านขุนทด,060361127429,870644_SBDKT,,
นครราชสีมา,15.298333,101.640833,AWN|NT,060359054553|060366005015,870645 โนนสง่า-ด่านขุนทด|870645 โนนสง่า-ด่านขุนทด,060361127430,870645_NSGDK,,
นครราชสีมา,15.082221,102.33611,AWN|NT,060359054554|060366005016,870646 มะค่าป่ารัง-โนนสูง|870646 มะค่าป่ารัง-โนนสูง,060360068103,870646_MKPRN,,
นครราชสีมา,15.181388,102.185555,AWN|NT,060359054555|060366072562,870649 คล้า-โนนสูง|870649 คล้า-โนนสูง,060361127432,870649_KLANS,,
นครราชสีมา,14.939444,101.887777,AWN|NT,060359054556,โค้งยาง),060360120815,870657_NKSNN,,
นครราชสีมา,15.232221,102.236666,AWN|NT,060359054557,870693 คอหงษ์-โนนสูง,060361127435,870693_KHNSG,,
นครราชสีมา,15.227221,102.291388,AWN|NT,060359054558,870694 ดงพลอง,060361127436,870694_DGPNG,,
นครราชสีมา,15.07111,102.394999,AWN|NT,060359054559|060365061809,870715 หนองพลวง-จักราช|870715 หนองพลวง-จักราช,060360068105,870715_NPCKR,,
นครราชสีมา,15.749166,102.318888,AWN|NT,060359054560|060366005019,870733 โนนสำราญ-แก้งสนามนาง|870733 โนนสำราญ-แก้งสนามนาง,060363058900,870733_NSRKS,,
นครราชสีมา,15.216111,102.493055,AWN|NT,060359054561|060366071223,870745 หน้าโรงเรียนพิมายวิทยา|800356 หน้าโรงเรียนพิมายวิทยา-พิมาย,060363058901,870745_FPMWS,,
นครราชสีมา,14.713888,101.419721,AWN|NT,060359054562,870770หลังเทคโนพาณิชยการ ปากช่อง,060363105889,870770_BPKCL,,
นครราชสีมา,14.715,101.437499,AWN|NT,060359054563,870771 หน้าโรงเรียนปากช่อง,060360193501,870771_IPCSC,,
นครราชสีมา,15.000833,102.108055,AWN|NT,060359054564,870772 หอพักสตรีโชคเจริญทรัพย์,060360193502,870772_CRSDM,,
นครราชสีมา,14.989721,102.060555,AWN|NT,060359054565,870773 หน้าดิเวนิสพาร์คโคราช,060363105890,870773_TVNPK,,
นครราชสีมา,15.030554,102.13861,AWN|NT,060359054566,870774 ภูศิริศักดิ์ อพาร์ทเม้นท์-จอหอ,060363105891,870774_PSRJH,,
นครราชสีมา,15.011666,101.801666,AWN|NT,060359054568,870785 สัมกบงาม-สูงเนิน,060366000668,870785_SKBNG,,
นครราชสีมา,14.963055,102.145833,AWN,060359000881,870766 ธนาพูน 2-หัวทะเล,,,,
นครราชสีมา,15.450833,102.965,AWN|NT,060359000882|060365087587,870767 กระเบื้องนอก-เมืองยาง|870767กระเบื้องนอก-เมืองยาง,060361127437,870767_KBMYG,,
นครราชสีมา,15.460555,102.595277,AWN|NT,060359000883|060365079483,870768 หนองบัวน้อย-โนนแดง|870768,060361127438,870768_NBNDG,,
นครราชสีมา,15.687221,102.400833,AWN|NT,060359000885|060365089592,870779 หนองหว้าเอน-บัวใหญ่)|870779 หนองหว้าเอน-บัวใหญ่),060360192542,870779_NWABY,,
นครราชสีมา,15.603611,102.426666,AWN|NT,060359000886|060367055406,870780 ป่าตอง-บัวใหญ่)|870780 ป่าตอง-บัวใหญ่),060360120820,870780_PTGBY,,
นครราชสีมา,15.4075,102.676666,AWN|NT,060359000887|060365096435,870781 โนนโชงโลง-พิมาย|870781 โนนโชงโลง-พิมาย,060360120821,870781_NCGLG,,
นครราชสีมา,15.356666,102.876943,AWN|NT,060359000888,870782 หนองสะแก-ลำทะเมนชัย,060360120822,870782_NSKLC,,
นครราชสีมา,14.658611,101.370554,AWN|NT,060359000889|060363087221,870783 ซับหวาย-ปากช่อง|870783 ซับหวาย-ปากช่อง,060363059133,870783_SBWPC,,
นครราชสีมา,14.856666,101.666388,AWN|NT,060359000890|060367001275,870784ด่านตรวจยาเสพติด-สีคิ้ว|870784 ด่านตรวจยาเสพติด-สีคิ้ว,060360068108,870784_DTYSK,,
นครราชสีมา,15.054722,102.135277,AWN|NT,060359000891|060363087222,870787 บึงทับช้าง-จอหอ|870787 บึงทับช้าง,060360193503,870787_BTCJH,,
นครราชสีมา,14.958055,102.108333,AWN,060359000892,870788 หนองโสน-โพธิ์กลาง,,,,
นครราชสีมา,15.032777,102.129999,AWN|NT,060359000893|060363087223,870789 อรพิมซอย 11|870789 อรพิมซอย 11,060360068109,870789_ORPMS,,
นครราชสีมา,14.981388,102.061944,AWN|NT,060359000894|060363087224,870790 มิตรภาพซอย 4|870790 มิตรภาพซอย 4,060360193504,870790_MITPS,,
นครราชสีมา,14.999721,102.095555,AWN|NT,060359000895|060363087225,870795 โคกไผ่ หมู่6|870795โคกไผ่ หมู่ 6,060360068110,870795_KPIMU,,
นครราชสีมา,14.897221,101.905555,AWN,060359000896|060363087226,870797 โรงงานทิปโก้-สูงเนิน|870797 โรงงานทิปโก้),,,,
นครราชสีมา,14.844721,102.191666,AWN|NT,060359000897|060363137345,870798 ด่านเกวียน-โชคชัย|870798 ด่านเกวียน-โชคชัย,060361105099,870798_DKWCC,,
นครราชสีมา,14.439444,101.844166,AWN,060359000898,870799 น้ำซับ-วังน้ำเขียว,,,,
นครราชสีมา,14.402222,101.863611,AWN,060359000899,870801 ปฏิรูปหมู่ 3-วังน้ำเขียว,,,,
นครราชสีมา,15.198055,101.474721,AWN|NT,060359000900|060365089596,870804 ซับพลู-ด่านขุนทด|870804 ซับพลู-ด่านขุนทด,060360120823,870804_SPUDK,,
นครราชสีมา,15.294999,101.891388,AWN|NT,060359000901|060365096436,870805 โนนเมือง-ด่านขุนทด|870805,060361127440,870805_NMDKT,,
นครราชสีมา,15.732777,102.29111,AWN|NT,060358069155|060367037553,870445 โรงงานน้ำตาลแก้งสนามนาง|870445 โรงงานน้ำตาลแก้งสนามนาง,060366002595,870445_KSNGF,,
นครราชสีมา,14.986944,102.093055,AWN|NT,060358069156,870458 โรงพยาบาลเซนต์เมรี่โคราช,060363058852,870458_SMRKR,,
นครราชสีมา,14.755833,102.265,AWN|TUC,060358069157|060369006240,870520 บ้านกอโจด-โชคชัย|870520 บ้านกอโจด-โชคชัย,,,060356035092,NMA0059-U21
นครราชสีมา,14.716943,102.147221,AWN|NT,060358069158,870521 พลับพลา-โชคชัย,060361156467,NMA0288-L23,,
นครราชสีมา,15.63861,102.573054,AWN|NT,060358069159,870523 บ้านหนองแวง-บัวลาย,060361186641,NMA0068-L23,,
นครราชสีมา,15.279721,102.300277,AWN,060358069160,870525 บ้านมะค่า-โนนสูง,,,,
นครราชสีมา,15.064444,102.18361,AWN,060358069161,870526 ข้าง ว.เทคโนโลยีอาชีวศึกษานครราชสีมา,,,,
ชัยภูมิ,15.752222,101.761944,AWN,060358069165,877393 ชุมชนบ้านหนองบัวระเหว,,,,
ชัยภูมิ,15.767499,101.678888,AWN|NT,060357072763|060365103302,877151 บ้านกระจวน หนองบัวระเหว|877151 บ้านกระจวน หนองบัวระเหว,060366000763,877151_KJNBM,,
นครราชสีมา,14.731666,101.316111,AWN|NT,060357072764,878564 ไทยเจริญปากช่อง,060366000815,878564_TCRPM,,
นครราชสีมา,14.969721,102.267777,AWN|NT,060358042250,870356บ้านโสง-เฉลิมพระเกียรติ,060366000634,870356_BSCLK,,
นครราชสีมา,14.903611,102.02111,AWN,060358042251,870397หมู่บ้านเอื้องงามวิลล์,,,,
นครราชสีมา,14.998055,101.980277,AWN|NT,060358042252,870398 บ้านดอน-สีมุม,060363058829,870398_BDSME,,
นครราชสีมา,14.995833,102.040277,AWN,060358042253,870400 บ้านโพธิ์เตี้ย-ปรุใหญ่),,,,
นครราชสีมา,14.94361,101.984999,AWN|NT,060358042254,870401 บ้านเดื่อ-โคกกรวด,060363058831,870401_BDKKT,,
ชัยภูมิ,15.560277,101.411388,AWN|NT,060357068523|060365061830,877068 ทุ่งดอกกระเจียว|877068,060366000756,877068_TKJWM,,
นครราชสีมา,15.140277,102.106388,AWN|NT,060357068524|060365087677,878161 หนองกระสังข์|878161 หนองกระสังข์,060366000788,878161_NKSGM,,
นครราชสีมา,14.759444,101.379443,AWN|NT,060357068525|060365051000,878940|878940บ้านหนองตาแก้ว-ปากช่อง,060360119872,878940_BNKPC,,
นครราชสีมา,14.784166,101.475277,AWN|NT|TUC,060357068526|060365115469,878944 วัดเวฬุวัน-ป่าไผ่)|878944 วัดเวฬุวัน-ป่าไผ่),060361127870,878944_WLWPA,060362166576,NMA0535-U21
นครราชสีมา,14.704722,101.413888,AWN|NT,060360006355,871577 ไนท์พลาซ่า-อำเภอปากช่อง,060363059266,871577_NPLZP,,
นครราชสีมา,14.844166,101.631388,AWN|NT,060359105669,สีคิ้ว),060363058874,870527_MBCLS,,
นครราชสีมา,15.642499,102.443055,AWN|NT,060359105670|060359126468|060359141422,871254 ห้วยโจด-บัวใหญ่)|ถาวร|871430ชุมชนบ้านห้วยโจด-บัวใหญ่),060363120301,871430_CHCBY,,
นครราชสีมา,15.633333,102.292499,AWN|NT,060359105671|060359141421,871256 ดงบัง-บัวใหญ่)|871429 ชุมชนบ้านดงบัง-บัวใหญ่),060363059255,871429_CDBBY,,
นครราชสีมา,14.569999,102.071388,AWN,060359105672|060365103290,871257 ซับก้านเหลือง-ครบุรี|871257,,,,
นครราชสีมา,15.049721,101.465555,AWN|NT,060359105673,871258 ผาแดง-สีคิ้ว,060366002615,871258_PDGSK,,
ชัยภูมิ,16.185833,102.085277,AWN,060359105676,877514 ท่าเว่อ-แก้งคร้อ,,,,
นครราชสีมา,14.53361,101.386944,AWN,060359168132,871239 ปากช่อง-หมูสี,,,,
นครราชสีมา,14.999166,102.116388,AWN|NT,060359168133|060363087235,871248 ข้าง ม.วงษ์ชวลิตกุล|871248 ม.วงษ์ชวลิตกุล,060363059236,871248_SVCLU,,
นครราชสีมา,15.215277,102.48361,AWN|NT,060359168134|060364151691,871269 สี่แยกตลาดใหม่พิมาย|871269 สี่แยกตลาดใหม่พิมาย,060360193509,871269_STLMP,,
ชัยภูมิ,16.279166,101.94611,AWN|NT,060359168144|060364023296,877524 บ้านยางเกษตรสมบูรณ์-ชัยภูมิ|877524บ้านยางเกษตรสมบูรณ์-ชัยภูมิ,060363059771,877524_BYSBC,,
นครราชสีมา,15.151388,102.220554,AWN|NT,060359168157,871222 โคกเกริ่น-โนนสูง,060364012929,871222_KNSUG,,
นครราชสีมา,14.690555,101.232221,AWN,060359137663,230370 คุณกำพล,,,,
นครราชสีมา,14.94361,102.040555,AWN|TUC,060359055891,ดีแทค),,,060367076277,NKRC055
นครราชสีมา,14.506388,102.086388,AWN,060359055892,870346 วัดซับยาง-ครบุรีใต้),,,,
นครราชสีมา,14.732499,101.989166,AWN|TUC,060359055893|060367028986,870416 ตะคุ-ปักธงชัย|870416 ตะคุ-ปักธงชัย,,,060356027795,NMA0289-U21
นครราชสีมา,15.374166,101.921388,AWN,060359055894,871083 บ้านมาบกราด-พระทองคำ,,,,
นครราชสีมา,14.968888,102.079999,AWN|NT,060359055895,871097 บ้านเจริญ-ถนนสืบศิริ ซอย3/11/8,060363059212,871097_BCRSR,,
นครราชสีมา,14.988888,102.719443,AWN,060359055896,871104บ้านห้วยแคน-ห้วยแถลง,,,,
นครราชสีมา,15.595555,102.429999,AWN|NT,060359055897|060368017211,871107 หน้าโรงพยาบาลบัวใหญ่)|871107 หน้าโรงพยาบาลบัวใหญ่),060363059215,871107_FBYHS,,
นครราชสีมา,14.979166,102.07861,AWN|NT,060359055898,871113 หน้าโรงแรมซิตี้ พาร์ค,060363059217,871113_CTPHT,,
นครราชสีมา,14.761666,102.380832,AWN,060359055899|060368173240,871122ซ่าเลือด-หนองบุญมาก|871122 ซ่าเลือด- หนองบุญมาก,,,,
นครราชสีมา,14.342777,102.361388,AWN,060359055900|060367076555,871124 หนองไทร-ครบุรี|871124 หนองไทร-ครบุรี,,,,
นครราชสีมา,14.382777,102.460277,AWN|NT,060359055901|060367084095,871125 โคกวัวนอน-เสิงสาง|871125 โคกวัวนอน-เสิงสาง,060361127449,871125_KWNSG,,
นครราชสีมา,15.458611,102.708611,AWN,060359055902,871132 บ้านละเลิงหิน-ประทาย,,,,
นครราชสีมา,15.034721,102.136944,AWN|NT,060359055903|060365139885,871138 หน้าโรงเรียนตำรวจภูธรภาค 3-จอหอ|871138 หน้าโรงเรียนตำรวจภูธรภาค 3-จอหอ,060363059221,871138_TPLRJ,,
ชัยภูมิ,16.073888,101.813055,AWN|NT,060359055907,877475 วิทยาลัยเทคโนโลยีบางกอก-หนองบัวแดง,060366000780,877475_BKCBD,,
ชัยภูมิ,15.61,101.855833,AWN|NT,060358061874|060365087663,877348 มะเกลือ-จัตุรัส|877348 มะเกลือ-จัตุรัส,060361127685,877348_MKCTR,,
นครราชสีมา,14.924166,102.031666,AWN|NT|TUC,060358006499|060363087202,870295 หมู่บ้านกรีนวิวฯ|870295,060360193488|060363123409,870295_MGVSY|NMA0776-L23,060362166755,NMA0776-U21
นครราชสีมา,15.038333,102.14611,AWN|NT,060358006500,870300 บ้านปูน-จอหอ,060363058810,870300_BPNJH,,
นครราชสีมา,14.72111,101.450833,AWN|NT,060358006501|060363087203,870301หลังโรงทอกระสอบปากช่อง|870301 หลังโรงทอกระสอบ,060360192535,870301_BPCJM,,
นครราชสีมา,15.014444,102.040555,AWN|NT,060358006502|060367096556,870302ละลมโพธิ์-เมืองนครราชสีมา|870302 ละลมโพธิ์-เมืองนครราชสีมา,060360193490,870302_LPNMA,,
นครราชสีมา,15.030832,101.694721,AWN|NT,060358006504|060365083181,870304 โนนประดู่-สีคิ้ว|870304 โนนประดู่-สีคิ้ว,060363058811,870304_NPDSK,,
นครราชสีมา,14.647777,101.212777,AWN|NT,060358006507|060365087571,870310 บ้านใหม่-กลางดง|,060360257655,870310_BMKDG,,
นครราชสีมา,15.244166,101.775554,AWN|NT,060358006508,870311 ห้วยใหญ่-ด่านขุนทด,060360120797,870311_HYDKT,,
นครราชสีมา,14.751944,101.358333,AWN|NT,060358006509,870312 ห้วยยาง-ปากช่อง,060361127415,870312_HYGPC,,
นครราชสีมา,14.875554,101.724721,AWN|NT,060358006510|060364165103,870313 โนนทุ่มใต้-สีคิ้ว|870313 โนนทุ่มใต้-สีคิ้ว,060360119402,870313_NTTSK,,
นครราชสีมา,15.026388,102.131388,AWN|NT,060358006512,870318 บ้านช่องอู่-จอหอ,060363058814,870318_BCAJH,,
นครราชสีมา,14.762222,102.040277,AWN|NT|TUC,060358006514|060365087572,870320ดอยแก่นท้าว-ปักธงชัย|870320ดอยแก่นท้าว-ปักธงชัย,060363058815|060362219158,870320_DKTPC|NMA0644-L23,060362166852,NMA0644-U21
นครราชสีมา,14.920277,102.172777,AWN|NT,060358006515|060363087204,870325 หอพักแพรนด้า-เขตอุตสาหกรรมสุรนารี|870325 หอพักแพรนด้า-เขตอุตสาหกรรมสุรนารี,060363058816,870325_PDASR,,
นครราชสีมา,14.608055,102.18111,AWN|NT,060358006517|060365087573,870344 ดอนเกตุ-โชคชัย|870344 ดอนเกตุ-โชคชัย,060363058817,870344_DGTCC,,
นครราชสีมา,14.930832,102.024166,AWN|NT,060358006518|060363087206,870350โนนไม้แดง-สุรนารี|870350 โนนไม้แดง-สุรนารี,060363058818,870350_NMDSR,,
นครราชสีมา,15.061944,102.311666,AWN|NT|TUC,060358006519|060365061804,870352 หน้า รร.บ้านหนองโจด-โนนสูง|870352,060365078154|060360119407,NKRA081|870352_NCSNS,060363123448,NKRA081
นครราชสีมา,14.9625,102.037777,AWN|NT,060358006520|060363100238,878943 ย่าโม5 ตำบลบ้านใหม่)|878943 ย่าโม5 ตำบลบ้านใหม่),060360205145,878943_YMTBM,,
นครราชสีมา,14.963888,102.160555,AWN|NT,060358006521|060363100242,หน้า)ว.บริหารธุรกิจฯ|หน้า)วิทยาลัยบริหารธุรกิจและการท่องเที่ยว,060363059848,878977_WTBKT,,
ชัยภูมิ,16.424166,101.896944,AWN,060357061014|060367072073,877092 หนองโพนงาม|877092 หนองโพนงาม,,,,
นครราชสีมา,15.520832,102.514444,AWN|NT,060359117850,871195 โนนประดู่-สีดา,060366005211,871195_NPDSD,,
นครราชสีมา,15.197221,102.874166,AWN|NT,060359117851,871218 บ้านหนองตู่-ลำทะเมนชัย,060366000705,871218_BNTUL,,
นครราชสีมา,14.432221,102.465,AWN|NT,060359127185,870794 โรงพยาบาลเสิงสาง,060363059135,870794_SGHPT,,
นครราชสีมา,15.56,102.403333,AWN|NT,060359127186,870850 ว.การอาชีพบัวใหญ่),060366000673,870850_WKABY,,
นครราชสีมา,15.351944,102.171943,AWN|NT,060359127187,870892 โรงพยาบาลขามสะแกแสง,060366002600,870892_KMSKH,,
นครราชสีมา,14.774166,101.521943,AWN|NT,060359127188,871009 ข้างหมวดการทางปากช่อง,060366000686,871009_MKTPC,,
นครราชสีมา,15.411388,102.836666,AWN|NT,060359127189,871199 โนนขาม-โนนอุดม,060366005214,871199_NKNUD,,
นครราชสีมา,14.551388,102.343055,AWN,060359127191,871372 บ้านบุมะค่า-ครบุรี,,,,
นครราชสีมา,14.931943,102.135833,AWN|NT,060359136070,871295 แม็คโคร หัวทะเล นครราชสีมา,060363059245,871295_MHLNM,,
นครราชสีมา,14.915555,102.065833,AWN|NT,060359055817,สาขา มทส.),060363101380,870529_PPKST,,
นครราชสีมา,15.049444,102.765833,AWN|NT,060359055818,871102 บ้านหนองซำ-ห้วยแถลง,060366002609,871102_BNSHL,,
นครราชสีมา,14.669166,101.402777,AWN|NT,060359055819|060363087232,871110 ซอยธนากร 2-ปากช่อง|871110 ซอยธนากร 2,060360257663,871110_STNPC,,
นครราชสีมา,14.64361,101.872777,AWN|NT,060359055820|060364165109,871112 บ้านหนองรังกา-ตะขบ|871112 บ้านหนองรังกา-ตะขบ,060363059216,871112_NRGTK,,
นครราชสีมา,15.100277,101.94611,AWN|NT,060359055821|060365096438,871116 หนองตะครอง-ขามทะเลสอ|871116,060361127446,871116_NKTLS,,
นครราชสีมา,14.517499,102.247777,AWN,060359055822,871117 บูรพา-ครบุรี,,,,
นครราชสีมา,15.435833,102.314722,AWN,060359055823|060365008415,871118 เมืองคง-นครราชสีมา|871118 เมืองคง-นครราชสีมา,,,,
นครราชสีมา,15.084444,102.273888,AWN|NT,060359055824|060365068533,871119 โตนด-โนนสูง|871119 โตนด-โนนสูง,060364012923,871119_TNOSG,,
นครราชสีมา,15.125832,102.080554,AWN,060359055825,871121 อ้อไผ่-โนนไทย,,,,
นครราชสีมา,15.422777,102.433888,AWN|NT,060359055826|060365087594,871123 โคกเสี่ยว-คง|871123 โคกเสี่ยว-คง,060361127448,871123_KSKOG,,
นครราชสีมา,14.435277,102.458888,AWN,060359055827,871126 บัวหลวง-เสิงสาง,,,,
นครราชสีมา,15.166943,102.231666,AWN|NT,060359055828,871129 ด่านคล้า-โนนสูง,060363059219,871129_DKANS,,
นครราชสีมา,15.235277,102.090555,AWN|NT,060359032898,870691 บ้านมะค่า-โนนไทย,060361127434,870691_BMKNT,,
นครราชสีมา,15.350833,102.295277,AWN|NT,060359032899|060365083184,870803 พลสงคราม-โนนสูง|870803 พลสงคราม-โนนสูง,060360068112,870803_PSKNS,,
นครราชสีมา,15.128332,102.236666,AWN|NT,060359032900|060367028988,871120 ใหม่-โนนสูง|871120 ใหม่-โนนสูง,060363059218,871120_MNSUG,,
ชัยภูมิ,16.368054,102.134999,AWN|NT,060359032917,877312 ตรงข้ามโรงเรียนภูมิวิทยา-ภูเขียว,060363059577,877312_PWSPK,,
ชัยภูมิ,15.451944,101.860833,AWN|NT,060359032919|060365087662,877344 หนองลุมพุก-จัตุรัส|877344หนองลุมพุก-จัตุรัส,060360193551,877344_NLPCT,,
ชัยภูมิ,15.710277,102.066943,AWN,060359032920,877353 หนองไผ่-ชัยภูมิ,,,,
ชัยภูมิ,16.050833,101.779999,AWN|NT,060359032921|060366071244,877354 หนองหอย-หนองบัวแดง|877354 หนองหอย-หนองบัวแดง,060361127686,877354_NHNBD,,
ชัยภูมิ,15.461944,101.825554,AWN|NT,060359032922,877355 โนนตะโก-หนองบัวโคก,060360205577,877355_NTKNB,,
ชัยภูมิ,15.916111,102.089721,AWN|NT,060359032923,877356 บ้านนาวัง-นาเสียว,060363059579,877356_BNWNS,,
ชัยภูมิ,15.78361,102.167221,AWN|NT,060359032924|060369024849,877357 บ้านหนองคอนไทย|877357 บ้านหนองคอนไทย,060360193552,877357_BNKTH,,
ชัยภูมิ,15.563055,101.9525,AWN|NT,060359032925,877359 หนองฉิม-เนินสง่า,060360119840,877359_NCNSG,,
ชัยภูมิ,15.568054,101.853055,AWN|NT,060359032926|060365068548,877370 บ้านกอก-จัตุรัส|877370 บ้านกอก-จัตุรัส,060360119841,877370_BKCTR,,
ชัยภูมิ,16.000833,102.272499,AWN,060359032927|060367029014,877474 บ้านโสกมูลนาค-คอนสวรรค์|877474 บ้านโสกมูลนาค-คอนสวรรค์,,,,
ชัยภูมิ,15.520554,102.006388,AWN|NT,060359032928|060367000163,877479 โกรกกุลา-เนินสง่า|877479 โกรกกุลา-เนินสง่า,060367061873,877479_KLSNG,,
ชัยภูมิ,15.824721,102.073888,AWN|NT,060359032929|060365087667,877480 บ้านโพนทอง-ชัยภูมิ|877480บ้านโพนทอง-ชัยภูมิ,060363059769,877480_BPTCY,,
นครราชสีมา,14.845555,101.588888,AWN,060359032930,878690บ้านหนองบัว-สีคิ้ว,,,,
นครราชสีมา,14.999721,101.980554,AWN|NT,060359022529|060365068532,870986 สีมุม-นครราชสีมา|870986 สีมุม-นครราชสีมา,060363120300,870986_SMNMA,,
นครราชสีมา,14.989999,101.731666,AWN|NT,060359022530|060367031321,870987 หนองกก-สีคิ้ว|870987 หนองกก-สีคิ้ว,060366000685,870987_NGKSK,,
นครราชสีมา,14.416388,101.782499,AWN,060359022531,870988 คลองบงพัฒนา-วังน้ำเขียว,,,,
นครราชสีมา,15.570832,102.582777,AWN|NT,060359022534|060365061813,870993 ถนนหัก-สีดา|870993 ถนนหัก-สีดา,060363059188,870993_TNHSD,,
นครราชสีมา,15.217221,102.920554,AWN,060359022535,870994 ยาง-ลำทะเมนชัย,,,,
นครราชสีมา,15.693055,102.342221,AWN|NT,060359022536|060365083187,870995 หนองหิน-บัวใหญ่)|870995 หนองหิน-บัวใหญ่),060363059189,870995_NGHBY,,
นครราชสีมา,15.209722,102.346944,AWN|NT,060359022537|060367031322,870996หลุมข้าว-โนนสูง|870996 หลุมข้าว-โนนสูง,060360068118,870996_LKNSG,,
นครราชสีมา,15.082221,102.728054,AWN|NT,060359022538|060364100857,870997หนองนาพัฒนา-ห้วยแถลง|870997 หนองนาพัฒนา-ห้วยแถลง,060364012919,870997_NPTHL,,
นครราชสีมา,14.858611,101.601666,AWN|NT,060359022539|060364151689,870998 หนองบัวหมู่1-ลาดบัวขาว|870998 หนองบัวหมู่ 1-ลาดบัวขาว,060363059190,870998_NBLBK,,
นครราชสีมา,15.597499,102.49361,AWN|NT,060359022540|060367031323,871001หนองเชียงโข่-บัวใหญ่)|871001 หนองเชียงโข่-บัวใหญ่),060364012920,871001_NCKBY,,
นครราชสีมา,15.410833,102.163333,AWN|NT,060359022541|060364100858,871004 บ้านเมืองทอง-ขามสะแกแสง|871004 บ้านเมืองทอง-ขามสะแกแสง,060360068119,871004_MTKSG,,
นครราชสีมา,15.543055,102.702777,AWN|NT,060359022542|060364136796,871006 บ้านเตยกระโตน-ประทาย|871006 บ้านเตยกระโตน-ประทาย,060360120830,871006_TKTPT,,
นครราชสีมา,14.978054,102.22111,AWN|NT,060359022543,871007หนองระเวียง-นครราชสีมา,060364012921,871007_NRWMA,,
นครราชสีมา,15.1125,102.227499,AWN|NT,060359022545|060364151690,871041บ้านถนนถั่ว-โนนสูง|871041 บ้านถนนถั่ว-โนนสูง,060366000691,871041_TNTNS,,
นครราชสีมา,15.459722,102.655555,AWN|NT|TUC,060359022546,871043 บ้านสำโรงใหญ่-พิมาย,060365078156|060367087306|060360120831,NKRA087|NKRA089|871043_BSRYP,060366059375|060362233073|060367026881,NKRA089|NKRA087|NKRA087
นครราชสีมา,15.465,102.553055,AWN|NT,060359022547|060367031324,871044 บ้านฝาง-โนนแดง|871044 บ้านฝาง-โนนแดง,060360120832,871044_BFGND,,
นครราชสีมา,15.416111,102.630277,AWN|NT,060359022548|060364100859,871045 บ้านกระชอน-พิมาย|871045 บ้านกระชอน-พิมาย,060360120833,871045_BKCPM,,
นครราชสีมา,15.341666,102.493888,AWN|NT,060359022549,871046 บ้านดอนเขว้า-พิมาย,060360120834,871046_BDKWP,,
นครราชสีมา,14.941666,102.157777,AWN,060359022550,871100วัดหนองตาคง-เมืองนครราชสีมา,,,,
นครราชสีมา,14.717499,102.015277,AWN|NT,060359022551|060364165108,871101บ้านบ่อปลา-ปักธงชัย|871101 บ้านบ่อปลา-ปักธงชัย,060363059213,871101_BBPTC,,
นครราชสีมา,14.806388,101.69361,AWN|NT|TUC,060357055504|060365087439,870004บ้านทุ่งพนมวัง-สีคิ้ว|870004บ้านทุ่งพนมวัง-สีคิ้ว,060363100986,870004_BTPNW,060362166751,NMA0662-U21
นครราชสีมา,15.003611,102.117221,AWN|NT,060357055505|060363087186,870028 หลัง ม.วงษ์ชวลิตกุล|870028,060361127394,870028_BOWCL,,
นครราชสีมา,14.578888,101.633054,AWN|NT,060357055506|060365083179,870091 หนองหมาก-ปากช่อง|870091 หนองหมาก-ปากช่อง,060366000596,870091_NMPKC,,
นครราชสีมา,14.563611,101.933888,AWN|NT,060357055507|060367085424,870127 บ้านหนองนกเขียน-ปักธงชัย|870127 บ้านหนองนกเขียน-ปักธงชัย,060360193487,870127_NKPTC,,
นครราชสีมา,14.98361,102.091388,AWN|NT,060357055510|060366077535,878797ตรงข้ามบิ๊กซี โคราช|878797 ตรงข้ามบิ๊กซี โคราช,060360205131,878797_OPBCM,,
ชัยภูมิ,16.355833,101.826388,AWN,060357055511|060366078932,877212|877212 บ้านบุ่งสิบสี่ เกษตรสมบูรณ์,,,,
ชัยภูมิ,16.137221,102.051111,AWN|NT,060357055512|060365079502,877216 บ้านลาดผักหนาม|877216,060361127668,877216_LDPKN,,
นครราชสีมา,14.892499,101.821943,AWN,060357055513,878852 สี่แยกวัดป่าสูงเนิน,,,,
นครราชสีมา,15.713055,102.486388,AWN|NT,060357055514|060367031348,878891 บ้านห้วยม่วง-บัวลาย|878891 บ้านห้วยม่วง-บัวลาย,060361127857,878891_HMBLI,,
นครราชสีมา,14.675277,101.219443,AWN|NT,060357055516,878929 หัวโกรก-พญาเย็น,060360257726,878929_HKPYN,,
นครราชสีมา,14.756111,101.310555,AWN|NT|TUC,060357055517|060367031349,878936 ลำทองหลาง-ปากช่อง|878936 ลำทองหลาง-ปากช่อง,060366000833,878936_LTLPC,060362166753,NMA0760-U21
นครราชสีมา,14.432499,102.493888,AWN|NT|TUC,060357055518|060365087473,878945 หนองลุมปุ๊ก-เสิงสาง|878945 หนองลุมปุ๊ก-เสิงสาง,060360120909,878945_NLPSS,060362013472,NMA0700-U21
นครราชสีมา,14.485555,102.326943,AWN|NT,060357055519,878947 บ้านเทพนิมิตร-ครบุรี,060363059845,878947_TNMKB,,
นครราชสีมา,14.41861,102.401666,AWN,060357055580|060367076554,870001 บ้านสระประทีป-เสิงสาง|870001 บ้านสระประทีป-เสิงสาง,,,,
นครราชสีมา,14.982221,102.119443,AWN|NT,060357055581,870041 ข้างหอพักราชมงคลอีสาน 3,060363105885,870041_SRMDY,,
นครราชสีมา,14.984444,102.120832,AWN|NT|TUC,060357055582,870042 ข้างคณะวิทยาศาสตร์ ราชมงคลอีสาน,060363105886|060361229579,870042_SFSRM|NMA0514-L23,060361043272,RM-NMA0514/C-U21
นครราชสีมา,14.988888,102.119443,AWN|NT,060357055583,870043 ข้างคณะวิศวกรรมศาสตร์ ราชมงคลอีสาน,060364056483,870043_SOERM,,
นครราชสีมา,14.985833,102.116943,AWN|NT,060357055584,870044 ข้างหอพักครู ราชมงคลอีสาน,060364056484,870044_SDTCR,,
นครราชสีมา,14.988055,102.118332,AWN|NT,060357055586,870047 ข้างโรงอาหาร ราชมงคลอีสาน,060366000591,870047_SCFRM,,
นครราชสีมา,14.384999,101.813611,AWN|NT,060357055587|060367037573,878965 บ้านคลองทุเรียน|878965 บ้านคลองทุเรียน,060360118918,878965_BKTRN,,
นครราชสีมา,15.261111,101.527221,AWN|NT,060357055588|060368179818,878993 บ้านโนนทอง-เทพารักษ์|878993 บ้านโนนทอง-เทพารักษ์,060361127875,878993_BNTPR,,
นครราชสีมา,14.88611,101.875277,AWN|NT,060360092122|060363087241,871890 บ้านบุใหญ่-สูงเนิน|871890 บ้านบุใหญ่),060366002644,871890_BBYSN,,
นครราชสีมา,14.44361,102.351666,AWN|NT,060360092123|060365087597,871891บ้านหนองบัว-ครบุรี|871891บ้านหนองบัว-ครบุรี,060366002645,871891_BNBKR,,
นครราชสีมา,14.981943,102.090277,AWN|NT,060360092132,871287 เอไอเอสซ็อปเทอร์มินอลทเวนตี้วันนครราชสีมา,060363101389,871287_ASTMN,,
นครราชสีมา,14.981943,102.089721,AWN|NT,060360092133,871287 เทอร์มินอลทเวนตี้วันนครราชสีมา,060363101390,871287_TMNLN,,
นครราชสีมา,14.981943,102.089999,AWN|NT,060360092134,871287 หอคอยเทอร์มินอลทเวนตี้วันนครราชสีมา,060363059244,871287_TMNTW,,
นครราชสีมา,14.42611,101.955555,AWN,060360092135,871471 ไร่วัลภา-อุดมทรัพย์,,,,
นครราชสีมา,15.019721,102.136944,AWN,060360092136,871595 เอไอเอสช็อปโลตัสจอหอ,,,,
นครราชสีมา,15.021666,102.07611,AWN|NT,060360092137,871875 สตาร์เวลล์-บายพาสเมืองนครราชสีมา,060366001331,871875_STWBP,,
นครราชสีมา,14.857222,101.699721,AWN|NT,060360092138,871879 บ้านซับประดู่-สีคิ้ว,060363122941,871879_BSPDS,,
นครราชสีมา,14.992777,101.783054,AWN|NT,060360092139,871885 บ้านโสกแจ้ง-สูงเนิน,060366002643,871885_BSCSN,,
นครราชสีมา,14.945555,102.053055,AWN|NT,060360092147|060363087233,871161 นครราชสีมา 1-ปรุใหญ่)|871161 นครราชสีมา 1,060363059226,871161_NMAPY,,
นครราชสีมา,14.733333,101.505555,AWN|NT,060360092157|060368020863,871382 สี่แยกวัดคลองยาง-ปากช่อง|871382 สี่แยกวัดคลองยาง-ปากช่อง,060366001313,871382_SWKYP,,
นครราชสีมา,15.215,102.486388,AWN|NT,060360092158,871397 เทสโก้โลตัส สาขาโลตัส พิมาย,060366001316,871397_TCLPM,,
นครราชสีมา,14.660833,101.484444,AWN,060360092159,871456 ตรงข้ามวัดหัวสนาม,,,,
นครราชสีมา,15.065,102.186666,AWN|NT,060360092174,870531 สน.ปตท.บจก.เกณิกา,060363058876,870531_PKNKA,,
นครราชสีมา,14.663888,101.411111,AWN|NT,060360092175,870536 สน.ปตท.หจก.พี.เอ็น.ฯ,060363101383,870536_PPNPL,,
ชัยภูมิ,16.100833,102.262222,AWN|NT,060360092176,877367 สน.ปตท.บจก.เจริญผลพลังไทยฯ,060363059580,877367_PCPTK,,
นครราชสีมา,14.913333,101.616666,AWN|NT,060360092177,878594 วอ ยาจ พานอราม่า,060363059819,878594_VYPMM,,
นครราชสีมา,14.887499,102.017777,AWN|NT|TUC,060360100284,871328 หลัง สปอร์ต คอมเพล็ก-มทส.,060366002626,871328_SPCPX,060364013294,NKRA111
นครราชสีมา,14.878888,102.0075,AWN|NT,060360100285,871328 สระสามแสง-มทส.,060366001311,871328_SSPLS,,
นครราชสีมา,14.9575,102.045833,AWN,060360100286,871343 เซฟวัน-เจดีคิดส์,,,,
นครราชสีมา,14.956944,102.047221,AWN|NT,060360100287,871343 เซฟวัน-นิวคาร์ปาร์ค,060363059250,871343_SVNCP,,
นครราชสีมา,14.956111,102.044444,AWN|NT,060360100288,871343 เซฟวัน-ฟู้ดโซนใหม่),060363059251,871343_SVNFV,,
นครราชสีมา,14.956944,102.044444,AWN|NT,060360100289,871343 เซฟวัน-ฟู้ดโซนเก่า,060364012935,871343_SVOFV,,
นครราชสีมา,14.956111,102.045833,AWN|NT,060360100290,871343 เซฟวัน-เวริลชูชอป,060364012936,871343_SVWSH,,
นครราชสีมา,14.956944,102.045555,AWN|NT,060360100291,871343 เซฟวัน-วันวานช้อป,060363059252,871343_SVWWS,,
นครราชสีมา,14.984721,102.103333,AWN|NT,060360100292,871358 อาคารผู้ป่วยนอกและอำนวยการ รพ.มหาราชนครราชสีมา,060366001312,871358_OPDBM,,
นครราชสีมา,14.888888,102.130277,AWN,060360100293,871370บ้านหนองบ่อสามัคคี-โพธิ์กลาง,,,,
นครราชสีมา,14.917499,102.073888,AWN|NT,060360100294|060365115464,871392 หอกระจายข่าวบ้านพักทหารชั้นประทวนซอย8ฯ|871392,060366001314,871392_BTHGS,,
นครราชสีมา,14.898055,102.081388,AWN|NT,060360100296,871394 แทงค์น้ำ ร.23 พัน1-ค่ายสุรธรรมพิทักษ์,060366002628,871394_WTPKS,,
นครราชสีมา,14.914166,102.075832,AWN|NT,060360100297,871395 ศูนย์ส่งเสริมสุขภาพ-ค่ายสุรธรรมพิทักษ์,060366002629,871395_HPCKS,,
นครราชสีมา,14.971943,102.1125,AWN,060360100298,871406 เรือนจำกลางนครราชสีมา,,,,
นครราชสีมา,14.911388,102.089166,AWN|NT,060360100299,871462 หน้ากองสรรพาวุธฯ,060366001317,871462_FROKS,,
นครราชสีมา,14.91,102.089166,AWN|NT,060360100300,871462 ข้างกองสรรพาวุธฯ,060366001318,871462_SROKS,,
นครราชสีมา,14.915,102.094444,AWN|NT,060360100301,871463 หน่วยพยาบาลทหาร,060366001319,871463_TNUSD,,
นครราชสีมา,14.91,102.098333,AWN|NT,060360100302,871463แทงค์ประปาหน้ากองทหารพลาธิการ,060366002632,871463_WFTQK,,
นครราชสีมา,14.901388,102.102777,AWN|NT,060360100303,871464,060366001320,871464_BSRTK,,
นครราชสีมา,14.895833,102.103611,AWN|NT,060360100304,871464,060366001321,871464_FRCKS,,
นครราชสีมา,14.899721,102.101388,AWN|NT,060360100305,871464,060366001322,871464_TIBRK,,
นครราชสีมา,14.891388,102.105,AWN|NT,060360100306,871465 กองทหารช่าง 202ฯ,060366002633,871465_ATKSP,,
นครราชสีมา,14.886666,102.1025,AWN|NT,060360100307,871466 หลังกองทหารช่าง 201ฯ,060363122940,871466_CATKS,,
นครราชสีมา,14.508055,101.48611,AWN,060360100308,871478 บ้านเลือดไทย-หมูสี,,,,
นครราชสีมา,14.919999,102.072221,AWN|NT,060360100309,871501 แทงค์ประปาหลังตลาดร่วมใจ ซอย12,060366001325,871501_WTTRJ,,
นครราชสีมา,14.983054,102.107777,AWN|NT,060360100310,871516 โรงพยาบาลจิตเวช-นครราชสีมา,060366001327,871516_JTWHN,,
ชัยภูมิ,15.523054,101.736666,AWN,060360100320,877539 บ้านใหม่นาดี-บำเหน็จณรงค์,,,,
นครราชสีมา,14.898055,101.900277,AWN|NT,060360006258,871380 หอพักนวนคร-สูงเนิน,060363101391,871380_NVDSN,,
นครราชสีมา,14.420554,102.186944,AWN,060360006259,871381 ซับสะเดา-ครบุรี,,,,
นครราชสีมา,14.924721,101.964166,AWN|NT,060359054691,871178 ข้าง รพ.เทพรัตน์-โคกกรวด,060363059228,871178_TPRHK,,
นครราชสีมา,14.850833,102.190555,AWN|NT,060359062189,870717 สน.ปตท.หจก.โค้วเทียนหยูฯ,060363101384,870717_PKTYC,,
ชัยภูมิ,16.196388,102.177221,AWN,060359062215,877503 บ้านธาตุหมู่1-ภูเขียว,,,,
นครราชสีมา,14.948888,102.125277,AWN|NT,060359052192,โคราช),060363058883,870555_HMPKR,,
นครราชสีมา,14.974999,102.11861,AWN|NT,060359028815|060363087211,870496 ใกล้โรงเรียนวัดทุ่งสว่าง|870496 ใกล้โรงเรียนวัดทุ่งสว่าง,060360192537,870496_WTSWS,,
นครราชสีมา,15.051388,102.501388,AWN|NT,060359028816|060367000155,870625 โนนมะนาว หมู่4-จักราช|870625 โนนมะนาว หมู่ 4-จักราช,060360120811,870625_NSMHG,,
นครราชสีมา,14.374443,101.89111,AWN,060359028817|060359168844,870726 บ้านคลองย่าโม-วังน้ำเขียว|870726 บ้านผลไม้รีสอร์ท,,,,
นครราชสีมา,14.944721,102.146944,AWN,060359028818,870765 คุรุสภา ซอย 1/2-หนองบัวศาลา,,,,
นครราชสีมา,15.034444,101.753055,AWN|NT,060359028819|060365068530,870878 ห้วยตะแคงเหนือ-สีคิ้ว|870878,060366000676,870878_HTKSK,,
นครราชสีมา,14.785555,101.815555,AWN|NT,060359028820|060365083185,870879 หนองม่วง-สูงเนิน|870879 หนองม่วง-สูงเนิน,060366005188,870879_NMSUN,,
นครราชสีมา,15.342221,102.746944,AWN,060359028821|060367072065,871074 บ้านตลาดชุมพวง|871074 บ้านตลาดชุมพวง,,,,
นครราชสีมา,15.18861,102.449444,AWN,060359028823|060367085429,871080 บ้านตลาดเจียบ-พิมาย|871080 บ้านตลาดเจียบ-พิมาย,,,,
ชัยภูมิ,15.912222,101.715,AWN|NT,060359028827|060365083199,877340 โนนนาพวง-บ้านเขว้า|877340 โนนนาพวง-บ้านเขว้า,060367061866,877340_NPGBK,,
ชัยภูมิ,15.687777,102.093333,AWN|NT,060359028828|060365079506,877458บ้านโนนสำราญ-เมืองชัยภูมิ|877458,060367061870,877458_BNSCP,,
ชัยภูมิ,16.026388,101.824721,AWN|NT,060359028829|060367031343,877460 บ้านนาทุ่งใหญ่-หนองบัวแดง|877460 บ้านนาทุ่งใหญ่-หนองบัวแดง,060360119851,877460_BNTBD,,
ชัยภูมิ,15.565555,101.689444,AWN|NT,060359028830|060364100870,877461 บ้านเขื่อนลั่น-ซับใหญ่)|877461 บ้านเขื่อนลั่น-ซับใหญ่),060367061871,877461_BKLSY,,
ชัยภูมิ,15.854166,101.97611,AWN|NT,060359028831|060367000162,877462 บ้านยางบ่า-เมืองชัยภูมิ|877462 บ้านยางบ่า-เมืองชัยภูมิ,060367061872,877462_BYBCP,,
ชัยภูมิ,15.818054,101.843888,AWN,060359028832|060367072076,877467 บ้านกุดยาง-เมืองชัยภูมิ|877467 บ้านกุดยาง-เมืองชัยภูมิ,,,,
ชัยภูมิ,15.771388,102.075832,AWN,060359028833|060367085440,877468 บ้านบุ่งคล้า-เมืองชัยภูมิ|877468 บ้านบุ่งคล้า-เมืองชัยภูมิ,,,,
นครราชสีมา,14.953333,102.117777,AWN|NT,060359022512,870792 หน้าโรงเรียนบุญวัฒนา,060363059134,870792_FBWTN,,
นครราชสีมา,14.710833,101.419721,AWN|NT,060359022513|060363087227,870812ซอยเทศบาล27-ปากช่อง|870812 ซอยเทศบาล27,060363059136,870812_STBPC,,
นครราชสีมา,14.953333,102.064166,AWN,060358069304|060367085426,870150 ถนนสืบศิริ 30|870150 ถนนสืบศิริ 30,,,,
นครราชสีมา,14.945555,102.124999,AWN|NT,060358069305,870151 หัวทะเล,060361156472,NMA0352-L23,,
นครราชสีมา,14.536388,101.634166,AWN,060367072082|060357008004,878878 บ้านวังกะทะ-ปากช่อง|878878 บ้านวังกะทะ-ปากช่อง,,,,
นครราชสีมา,15.310555,102.642221,AWN,060367072083|060357008005,878885 บ้านโนนยาง-ชุมพวง|878885 บ้านโนนยาง-ชุมพวง,,,,
นครราชสีมา,15.388888,102.247777,AWN|NT,060367072084|060357008006,878886 ทัพร้าง-เมืองนาท|878886 ทัพร้าง-เมืองนาท,060360205581,878886_TRMNT,,
นครราชสีมา,15.142221,102.161111,AWN,060367072085|060357008010,878893 บ้านโค้งกระชาย-โนนสูง|878893บ้านโค้งกระชาย-โนนสูง,,,,
นครราชสีมา,14.720554,102.156944,AWN,060367072086|060357008013,878899 บ้านปรางน้อย-โชคชัย|878899บ้านปรางน้อย-โชคชัย,,,,
นครราชสีมา,15.260555,102.223888,AWN,060367072087|060357008021,878916 บ้านสะพาน-โนนสูง|878916 บ้านสะพาน-โนนสูง,,,,
นครราชสีมา,14.747499,101.400555,AWN,060367072088|060357008025,878926 บ้านเขารวก-ปากช่อง|,,,,
นครราชสีมา,14.885833,102.057222,AWN,060367072089|060357008029,878953 บ้านภูมิรักษ์-แยกถนนหัก|878953 บ้านภูมิรักษ์-แยกถนนหัก,,,,
นครราชสีมา,15.055277,102.07361,AWN,060367072090|060357008031,878958 แยกวัดลำโพง|878958 แยกวัดลำโพง,,,,
นครราชสีมา,14.883888,102.025832,AWN|TUC,060367072091|060357083992,878961 มทส. ประตู 1|878961 มทส. ประตู 1,,,060367037207|060360217931,NKR8628|NKR8628
นครราชสีมา,15.217777,101.717221,AWN,060367072092|060357008038,878970 บ้านเก่า-ด่านขุนทด|878970 บ้านเก่า-ด่านขุนทด,,,,
นครราชสีมา,14.637499,101.479721,AWN,060367037474,800368 วัดศรีสำราญ บ้านผัง 13-ปากช่อง,,,,
นครราชสีมา,14.931388,102.134999,AWN|NT,060367037475,800419 3BB-หัวทะเล,060367124310,800419_BBBHT,,
นครราชสีมา,15.199444,101.917499,AWN,060367037476,800434 คูเมืองหมู่ 3-โนนไทย,,,,
นครราชสีมา,15.171666,102.701944,AWN,060367037477,800488 หนองหว้าสีชมพู-ชุมพวง,,,,
นครราชสีมา,14.951944,102.003333,AWN|NT,060367037552|060358037190,870412 วัดยางน้อย-บ้านใหม่)|870412 วัดยางน้อย-บ้านใหม่),060363058836,870412_WYNBM,,
นครราชสีมา,14.856666,102.191666,AWN|NT,060367037554|060358037196,870447 ด่านเกวียนพลาซ่า|870447 ด่านเกวียนพลาซ่า,060361118499|060363058846,NMA0445-L23|870447_DKWPZ,,
นครราชสีมา,14.99111,102.116111,AWN|NT,060366072563|060358078876,870842 สหสันติสุขแมนชั่น-ถนน30 กันยาซอย 3|870842 สหสันติสุขแมนชั่น-ถนน30 กันยาซอย 3,060363059143,870842_SHSTS,,
ชัยภูมิ,16.008333,101.67611,AWN|NT,060366072566|060358041184,877301 ท่าข่อย-หนองบัวแดง|877301 ท่าข่อย-หนองบัวแดง,060360193550,877301_TKNBD,,
นครราชสีมา,14.486388,101.928332,AWN|NT,060366072567|060356012024,878428 บ้านใหม่ห้วยน้ำเค็ม|878428 บ้านใหม่ห้วยน้ำเค็ม,060360257704,878428_HNKMM,,
ชัยภูมิ,15.748333,101.463333,AWN|NT,060366072570|060358079566,877131 บ้านสะพานหิน|877131 บ้านสะพานหิน,060361127655,877131_SAHNM,,
ชัยภูมิ,16.392221,102.416111,AWN|NT,060366072571|060357039329,877220 สระพัง-บ้านแท่น|877220 สระพัง-บ้านแท่น,060361127670,877220_SPBTN,,
นครราชสีมา,15.074443,101.576943,AWN|NT,060366072572|060356050168,878231 วังโรงใหญ่)|878231วังโรงใหญ่),060360193556,878231_WGRYM,,
นครราชสีมา,15.38611,101.88611,AWN|NT|TUC,060366072573|060356016953,878465 บ้านโคกสุวรรณ|878465 บ้านโคกสุวรรณ,060361127817,878465_BKSWM,060362166575,NMA0533-U21
นครราชสีมา,14.600277,102.026666,AWN|NT,060366072574|060357083993,878979 คลองเตย-ปักธงชัย|878979 คลองเตย-ปักธงชัย,060360119875,878979_KTPTC,,
นครราชสีมา,14.69611,101.955,AWN|NT,060366072575|060357045847,878997 วังวารีวน-ปักธงชัย|878997 วังวารีวน-ปักธงชัย,060366000840,878997_WWPTC,,
นครราชสีมา,14.551111,101.34611,AWN|NT,060366044318,800004 สนามกอล์ฟเขาใหญ่ คันทรี คลับ-ปากช่อง,060367058248,800004_KYCTC,,
นครราชสีมา,14.665277,101.390833,AWN|NT,060366044319,800023,060367058251,800023_YSKPC,,
นครราชสีมา,14.967777,102.046388,AWN|NT,060366044320,800067,060367058252,800067_SSLLM,,
นครราชสีมา,14.554166,101.473888,AWN|NT,060366044321,808929,060367058275,808929_MSPCG,,
นครราชสีมา,14.925832,102.072777,AWN,060366044323,874662,,,,
นครราชสีมา,14.933888,102.087221,AWN,060366044324,874662,,,,
นครราชสีมา,14.92361,102.08611,AWN,060366044325,874662,,,,
นครราชสีมา,14.92611,102.086388,AWN|NT,060366044326,874662,060367091112,874662_WFHTN,,
นครราชสีมา,14.939999,102.081943,AWN|NT,060366044327,874662,060367058177,874662_WTAFA,,
นครราชสีมา,15.02861,102.027499,AWN|NT,060366008276|060358069316,870252บุกระถิน-พุดซา|870252 บุกระถิน-พุดซา,060361156457,NMA0170-L23,,
นครราชสีมา,14.42111,102.464722,AWN|TUC,060366008277|060361172786,871378 เสิงสาง-นครราชสีมา|871378 เสิงสาง-นครราชสีมา,,,060368044696|060356035290,NMA0053|NMA0053-U21
นครราชสีมา,14.515,102.213055,AWN|NT,060366008279|060362058899,872195บ้านไผ่-จระเข้หิน|872195 บ้านไผ่-จระเข้หิน,060366002653,872195_BPJKH,,
ชัยภูมิ,16.486944,102.123888,AWN|NT,060366008282|060357045679,877232|877232 ตำบลโคกสะอาด-ชัยภูมิ,060361105106,877232_KSACP,,
ชัยภูมิ,15.72861,102.022499,AWN|TUC,060366008283|060359104962,877378 หนองนาแซง-ชัยภูมิ|877378 หนองนาแซง-ชัยภูมิ,,,060356032885,CPM0045-U21
ชัยภูมิ,16.370277,102.104444,AWN|NT,060366008284|060359015365,877426 บ้านแดง-ภูเขียว|877426บ้านแดง-ภูเขียว,060361127688,877426_BDGPK,,
ชัยภูมิ,15.479721,101.567777,AWN,060366008285|060359046663,877511|877511 โคกเพรช-บำเหน็จณรงค์,,,,
ชัยภูมิ,15.805,102.01861,AWN|NT,060366008300,807471 โรงเรียนอนุบาลชัยภูมิ,060367058262,807471_ABCYS,,
นครราชสีมา,15.340555,102.596388,AWN|NT,060358033235,870391 ดงใหญ่ พิมาย,060363058824,870391_DGYPM,,
นครราชสีมา,14.35,102.428332,AWN,060358033236,870404 หนองกระทุ่ม-เสิงสาง,,,,
นครราชสีมา,14.985277,102.137777,AWN|NT,060358033237|060363087208,870411 ข่อยงาม-หัวทะเล|870411 ข่อยงาม-หัวทะเล,060363058835,870411_KGHTL,,
นครราชสีมา,14.348055,101.943055,AWN|NT,060358033238|060365115462,870419 บ้านสุขสมบูรณ์วังน้ำเขียว|870419 บ้านสุขสมบูรณ์วังน้ำเขียว,060360120801,870419_SSBWK,,
นครราชสีมา,14.870554,101.739444,AWN|NT,060358033239|060363087209,870421 ข้างวัดหลวงพ่อโตสีคิ้ว|870421 ข้างวัดหลวงพ่อโต,060360119412,870421_WLPTS,,
นครราชสีมา,14.89861,101.820277,AWN|NT,060358033240,870423 ข้างที่ว่าการอำเภอสูงเนิน,060360120802,870423_SNDTO,,
นครราชสีมา,15.190277,102.071943,AWN|NT,060358033242,870428หน้าโรงเรียนโนนไทย,060363058840,870428_FNTSC,,
นครราชสีมา,15.274166,101.903888,AWN,060358033243|060365079476,870429 คลองแคเหนือ-ด่านขุนทด|870429,,,,
ชัยภูมิ,15.678332,101.908611,AWN|NT,060358033258|060367029009,877299 ท่าแกทอง-บ้านเขว้า|877299 ท่าแกทอง-บ้านเขว้า,060363059575,877299_TKTBK,,
ชัยภูมิ,15.812777,102.028332,AWN|NT,060358033260,877303 หน้าตะวันแดงชัยภูมิ,060363059576,877303_TWDCP,,
ชัยภูมิ,15.78611,102.027221,AWN|NT|TUC,060356009238|060363087292,แยกบายพาสชัยภูมิ|877201แยกบายพาสชัยภูมิ,060362226930|060361189685,877201_YBCPM|CPM0127-L23,060359044529,CPM0127-U21
นครราชสีมา,14.998055,102.117221,AWN|NT,060356009239,,060360068165,878206_VCLKM,,
นครราชสีมา,14.64361,101.278332,AWN|NT,060356009240|060363100199,ญาติสามัคคี-กลางดง|878655 ญาติสามัคคี-กลางดง,060360118880,878655_YSKDM,,
นครราชสีมา,14.969166,102.085277,AWN|NT,060356009241|060366072583,878657 เดชอุดม ซอย 1|878657 เดชอุดม ซอย 1,060360205114,878657_DUDSM,,
นครราชสีมา,14.976388,102.08611,AWN|NT,060356009242|060363100201,878659 วิทยาลัยเทคนิคนครราชสีมา|878659 วิทยาลัยเทคนิคนครราชสีมา,060360205115,878659_TNCNM,,
นครราชสีมา,14.962777,102.059722,AWN|NT,060356009243|060363100203,878661 มิตรภาพ ซอย 12|878661 มิตรภาพ ซอย 12,060360118883,878661_MITSM,,
นครราชสีมา,14.976388,102.079166,AWN|NT,060356009244|060363100206,878665 ตลาดย่าโม|878665 ตลาดย่าโม,060360205118,878665_TYMOM,,
นครราชสีมา,14.984166,102.097499,AWN|NT,060356009245|060363100207,878666 ประปา นครราชสีมา|878666 ประปา นครราชสีมา,060360205119,878666_PPNKM,,
นครราชสีมา,14.659722,101.339166,AWN|NT,060356009246|060363100208,878667 โรงกุลี-ปากช่อง|878667 โรงกุลี-ปากช่อง,060360118884,878667_KLPCM,,
นครราชสีมา,15.04361,102.127777,AWN|NT,060356009247|060363100210,878670 รุ่งนิรันดร์ 6|878670 รุ่งนิรันดร์ 6,060360118887,878670_RNRNM,,
นครราชสีมา,14.71,102.02361,AWN|NT,060356009248|060365087719,878698 ขดน้ำอ้อม-ปักธงชัย|878698ขดน้ำอ้อม-ปักธงชัย,060361144496,878698_KNOPM,,
นครราชสีมา,14.973888,102.090833,AWN|NT,060356009249|060365008422|060367092111|060368179812,878699 หน้าวัดแจ้งใน|878699 หน้าวัดแจ้งใน|800836 หน้าวัดแจ้งใน-เมืองนครราชสีมา|800836 หน้าวัดแจ้งใน-เมืองนครราชสีมา,060368000002,800836_IWCNN,,
นครราชสีมา,14.972499,102.174443,AWN|NT,060367051017|060362256257,874439 บ้านบึงสาร-เมืองนครราชสีมา|874439 บ้านบึงสาร-เมืองนครราชสีมา,060366002707,874439_BSMNK,,
นครราชสีมา,14.471943,101.625554,AWN,060367051020|060359054613,871224 ตะเคียนงาม-ปากช่อง|871224 ตะเคียนงาม-ปากช่อง,,,,
นครราชสีมา,15.427777,102.043333,AWN,060367051021|060359044729,871229 หนองหอย-พระทองคำ|871229 หนองหอย-พระทองคำ,,,,
ชัยภูมิ,15.617777,101.460555,AWN,060367051023|060357045731,877248 สวนสวรรค์-เทพสถิต|877248,,,,
ชัยภูมิ,16.151666,102.089444,AWN,060367051024|060359022700,877335 บ้านใหม่ไทยเจริญ-แก้งคร้อ|877335 บ้านใหม่ไทยเจริญ-แก้งคร้อ,,,,
ชัยภูมิ,16.52111,101.942499,AWN,060367051025|060359194341,877501 วังชมภู-คอนสาร|877501วังชมภู-คอนสาร,,,,
นครราชสีมา,15.536666,102.181666,AWN,060367051026|060357012649,878241 โคกกระเบื้อง|878241 โคกกระเบื้อง,,,,
นครราชสีมา,14.841944,102.106944,AWN,060367051027|060357055211,878774 ท่าอ่าง-โชคชัย|878774 ท่าอ่าง-โชคชัย,,,,
นครราชสีมา,14.610833,101.716111,AWN,060367051028|060357050382,878800 บ้านคลองกี่-วังน้ำเขียว|878800บ้านคลองกี่-วังน้ำเขียว,,,,
นครราชสีมา,14.463888,101.792499,AWN,060367051029|060357084258,878975 บ้านโคกสันติสุข-วังน้ำเขียว|878975,,,,
นครราชสีมา,14.837777,101.4525,AWN,060367012497,800390 หนองไข่น้ำ-จันทึก,,,,
นครราชสีมา,14.888055,102.007777,AWN|NT,060357069121,870097 บ้านพักบุคลากร ซอย3 มทส.17,060366000597,870097_BPBKS,,
นครราชสีมา,14.885277,102.009444,AWN|NT,060357069122,870098 ข้างบ้านพักบุคลากร 2 มทส.16,060366000598,870098_SOBPS,,
นครราชสีมา,14.875832,102.02361,AWN|NT,060357069123,870099 หน้าอาคารสุรสัมมนาคาร มทส.13,060366000599,870099_FSMBS,,
นครราชสีมา,14.878332,102.015277,AWN|NT,060357069124,870100 ลานจอดรถอาคารบรรณสาร 2 มทส.12,060366000600,870100_CPKBS,,
นครราชสีมา,14.894999,102.015833,AWN|NT,060357069125,870101 ข้างหอพักสุรนิเวศน์ 1 มทส.09,060366000601,870101_SHPSN,,
นครราชสีมา,14.896944,102.010277,AWN|NT,060357069126,870102 ข้างหอพักสุรนิเวศน์ 9 มทส.07,060366000602,870102_SOHWS,,
นครราชสีมา,14.896944,102.014166,AWN|NT|TUC,060357069127,870103 ข้างหอพักสุรนิเวศน์ 4 มทส.08,060366000603,870103_HPSWS,060368195879,NKRC082
นครราชสีมา,14.863333,102.034444,AWN|NT,060357069128,870104 ลานจอดรถศูนย์การแพทย์ มทส.03,060366000604,870104_CPMCT,,
นครราชสีมา,14.889999,102.005277,AWN|NT,060357069129,870105 ลานจอดรถหน้าฟาร์ม มทส.05,060366000605,870105_CPKFM,,
นครราชสีมา,14.89361,102.013888,AWN|NT,060357069130,870106 ลานจอดรถอาคารเฉลิมพระเกียรติ80พรรษา มทส.06,060366000606,870106_CKPBS,,
นครราชสีมา,14.882221,102.016943,AWN|NT,060357069131,870109 ข้างอาคารเรียนรวม มทส.10,060366000609,870109_SAKRN,,
นครราชสีมา,14.880277,102.015555,AWN|NT,060357069132,870110 ข้างโรงอาหารเรียนรวม มทส.11,060366000610,870110_SORCT,,
นครราชสีมา,14.658611,101.392499,AWN|NT,060357069133,870115 เอาท์เล็ท-ปากช่อง,060363100995,870115_OLPKC,,
นครราชสีมา,14.642221,101.425554,AWN|TUC,060357069134,870117บ้านบุกะเฉด-ปากช่อง,,,060356029687,NMA0316-U21
นครราชสีมา,14.987221,102.091666,AWN|NT,060357069135,870118 ร.ร.อัสสัมชัญนครราชสีมา,060361127406,870118_ASNMA,,
นครราชสีมา,14.383054,101.870554,AWN|NT,060357069136,870145 ร.ร.บ้านบุไผ่-วังน้ำเขียว,060361127411,870145_BPSWK,,
นครราชสีมา,15.208055,101.76,AWN|NT,060356051847|060364062875,878113 ด่านขุนทด|878113 ด่านขุนทด,060360068157,878113_DNKTM,,
นครราชสีมา,14.701111,102.171943,AWN|NT,060356051848|060365083201,878159 บ้านปรางค์พะโค|878159 บ้านปรางค์พะโค,060366000787,878159_BPPCM,,
ชัยภูมิ,15.814444,102.031943,AWN|NT,060356009223|060363087284,|877016,060362226921,877016_KCPMM,,
ชัยภูมิ,15.799444,102.023054,AWN,060356009224,877026 รร.เมืองพญาแลพิทยาคม,,,,
ชัยภูมิ,15.863888,102.017221,AWN|NT,060356009225|060363137478,877027มอดินแดง|877027 มอดินแดง,060362226922,877027_MDDGM,,
ชัยภูมิ,15.689721,102.008611,AWN|NT,060356009226|060363137349,877029 บ้านค่ายชัยภูมิ|877029 บ้านค่ายชัยภูมิ,060360119830,877029_BKHIM,,
ชัยภูมิ,15.810277,102.0575,AWN|NT,060356009227|060363087285,877033 บ้านขี้เหล็กน้อย|877033บ้านขี้เหล็กน้อย,060361144476,877033_BKLNM,,
ชัยภูมิ,15.939444,102.022777,AWN|NT,060356009228|060365061582,877041 ราชภัฏชัยภูมิ|877041 ราชภัฏชัยภูมิ,060362226923,877041_RPCPM,,
ชัยภูมิ,15.804444,102.039999,AWN|NT,060356009229|060367084100,877080 วัดกลางเมืองเก่า|877080 วัดกลางเมืองเก่า,060361144477,877080_WKMKM,,
ชัยภูมิ,15.803055,102.034721,AWN|NT|TUC,060356009230|060363087286,877083 บ้านโนนไฮ|877083 บ้านโนนไฮ,060361144478|060362241480,877083_BHIHM|RM-CPM0085/F-L23,060361039078,RM-CPM0085/F-U21
ชัยภูมิ,15.809444,102.0125,AWN|NT,060356009231|060363087287,ว.เทคนิคชัยถูมิ|877106,060361127642,877106_TCYPM,,
ชัยภูมิ,15.729443,101.990555,AWN|NT,060356009232|060364092992,877113 บ้านโนนดู่)|877113 บ้านโนนดู่),060360119834,877113_BODUM,,
ชัยภูมิ,15.786944,102.112222,AWN|NT,060356009233,877114 บ้านกุดโง้ง,060362226925,877114_BKUDM,,
ชัยภูมิ,15.773054,102.025277,AWN|NT,060356009234|060363087289,หน้าแม็คโครชัยภูมิ|877140แม็คโครชัยภูมิ,060362226927,877140_FMCMM,,
ชัยภูมิ,15.824166,102.02611,AWN|NT,060356009235|060364016581,บ้านเมืองน้อย ชัยภูมิ|877185 บ้านเมืองน้อย ชัยภูมิ,060363101402,877185_MCYMM,,
ชัยภูมิ,15.804166,102.028054,AWN|NT,060356009236|060363075062,ซอยเทศบาล1 ชัยภูมิ|877188ซอยเทศบาล1ชัยภูมิ,060361127662,877188_STCPM,,
ชัยภูมิ,15.883333,102.016943,AWN|NT,060356009237|060365061588,ชัยภูมิ-ตาดโตน กม.8|877189,060362226929,877189_CYTTM,,
ชัยภูมิ,15.789166,102.209166,AWN|NT,060356027205|060365087647,877018 บ้านลาดใหญ่)|877018 บ้านลาดใหญ่),060360193532,877018_BLYIM,,
ชัยภูมิ,16.278054,101.9575,AWN,060356027206,877037 เกษตรสมบูรณ์,,,,
ชัยภูมิ,15.908333,102.124999,AWN|NT,060356027207|060365087649,877039 บ้านไทรงาม|877039 บ้านไทรงาม,060363059554,877039_BSINM,,
ชัยภูมิ,15.871388,102.291666,AWN|NT,060356027208|060365087653,877084 ยางหวาย|877084 ยางหวาย,060361127641,877084_YNWIM,,
ชัยภูมิ,16.324166,102.050277,AWN|NT,060356027211|060365087654,877103 บ้านนาไฮ|877103 บ้านนาไฮ,060367061859,877103_BAAHM,,
นครราชสีมา,14.669443,101.217777,AWN,060366071222,800160 บ้านหัวโกรก ม.7-พญาเย็น,,,,
นครราชสีมา,14.597777,101.521666,AWN,060366071224,800364 ข้างโครงการบ้านจัดสรรหนองตะกู-ปากช่อง,,,,
นครราชสีมา,14.532221,101.458888,AWN,060366071225,800365 หน้าเฌอแตมเขาใหญ่-ปากช่อง,,,,
นครราชสีมา,14.969443,102.267499,AWN|NT,060366071226,800373 ชุมชนโสง-เฉลิมพระเกียรติ,060367058256,800373_CSCLP,,
นครราชสีมา,14.609444,101.616388,AWN,060366071227,800375 ชุมชนหนองผักหนอก-ปากช่อง,,,,
นครราชสีมา,15.498333,102.36861,AWN,060366071228,800377 ชัยเจริญ-บัวใหญ่),,,,
นครราชสีมา,14.945277,102.106111,AWN|NT,060366071229,800379 สี่แยกตลาดหนองปรือ-เมืองนครราชสีมา,060367091116,800379_SYTNP,,
นครราชสีมา,14.884721,101.950833,AWN|NT,060366071230,800381 หนองกุ้ง หมู่ 13-โคกกรวด,060367058259,800381_NKMKK,,
นครราชสีมา,14.507222,101.492221,AWN,060366071231,800382 ปากทางข้าด้านหลังทอสคาน่า-ปากช่อง,,,,
นครราชสีมา,14.888055,101.852222,AWN|NT,060366071241|060357069064,870130 หอพักทอรุ้งเงิน-ซีเกรท|870130 หอพักทอรุ้งเงิน-ซีเกรท,060360120795,870130_TRGSG,,
นครราชสีมา,14.998888,102.1075,AWN|NT,060366071245|060356016979,878728 บ้านโคกพงาด ประโดก|878728 บ้านโคกพงาด ประโดก,060360118893,878728_PGDKA,,
ชัยภูมิ,16.058611,102.060555,AWN|NT,060356052478|060364151718,877070 เขื่อนลำปะทาว|877070 เขื่อนลำปะทาว,060361127632,877070_LPTOM,,
นครราชสีมา,15.205277,102.070554,AWN|NT,060356052479|060365061602,|878132,060360068161,878132_NOTIM,,
นครราชสีมา,14.346666,102.324166,AWN|NT,060356052480|060364151737,878187 วัดหนองแคทราย|878187 วัดหนองแคทราย,060367061877,878187_WNKSM,,
นครราชสีมา,14.366943,101.848888,AWN|NT,060356012015|060364136809,878147 วังน้ำเขียว|878147 วังน้ำเขียว,060360119853,878147_WNKWM,,
นครราชสีมา,14.422499,101.861666,AWN|NT,060356012020|060364151741,878346 โรงพยาบาลวังน้ำเขียว|878346 โรงพยาบาลวังน้ำเขียว,060360118859,878346_WNKHM,,
ชัยภูมิ,15.763333,102.048333,AWN|NT,060367031342|060358078819,877387 สัมพันธ์-จัตุรัส|877387 สัมพันธ์-จัตุรัส,060363059582,877387_SPCTR,,
ชัยภูมิ,16.208055,101.931388,AWN,060367031344|060359055830,877472 บ้านหามแห-เกษตรสมบูรณ์|877472 บ้านหามแห-เกษตรสมบูรณ์,,,,
ชัยภูมิ,16.039444,102.298888,AWN|NT|TUC,060367031345|060359104965,877492 หนองแดง-ช่องสามหมอ|877492 หนองแดง-ช่องสามหมอ,060361186595,CPM0102-L23,060360238042,CPM0102-U21
นครราชสีมา,15.194166,102.729721,AWN,060367031346|060356016968,878532 โคกหินช้าง-ชุมพวง|878532 โคกหินช้าง-ชุมพวง,,,,
นครราชสีมา,15.635277,102.653611,AWN|NT,060367031347|060357055148,878887 บ้านหันห้วยทราย-ประทาย|878887 บ้านหันห้วยทราย-ประทาย,060361127855,878887_BHSPT,,
นครราชสีมา,14.658888,101.37111,AWN|NT,060367046368,800540 บ้านซับหวาย หมู่ 16-ปากช่อง,060367091117,800540_SUBWA,,
ชัยภูมิ,15.818888,102.130277,AWN,060366006468,807451,,,,
นครราชสีมา,15.423888,102.91,AWN,060356032064,764071 เปือยน้อย,,,,
นครราชสีมา,15.606111,102.124999,AWN|NT,060356050163|060364151728,878053 เมนรูท บ้านเหลื่อม|878053 เมนรูท บ้านเหลื่อม,060363059774,878053_MBLMM,,
นครราชสีมา,15.006944,102.414166,AWN|NT,060356050164|060364023297,878054 เมนรูทจักราช|878054 เมนรูทจักราช,060363059775,878054_MJKRM,,
นครราชสีมา,15.008055,102.634444,AWN|NT,060356050165|060365087672,878055 เมนรูทห้วยแถลง|878055 เมนรูทห้วยแถลง,060363059776,878055_MHTLM,,
นครราชสีมา,15.079721,102.115833,AWN|NT,060356050166|060364151729,878078รร.บุญเหลือวิทยานุสรณ์|878078โรงเรียน บุญเหลือวิทยานุสรณ์,060360068143,878078_BLWSM,,
นครราชสีมา,14.711944,101.420554,AWN,060356050167,878092 ปากช่อง 1,,,,
ชัยภูมิ,15.811944,102.023888,AWN|NT,060356023560,877121 เทสโก้โลตัส สาขาชัยภูมิ,060361144479,877121_TLCPP,,
นครราชสีมา,14.853888,101.561944,AWN|NT,060357038313|060364151726,878042|878042,060366000784,878042_LTKGM,,
นครราชสีมา,14.49861,102.168888,AWN|NT,060357038315,878298 โรงงานน้ำตาลครบุรี,060363059797,878298_KBSCM,,
นครราชสีมา,15.095555,101.418054,AWN|NT,060357038316|060367012545,878463 บ้านปางโก|878463 บ้านปางโก,060360205609,878463_BPGGM,,
นครราชสีมา,14.520277,102.396388,AWN,060357038317|060367072665,878533อบต.สระว่านพระยา|878533 อบต.สระว่านพระยา,,,,
นครราชสีมา,14.975832,102.149166,AWN|NT,060357038319|060364016582,878706 วัดพะไล|878706 วัดพะไล,060360120894,878706_WPLIA,,
นครราชสีมา,15.074166,102.116111,AWN|NT,060357038320,878707 โรงเรียนบุญเหลือ2,060361127832,878707_RRBLA,,
นครราชสีมา,14.909166,102.029721,AWN,060357038321|060367072080,878715 มาบเอื้อง หมู่ 6|878715 มาบเอื้อง หมู่ 6,,,,
นครราชสีมา,14.496944,101.937499,AWN|NT|TUC,060357038322,878745,060361127840,878745_WKFTM,060364003368,NKR7337
นครราชสีมา,14.608611,101.335833,AWN|NT|TUC,060357038323,878821 สนามชนไก่มหาลาภ,060363128716|060361127844,NMA0531-L23|878821_CKMHL,060362166573,NMA0531-U21
นครราชสีมา,14.967221,102.098333,AWN|NT,060357038324,878836 หน้าสนามกีฬาค่ายสุรนารี,060360205137,878836_IFSTD,,
นครราชสีมา,14.511111,101.956666,AWN|NT,060356061532|060365050996,878225 อุดมทรัพย์|878225 อุดมทรัพย์,060360068171,878225_UDMSM,,
ชัยภูมิ,15.503333,101.688055,AWN|NT,060356047882|060363131347,877078 บ้านชวน|877078 บ้านชวน,060361127638,877078_BCUNM,,
นครราชสีมา,14.885833,102.401111,AWN|NT,060356047885|060365061610,878234 สีสุก|878234 สีสุก,060361105111,878234_SISUM,,
นครราชสีมา,14.425832,102.289166,AWN|NT,060356047886|060365061611,878237 โคกกระชาย|878237 โคกกระชาย,060363059792,878237_KOKCM,,
นครราชสีมา,14.570832,101.980832,AWN|NT,060356011782|060365061599,878079 ค่ายปักธงชัย|878079 ค่ายปักธงชัย,060360068144,878079_KPTCM,,
นครราชสีมา,14.975277,102.093888,AWN|NT,060356011784,878086 โพธิ์กลาง,060360205067,878086_PHKGM,,
นครราชสีมา,14.974999,102.101388,AWN|NT,060356011785|060363075063,878200 หลังย่าโม|878200 หลังย่าโม,060362226941,878200_LYMOM,,
นครราชสีมา,15.04361,102.214444,AWN|NT,060356011786|060365087683,878210 บ้านโตนด|878210 บ้านโตนด,060360068167,878210_BTNTM,,
นครราชสีมา,15.003611,102.080832,AWN|NT,060356011787|060363100165,878372 หนองกระทุ่ม|878372 หนองกระทุ่ม,060360118867,878372_KATOM,,
นครราชสีมา,14.63111,101.411111,AWN|NT|TUC,060356011788,878379 วัดบ้านนา,060364118439|060360120875,NMA0806-L23|878379_WBNNM,060364042921,NMA0806-U21
นครราชสีมา,14.585833,101.226388,AWN|NT,060356011789|060363100169,878380 บ้านโนนกระโดน|878380 บ้านโนนกระโดน,060360257697,878380_BOKDM,,
นครราชสีมา,14.544444,101.313055,AWN|NT,060356011790,878381 บ้านเหวปลากั้ง,060360257698,878381_BHWPM,,
นครราชสีมา,14.577777,101.268054,AWN|NT|TUC,060356011791|060363100170,878383บ้านโศกลึกพัฒนา|878383 บ้านโศกลึกพัฒนา,060363132124|060362226950,NMA0532-L23|878383_BSLTM,060362166574,NMA0532-U21
นครราชสีมา,14.5575,101.260555,AWN|NT,060356011792|060363100171,878384 บ้านโสกน้อย|878384 บ้านโสกน้อย,060360118870,878384_BSNOM,,
นครราชสีมา,14.353611,102.466111,AWN,060367031329|060362258523,874431 บุงิ้ว-เสิงสาง|874431 บุงิ้ว-เสิงสาง,,,,
นครราชสีมา,15.019166,102.658888,AWN|NT|TUC,060367031318|060359000059,870602 ตะโก-ห้วยแถลง|870602 ตะโก-ห้วยแถลง,060360120805,870602_TGHTL,060362166862,NMA0778-U21
นครราชสีมา,15.703333,102.164166,AWN|NT,060367031319|060359032895,870636 โนนสูง-แก้งสนามนาง|870636 โนนสูง-แก้งสนามนาง,060361127426,870636_NSKSG,,
นครราชสีมา,15.405277,102.939721,AWN|NT,060367031320|060358079558,870882 พุทธา-เมืองยาง|870882 พุทธา-เมืองยาง,060360192545,870882_PTMYG,,
นครราชสีมา,15.145833,101.893055,AWN,060367031325|060359104947,871197 บ้านพระ-ด่านใน|871197 บ้านพระ-ด่านใน,,,,
นครราชสีมา,15.003888,102.445555,AWN|NT,060367031327|060361172767,872248 บ้านหนองพลวงหมู่ 8-จักราช|872248บ้านหนองพลวงหมู่ 8-จักราช,060366002656,872248_BNPJR,,
นครราชสีมา,14.363611,101.729721,AWN,060367025405|060358006568,870335 บ้านคลองปลากั้ง-วังน้ำเขียว|870335 บ้านคลองปลากั้งฯ,,,,
นครราชสีมา,14.478332,101.690277,AWN|NT|TUC,060367025406|060359022625,870947 ป่าตะเคียน-วังกะทะ|870947ป่าตะเคียน-วังกะทะ,060361127441,870947_PTKTA,060368019705,NKRA343
ชัยภูมิ,15.37611,101.404722,AWN,060367025408|060357061018,877147 บ้านทรัพทย์ไทรเทพสถิต|877147,,,,
ชัยภูมิ,16.123888,101.619443,AWN,060367025409|060357032038,877187 ห้วยหัน หนองบัวแดง|877187 ห้วยหัน หนองบัวแดง,,,,
ชัยภูมิ,15.478888,101.509166,AWN,060367025410|060357055210,877240 ห้วยยายจิ๋ว-เทพสถิต|877240 ห้วยยายจิ๋ว-เทพสถิต,,,,
ชัยภูมิ,16.161111,101.629721,AWN,060367025411|060359046700,877350 ห้วยกุ่ม-หนองบัวแดง|877350 ห้วยกุ่ม-หนองบัวแดง,,,,
นครราชสีมา,14.834721,101.793055,AWN|NT|TUC,060367025412|060357033342,878222 บ้านหนองไม้ตาย|878222 บ้านหนองไม้ตาย,060364165004,NMA0391-L23,060364090320,NMA0391-U21
นครราชสีมา,14.843888,101.757222,AWN,060367025413|060357033192,878329 บ้านหัวเขาพัฒนา|878329 บ้านหัวเขาพัฒนา,,,,
นครราชสีมา,14.869999,102.156111,AWN|NT,060367025425,800380 หนองโสมง-เมืองนครราชสีมา,060367066621,800380_NSMMN,,
นครราชสีมา,14.660555,101.461388,AWN,060367025426,800395 เยื้องฟาวน์เท่นทรี-ปากช่อง,,,,
นครราชสีมา,15.069999,102.154444,AWN,060367025427,800468 หนองกระดังงา-จอหอ,,,,
นครราชสีมา,14.369443,101.708333,AWN,060367025428,800509 วัดป่าทรัพย์ทวีธรรมาราม-วังน้ำเขียว,,,,
นครราชสีมา,14.43111,102.463611,AWN,060367025429,808125 โรงพยาบาลเสิงสาง,,,,
นครราชสีมา,15.3125,101.551388,AWN,060367025431,อาคารอำนวยการ),,,,
ชัยภูมิ,15.658888,101.499721,AWN|NT,060367010833|060357055207,877049 บ้านนายางกลัก|877049 บ้านนายางกลัก,060360193534,877049_BNYKM,,
ชัยภูมิ,15.344999,101.384721,AWN|TUC,060366005025|060360006305,877152 บ้านช่องสำราญเทพสถิต|877152 บ้านช่องสำราญเทพสถิต,,,060362166518,CPM0133-U21
ชัยภูมิ,15.921666,102.019721,AWN|NT,060366005026|060357038158,877253 บ้านนาฝาย-ชัยภูมิ|877253 บ้านนาฝาย-ชัยภูมิ,060363059567,877253_NFCYP,,
ชัยภูมิ,16.280277,102.254444,AWN|NT,060366005027|060359015356,877417 กวางโจน-ภูเขียว|877417 กวางโจน-ภูเขียว,060361127687,877417_KJNPK,,
ชัยภูมิ,15.545555,101.836666,AWN|NT,060366005028|060359015370,877432 บ้านเดื่อ-จัตุรัส|877432 บ้านเดื่อ-จัตุรัส,060361127691,877432_BDCTR,,
ชัยภูมิ,16.256944,101.485277,AWN|NT,060366005029|060359015377,877447 วัดบ้านโหล่น - หนองบัวแดง|877447 วัดบ้านโหล่น - หนองบัวแดง,060360119849,877447_WBLND,,
ชัยภูมิ,15.415555,101.833333,AWN|NT,060356016886|060365087464,877011 หนองบัวโคก 1|877011 หนองบัวโคก 1,060361127623,877011_NBKKM,,
ชัยภูมิ,15.641388,101.942221,AWN|NT,060356016887|060364100866,877015 บ้านโนนจาน|877015 บ้านโนนจาน,060360119423,877015_BNCNM,,
ชัยภูมิ,15.750277,101.762777,AWN|NT,060356016888|060364151712,877020 หนองบัวระเหว|877020 หนองบัวระเหว,060360119424,877020_NBRWM,,
ชัยภูมิ,15.783333,101.905277,AWN|NT,060356016890|060364151716,877035 บ้านเขว้า|877035 บ้านเขว้า,060361127626,877035_BKHWM,,
ชัยภูมิ,16.078332,101.8075,AWN,060356016891,877038 หนองบัวแดง,,,,
ชัยภูมิ,15.632777,101.620832,AWN|NT,060356016892|060364093081,877040 ซับใหญ่)|877040 ซับใหญ่),060361127628,877040_SBYIM,,
ชัยภูมิ,15.683054,101.874999,AWN|NT,060356016893|060364151717,877047 หนองบัวบาน|877047 หนองบัวบาน,060360119831,877047_NGBBM,,
ชัยภูมิ,15.404166,101.625554,AWN,060356016894|060365008416,บจก. สยาม ควอลิตี้ สตาร์ซ|877061 บจก. สยาม ควอลิตี้ สตาร์ซ,,,,
ชัยภูมิ,15.482499,101.901388,AWN|NT,060356016895|060365083195,877091บ้านสระสี่เหลี่ยม|877091 บ้านสระสี่เหลี่ยม,060366000757,877091_BSSLM,,
ชัยภูมิ,15.723054,101.929443,AWN|NT,060356016896|060365079501,877094 บ้านกุดฉนวน|877094 บ้านกุดฉนวน,060363059558,877094_BKUCM,,
ชัยภูมิ,15.705,101.840555,AWN|NT|TUC,060356016897|060365061834,877097 ส้มป่อย|877097 ส้มป่อย,060360193537,877097_SOPIM,060362166835,CPM0227-U21
ชัยภูมิ,15.628054,102.035833,AWN|NT,060356016898|060365061584,877100 บ้านกะฮาดน้อย|877100 บ้านกะฮาดน้อย,060367061858,877100_BKAHM,,
ชัยภูมิ,15.589721,101.906388,AWN|NT,060356016901|060364023295,877120 ละหาน|877120 ละหาน,060361127648,877120_LAHAM,,
ชัยภูมิ,16.037777,101.858333,AWN|NT,060356016903|060363131348,877142 บ้านนาคานหัก|877142 บ้านนาคานหัก,060361127658,877142_NKHGM,,
นครราชสีมา,14.684166,102.038055,AWN,060367085431|060359044678,871238 สระน้อย-ปักธงชัย|871238 สระน้อย- ปักธงชัย,,,,
ชัยภูมิ,16.004166,102.225277,AWN,060367085433|060356027212,877105 บ้านโคกไม้งาม|877105 บ้านโคกไม้งาม,,,,
ชัยภูมิ,15.933054,102.049166,AWN|NT,060367085434|060357007988,877215 บ้านนาสีนวล|877215 บ้านนาสีนวล,060361144481,877215_BNSNN,,
ชัยภูมิ,15.763888,102.025832,AWN|NT,060367085435|060357007989,877218 บ้านห้วยหลัว โกลบอลเฮ้าส์|877218บ้านห้วยหลัวโกลบอลเฮ้าส์,060364056494,877218_HLGBH,,
ชัยภูมิ,15.689166,101.759722,AWN|NT,060367085436|060357007994,877246 ห้วยบง-จัตุรัส|877246 ห้วยบง-จัตุรัส,060361127678,877246_HBCTR,,
ชัยภูมิ,15.98111,102.035277,AWN,060367085437|060359059113,877259 ลานจอดรถน้ำตกตาดโตน|877259 ลานจอดรถน้ำตกตาดโตน,,,,
ชัยภูมิ,15.984166,102.039721,AWN,060367085438|060359059114,877260 หน้าน้ำตกตาดโตน|877260 หน้าน้ำตกตาดโตน,,,,
ชัยภูมิ,16.08111,101.804444,AWN|NT,060367085439|060359059469,877466 ตลาดสดหนองบัวแดง|877466 ตลาดสดหนองบัวแดง,060364056495,877466_TLNBD,,
นครราชสีมา,14.611944,101.553333,AWN,060367085444|060357008002,878871 บ้านหนองกรวด ปากช่อง|878871บ้านหนองกรวด ปากช่อง,,,,
นครราชสีมา,14.851944,102.022499,AWN|NT,060367085445|060357008011,878894 หมู่บ้านโกรกเดือนห้า|878894 หมู่บ้านโกรกเดือนห้า,060360205614,878894_MBKDH,,
นครราชสีมา,15.225554,102.505277,AWN,060367085446|060357008015,878902 บ้านใหม่ไทรงาม-พิมาย|878902บ้านใหม่ไทรงาม-พิมาย,,,,
นครราชสีมา,14.66,101.585555,AWN,060367085447|060357008019,878910 บ้านทรัพย์เศรษฐี|878910บ้านทรัพย์เศรษฐี,,,,
นครราชสีมา,15.158888,102.296388,AWN|TUC,060367085448|060357008020,878911 บ้านดอนม่วง-โนนสูง|878911บ้านดอนม่วง-โนนสูง,,,060361169705,NMA0611-U21
นครราชสีมา,14.8075,101.568054,AWN,060367085449|060357008039,878986 บ้านเขายายเที่ยงเหนือ|878986 บ้านเขายายเที่ยงเหนือ,,,,
นครราชสีมา,15.066943,101.659166,AWN,060367061533|060357009796,870016 บ้านค่ายทะยิง-สีคิ้ว|870016 บ้านค่ายทะยิง-สีคิ้ว,,,,
นครราชสีมา,14.577499,101.419721,AWN|NT,060367061534|060357007969,870031 วัดศรีชัยมงคล|870031 วัดศรีชัยมงคล,060360257647,870031_WSCMK,,
ชัยภูมิ,15.444999,101.736944,AWN|NT,060367061551|060357007987,877214 หัวทะเล-บำเหน็จณรงค์|877214หัวทะเล-บำเหน็จณรงค์,060361127667,877214_HTBNR,,
ชัยภูมิ,15.474721,101.738888,AWN|NT,060367061552|060357007990,877219 บ้านตาล-บำเหน็จณรงค์|877219บ้านตาล-บำเหน็จณรงค์,060361127669,877219_BTBNR,,
ชัยภูมิ,15.864444,102.229999,AWN|NT,060367061553|060357007992,877238 หนองขาม-คอนสวรรค์|877238 หนองขาม-คอนสวรรค์,060360193547,877238_NKONS,,
ชัยภูมิ,16.528332,102.004444,AWN|NT,060367061554|060357007993,877241 ดงกลาง-คอนสาร|877241 ดงกลาง-คอนสาร,060361127675,877241_DKSAN,,
นครราชสีมา,14.979443,102.0525,AWN|NT,060367061555|060357084257,878754 โฮมโปรบายพาส นครราชสีมา|878754 โฮมโปรบายพาส นครราชสีมา,060363059828,878754_HBPNM,,
นครราชสีมา,14.938888,102.104722,AWN,060367061556|060357012618,878859 ศรีสมบูรณ์ หนองปรือ|878859ศรีสมบูรณ์หนองปรือ,,,,
นครราชสีมา,14.903611,102.231943,AWN|NT,060367061557|060357008007,878888 บ้านขี้ตุ่น-โชคชัย|878888 บ้านขี้ตุ่น-โชคชัย,060361105115,878888_BKTNC,,
นครราชสีมา,15.485555,102.473054,AWN|NT,060367061558|060357008008,อบต.ดอนตะหนิน)-ประทาย|อบต.ดอนตะหนิน,060360205143,878889_THLNO,,
นครราชสีมา,15.486944,102.688333,AWN,060367061559|060357008009,878890 บ้านบุไท-ประทาย|878890 บ้านบุไท-ประทาย,,,,
นครราชสีมา,15.621388,102.615555,AWN,060367061560|060357008012,878896 บ้านหัวนาคำ-บัวลาย|878896บ้านหัวนาคำ-บัวลาย,,,,
นครราชสีมา,14.670277,102.187777,AWN|NT,060367061561|060357008014,878900 บ้านดอนไพล-โชคชัย|878900บ้านดอนไพล-โชคชัย,060364056502,878900_BDPIC,,
นครราชสีมา,14.884999,101.575554,AWN,060367061562|060357008022,878922 บ้านคลองไผ่-สีคิ้ว|878922บ้านคลองไผ่-สีคิ้ว,,,,
นครราชสีมา,15.225554,101.624166,AWN,060367061563|060357008023,878923 บ้านวังโป่ง-ด่านขุนทด|878923 บ้านวังโป่ง-ด่านขุนทด,,,,
นครราชสีมา,15.066111,101.708333,AWN,060367061564|060357008024,878925 แยกวังโรงใหญ่-สีคิ้ว|878925 แยกวังโรงใหญ่-สีคิ้ว,,,,
นครราชสีมา,15.011944,102.09111,AWN,060367061565|060357008026,878933 โนนมะเชือ-หมื่นไวย|878933โนนมะเชือ-หมื่นไวย,,,,
นครราชสีมา,14.945555,101.994721,AWN,060367061566|060357008030,878957 หลังวัดใหม่บ้านดอน|878957 หลังวัดใหม่บ้านดอน,,,,
นครราชสีมา,14.908611,101.531666,AWN,060367061567|060357008034,878966 บ้านมะค่างาม-คลองไผ่)|878966บ้านมะค่างาม-คลองไผ่),,,,
นครราชสีมา,14.700277,102.094444,AWN|NT,060367061568|060357008037,878969 บ้านดอน-ปักธงชัย|878969บ้านดอน-ปักธงชัย,060364056503,878969_BDPTC,,
นครราชสีมา,14.380554,101.888888,AWN,060366047721,800316 คลองย่าโม-วังน้ำเขียว,,,,
ชัยภูมิ,15.64111,101.946666,TUC,,,,,060357022922,CPM0030-U21
ชัยภูมิ,15.789999,101.347221,TUC,,,,,060357022923,CPM0036-U21
ชัยภูมิ,15.385555,101.438055,TUC,,,,,060357022924,CPM0041-U21
นครราชสีมา,15.278888,101.814722,TUC,,,,,060357022925,CPM0044-U21
ชัยภูมิ,15.415,101.571388,AWN|NT|TUC,060360206375,877412 ห้วยยายจิ๋ว-เทพสถิต,060366005249,877412_HYCTT,060357022926,CPM0063-U21
นครราชสีมา,14.569443,102.468888,TUC,,,,,060357019446,NMA0160-U21
นครราชสีมา,15.234444,102.495277,TUC,,,,,060357019450,NMA0103-U21
นครราชสีมา,15.293333,101.565277,NT|TUC,,,060367037443,NMA0104-U21,060357019451,NMA0104-U21
นครราชสีมา,15.356111,102.9125,TUC,,,,,060357019452,NMA0106-U21
นครราชสีมา,15.024443,101.917777,TUC,,,,,060357019453,NMA0176-U21
นครราชสีมา,14.940833,101.783054,TUC,,,,,060357019454,NMA0229-U21
นครราชสีมา,14.937221,101.498888,TUC,,,,,060357019455,NMA0280-U21
นครราชสีมา,15.359722,101.697221,NT|TUC,,,060361186891,NMA0167-L23,060357019484,NMA0167-U21
นครราชสีมา,15.17861,102.842777,AWN|NT|TUC,060359104922,870911 ตลาดไทร-ชุมพวง,060366005190,870911_TLSCP,060357019485|060368044647,NMA0195-U21|NMA0195
นครราชสีมา,15.402777,102.025832,TUC,,,,,060357019486,NMA0207-U21
นครราชสีมา,15.496944,102.090277,NT|TUC,,,060367097637,NMA0211,060357019487,NMA0211-U21
นครราชสีมา,15.153611,101.694721,TUC,,,,,060357019488|060368044690,NMA0214-U21|NMA0214
นครราชสีมา,14.631388,101.58361,NT|TUC,,,060367092937,NMA0232,060357019489,NMA0232-U21
นครราชสีมา,15.684999,102.238888,TUC,,,,,060357019490,NMA0242-U21
นครราชสีมา,15.38861,102.244444,NT|TUC,,,060363132526,NMA0283-L23,060357019491,NMA0283-U21
นครราชสีมา,14.632777,101.553611,AWN|NT|TUC,060357045920,870116 บ้านหนองช้างตาย-ปากช่อง,060363073936,NMA0294-L23,060357019492,NMA0294-U21
นครราชสีมา,14.601944,101.48861,AWN|TUC,060358069311,870182 บ้านซับสวอง,,,060357019493,NMA0296-U21
นครราชสีมา,14.585555,101.439721,TUC,,,,,060357019494|060368044687,NMA0297-U21|NKR0297
นครราชสีมา,14.606944,101.534721,TUC,,,,,060357019495,NMA0298-U21
นครราชสีมา,14.582777,101.564166,TUC,,,,,060357019496,NMA0299-U21
นครราชสีมา,14.516388,101.382499,TUC,,,,,060357019497,NMA0300-U21
นครราชสีมา,14.547221,101.506944,TUC,,,,,060357019498,NMA0302-U21
นครราชสีมา,14.5525,101.577777,AWN|NT|TUC,060360092214,870662 หนองขวาง-ปากช่อง,060366005186,870662_NKWPC,060357019499,NMA0313-U21
นครราชสีมา,14.665277,101.640277,AWN|NT|TUC,060360239638,870665มอทรายทอง-ปากช่อง,060367124314,870665_MSTPC,060357019501,NMA0323-U21
นครราชสีมา,14.360277,101.84361,NT|TUC,,,060362181780,NMA0328-L23,060357019502,NMA0328-U21
นครราชสีมา,15.456111,102.505,TUC,,,,,060357019513,NMA0067-U21
นครราชสีมา,15.638888,102.573054,TUC,,,,,060357019514,NMA0068-U21
นครราชสีมา,15.433888,102.751666,TUC,,,,,060357019515,NMA0180-U21
นครราชสีมา,15.117499,101.51,TUC,,,,,060357019516,NMA0218-U21
นครราชสีมา,15.150833,101.843333,TUC,,,,,060357019517,NMA0223-U21
นครราชสีมา,14.566111,101.350277,NT|TUC,,,060363132527,NMA0293-L23,060357019518|060368044705,NMA0293-U21|NKR0293
นครราชสีมา,14.553333,101.275554,TUC,,,,,060357019519,NMA0311-U21
นครราชสีมา,15.142777,101.99361,TUC,,,,,060356035481,NMA0077-U21
นครราชสีมา,15.303888,101.814444,TUC,,,,,060356035482|060368044639,NMA0079-U21|NMA0079
นครราชสีมา,14.798333,101.9025,TUC,,,,,060356035483,NMA0083-U21
นครราชสีมา,14.750555,102.332499,TUC,,,,,060356035484,NMA0120-U21
นครราชสีมา,14.955277,101.578888,TUC,,,,,060356035485,NMA0217-U21
นครราชสีมา,14.742499,101.754166,TUC,,,,,060356035486,NMA0250-U21
นครราชสีมา,15.084444,101.580277,TUC,,,,,060356035487,NMA0266-U21
นครราชสีมา,14.732499,101.82111,TUC,,,,,060356035488,NMA0271-U21
นครราชสีมา,15.315555,101.451388,AWN|NT|TUC,060359121723,871031 บึงปรือ-เทพารักษ์,060365008553,NMA0278-L23,060356035489,NMA0278-U21
นครราชสีมา,15.413333,102.13861,TUC,,,,,060356035490,NMA0282-U21
นครราชสีมา,14.674443,101.973888,TUC,,,,,060356035491,NMA0332-U21
นครราชสีมา,15.036944,102.343888,AWN|NT|TUC,060365103291|060360020703,871300 บ้านตูม-ทองหลาง|871300 บ้านตูม-ทองหลาง,060364157396,NMA0153-L23,060357010196|060368044645,NMA0153-U21|NMA0153
นครราชสีมา,14.348888,102.428888,TUC,,,,,060357010197|060368156217,NMA0163-U21|NMA0163
นครราชสีมา,14.380554,102.28111,NT|TUC,,,060364149952,NMA0253-L23,060357010198|060368044734,NMA0253-U21|NMA0253
ชัยภูมิ,16.592221,101.92611,TUC,,,,,060356033776,
นครราชสีมา,15.436944,102.32361,TUC,,,,,060356033787|060368044635,NMA0018-U21|NMA0018
นครราชสีมา,15.209444,101.779999,TUC,,,,,060356033788|060368044725,NMA0028-U21|NMA0028
นครราชสีมา,15.065833,102.184166,TUC,,,,,060356035091,NMA0049-U21
นครราชสีมา,15.006666,102.135555,TUC,,,,,060356035093|060356020901,NMA0125-U21|NMA0125 -U21
นครราชสีมา,15.216943,102.501944,AWN|NT|TUC,060359121726,871034 ในเมือง-พิมาย,060361114233,NMA0022-L23,060356027772,NMA0022-U21
นครราชสีมา,14.718054,102.016388,TUC,,,,,060356027773,NMA0050-U21
นครราชสีมา,15.266666,102.620832,TUC,,,,,060356027774|060368044638,NMA0075-U21|NMA0075
นครราชสีมา,14.995833,101.684444,TUC,,,,,060356027775,NMA0076-U21
นครราชสีมา,14.513333,101.959166,NT|TUC,,,060363125045,NMA0085-L23,060356027776,NMA0085-U21
นครราชสีมา,14.68361,101.401111,TUC,,,,,060356027777,NMA0088-U21
นครราชสีมา,14.414722,101.863611,TUC,,,,,060356027778,NMA0141-U21
นครราชสีมา,14.888055,101.639721,TUC,,,,,060356027779,NMA0144-U21
นครราชสีมา,14.745833,102.03111,TUC,,,,,060356027780,NMA0146-U21
นครราชสีมา,14.845555,101.755833,TUC,,,,,060356027781,NMA0147-U21
นครราชสีมา,15.553333,102.642499,TUC,,,,,060356027782,NMA0155-U21
นครราชสีมา,15.106666,102.525554,TUC,,,,,060356027783,NMA0159-U21
นครราชสีมา,15.216111,102.551944,TUC,,,,,060356027784,NMA0168-U21
นครราชสีมา,14.954444,102.064444,TUC,,,,,060356027786,NMA0117-U21
นครราชสีมา,14.855555,101.655,NT|TUC,,,060361156458,NMA0174-L23,060356027787,NMA0174-U21
นครราชสีมา,15.551666,102.769166,TUC,,,,,060356027788,NMA0183-U21
นครราชสีมา,15.477777,102.631388,TUC,,,,,060356027789|060368044714,NMA0198-U21|NMA0198
นครราชสีมา,14.715555,101.945555,TUC,,,,,060356027790|060368044649,NMA0215-U21|NMA0215
นครราชสีมา,14.359166,101.918888,TUC,,,,,060356027791,NMA0267-U21
นครราชสีมา,14.464444,101.983054,AWN|NT|TUC,060359121722,871029 ซับเต่า-อุดมทรัพย์,060366005193,871029_STUDS,060356027792,NMA0268-U21
นครราชสีมา,14.773054,101.982499,TUC,,,,,060356027793,NMA0269-U21
นครราชสีมา,14.553611,101.995833,AWN|TUC,060365103289|060359121724,871032|871032โนนงิ้ว-อุดมทรัพย์,,,060356027794,NMA0270-U21
นครราชสีมา,14.750277,102.165555,NT|TUC,,,060361156468,NMA0290-L23,060356027796,NMA0290-U21
นครราชสีมา,14.768332,101.345277,NT|TUC,,,060361177194,NMA0304-L23,060356027797|060368044681,NMA0304-U21|NMA0304
นครราชสีมา,14.674999,101.220277,NT|TUC,,,060361193085,NMA0324-L23,060356027798,NMA0324-U21
นครราชสีมา,14.705277,101.443333,AWN|TUC,060365079481|060359121971,870663|870663 หนองสาหร่าย-ปากช่อง,,,060356027799,NMA0330-U21
นครราชสีมา,15.017221,102.100277,TUC,,,,,060356006814,NMA0187-U21
นครราชสีมา,15.005,102.080832,TUC,,,,,060356006815,NMA0200-U21
นครราชสีมา,14.729999,102.172499,NT|TUC,,,060361114232,NMA0020-L23,060356045016,NMA0020-U21
นครราชสีมา,15.527221,102.722777,TUC,,,,,060356045017,NMA0031-U21
นครราชสีมา,14.854166,102.069721,TUC,,,,,060356016843,NMA0045-U21
นครราชสีมา,14.980277,102.164166,TUC,,,,,060356016844|060368163901,NMA0057-U21|NKRC036
นครราชสีมา,15.003055,102.059444,TUC,,,,,060356016845,
นครราชสีมา,14.940833,102.065555,TUC,,,,,060356016846,NMA0093-U21
นครราชสีมา,14.988888,102.195555,TUC,,,,,060356016847,NMA0221-U21
นครราชสีมา,14.83111,102.191944,NT|TUC,,,060366033605,NMA0896-L23,060366030550,NMA0896
นครราชสีมา,15.021943,102.128888,TUC,,,,,060366059279|060357047482|060367037239,NMA0897|NKR0508|NKR0508
นครราชสีมา,14.524166,101.480554,NT|TUC,,,060366059053|060361036555,NMA0898-L23|NKR1954,060366059280|060358046640|060367037192,NMA0898|NKR1954|NKR1954
นครราชสีมา,14.549444,101.432499,TUC,,,,,060365137197,NMA0884
นครราชสีมา,14.866388,101.913888,NT|TUC,,,060364149923,NMA0763-L23,060364120104,NMA0763-U21
นครราชสีมา,14.810833,102.055555,NT|TUC,,,060364136491,NMA0856-L23,060364120111,NMA0856
ชัยภูมิ,16.29611,101.984166,TUC,,,,,060364164915,CPM0250
ชัยภูมิ,15.755833,101.863611,NT|TUC,,,060365028994|060367068597,CPM0251-L23|CPM0251,060364164916,CPM0251
ชัยภูมิ,15.81861,101.842777,NT|TUC,,,060365028995|060367068594,CPM0253-L23|CPM0253,060364164917,CPM0253
ชัยภูมิ,15.723332,101.92861,NT|TUC,,,060367068596,CPM0255,060364164918,CPM0255
ชัยภูมิ,16.603888,101.956388,NT|TUC,,,060365028996|060367068600,CPM0258-L23|CPM0258,060364164919,CPM0258
นครราชสีมา,15.363055,102.970554,NT|TUC,,,060365028999,NMA0811-L23,060364164926,NMA0811
นครราชสีมา,15.59361,102.258888,NT|TUC,,,060367068610,NMA0867,060364164927,NMA0867
ชัยภูมิ,16.150277,101.579999,TUC,,,,,060364157940,CPM0254
ชัยภูมิ,15.810277,102.249444,NT|TUC,,,060367068608,CPM0256,060364157941,CPM0256
นครราชสีมา,14.369166,101.851388,NT|TUC,,,060365034018,NMA0858-L23,060364157957,NMA0858
นครราชสีมา,14.948888,102.055,TUC,,,,,060362238195,NMA0709-U21
ชัยภูมิ,15.562777,101.649444,TUC,,,,,060362238230,CPM0118-U21
นครราชสีมา,14.759444,101.450277,NT|TUC,,,060363132403,NMA0813-L23,060362238235,NMA0813-U21
นครราชสีมา,15.24611,102.369999,NT|TUC,,,060363132396,NMA0743-L23,060361191618,NMA0743-U21
ชัยภูมิ,15.669999,102.034444,NT|TUC,,,060363125211,CPM0201-L23,060361191662,CPM0201-U21
นครราชสีมา,14.756666,102.208055,NT|TUC,,,060363132398,NMA0764-L23,060361191683,NMA0764-U21
ชัยภูมิ,16.352222,102.378054,NT|TUC,,,060365061510,CPM0210-L23,060362013413,CPM0210-U21
นครราชสีมา,14.882221,101.851111,TUC,,,,,060362013446|060367118009,NMA0614-U21|NKR7423
ชัยภูมิ,16.007777,101.713611,TUC,,,,,060361122994,CPM0197-U21
ชัยภูมิ,15.794721,102.045555,TUC,,,,,060361048551,CPM0172-U21
นครราชสีมา,14.643055,101.278332,NT|TUC,,,060362010129,NMA0656-L23,060361048570|060368044741,NMA0656-U21|NMA0656
นครราชสีมา,14.844721,102.195277,NT|TUC,,,060362167178,NMA0703-L23,060361048571,NMA0703-U21
นครราชสีมา,14.740277,102.162777,NT|TUC,,,060362060715,NMA0707-L23,060361048572|060361048574,NMA0705-U21|NMA0707-U21
นครราชสีมา,14.716666,101.432499,NT|TUC,,,060362038278,NMA0706-L23,060361048573,NMA0706-U21
นครราชสีมา,14.981666,102.113888,NT|TUC,,,060362231228,RM-NMA0513/A-L23,060361043363,RM-NMA0513/A-U21
ชัยภูมิ,15.847221,102.171388,NT|TUC,,,060365008524,CPM0200-L23,060364140826,CPM0200-U21
นครราชสีมา,15.002222,102.147777,NT|TUC,,,060365004017,NMA0859-L23,060364140840|060367030154|060368163897,NMA0859|NMA0859_D|NKR0859
นครราชสีมา,15.290277,102.87111,TUC,,,,,060360249189,NMA0472-U21
ชัยภูมิ,15.816388,102.024721,NT|TUC,,,060361179921,CPM0175-L23,060361000122,CPM0175-U21
นครราชสีมา,15.2075,102.045277,TUC,,,,,060360238177,NMA0446-U21
นครราชสีมา,15.379721,102.459166,TUC,,,,,060360238178,NMA0449-U21
นครราชสีมา,15.137221,101.962222,AWN|NT|TUC,060359104938,871186 ค้างพลู-โนนไทย,060366005203,871186_KPUNT,060360238179,NMA0452-U21
นครราชสีมา,15.128888,101.916111,TUC,,,,,060360238180,NMA0454-U21
นครราชสีมา,15.331388,102.677221,TUC,,,,,060360238182|060368044699,NMA0461-U21|NKR0461
นครราชสีมา,15.259444,102.53111,TUC,,,,,060360238183,NMA0462-U21
นครราชสีมา,15.613333,102.369166,NT|TUC,,,060367068609,NMA0464-U21,060360238184,NMA0464-U21
นครราชสีมา,15.642777,102.513888,TUC,,,,,060360238185,NMA0465-U21
นครราชสีมา,15.304444,102.668888,AWN|NT|TUC,060359104936|060367028990,871184 ประสุข-ชุมพวง|871184 ประสุข-ชุมพวง,060366005201,871184_PSCPG,060360238186,NMA0466-U21
นครราชสีมา,15.1575,102.359444,NT|TUC,,,060367048238,NMA0473-U21,060360238187,NMA0473-U21
นครราชสีมา,15.408333,102.77611,TUC,,,,,060360238188,NMA0474-U21
นครราชสีมา,15.301944,102.203611,NT|TUC,,,060363143573,NMA0477-L23,060360238189,NMA0477-U21
นครราชสีมา,15.411388,102.836388,TUC,,,,,060360238222,NMA0486-U21
นครราชสีมา,15.624999,102.6075,TUC,,,,,060360238223,NMA0492-U21
นครราชสีมา,15.225277,102.816666,TUC,,,,,060360238224,NMA0506-U21
นครราชสีมา,15.145555,101.893055,NT|TUC,,,060361182913,NMA0507-L23,060360238225,NMA0507-U21
ชัยภูมิ,16.019721,101.73361,TUC,,,,,060360218295,AMR0045-U21
นครราชสีมา,14.898055,101.847221,NT|TUC,,,060362268879,NMA0768-L23,060362252533,NMA0768-U21
นครราชสีมา,14.516943,101.379999,NT|TUC,,,060363038672,NMA0816-L23,060362252534,NMA0816
นครราชสีมา,14.87111,101.840277,NT|TUC,,,060362268938,NMA0823-L23,060362252535,NMA0823
นครราชสีมา,14.867499,101.803055,NT|TUC,,,060362268939,NMA0824-L23,060362252545,NMA0824
นครราชสีมา,14.869443,101.723054,NT|TUC,,,060364062990,NMA0805-L23,060362252554|060359107116,NMA0805-U21|NMA0398-U21
นครราชสีมา,14.953055,102.034166,NT|TUC,,,060362268936,NMA0679-L23,060362252561|060368044713,NMA0679-U21|NKR0679
นครราชสีมา,14.703333,101.363333,TUC,,,,,060360114509,NMA0358-U21
นครราชสีมา,14.728332,102.028332,TUC,,,,,060360114510,NMA0384-U21
นครราชสีมา,14.95,102.106666,TUC,,,,,060360114511,NMA0385-U21
นครราชสีมา,15.044999,102.046666,TUC,,,,,060360114512,NMA0390-U21
นครราชสีมา,14.478332,101.766666,TUC,,,,,060360114513,NMA0396-U21
นครราชสีมา,14.544999,101.313333,TUC,,,,,060360114514,NMA0428-U21
นครราชสีมา,14.933333,101.996666,TUC,,,,,060360114515,NMA0431-U21
นครราชสีมา,14.438333,101.676666,TUC,,,,,060360114516,NMA0435-U21
นครราชสีมา,14.986666,102.05,TUC,,,,,060360114562,NMA0615-U21
นครราชสีมา,14.963333,102.028332,AWN|TUC,060357008035|060365087724,878967ภูเขาลาด-บ้านใหม่)|878967ภูเขาลาด-บ้านใหม่),,,060360114563,NMA0619-U21
นครราชสีมา,15,101.979999,TUC,,,,,060360114564,NMA0620-U21
นครราชสีมา,14.901666,102.055,TUC,,,,,060360114565,NMA0622-U21
นครราชสีมา,15.019999,102.065,TUC,,,,,060360114566|060368044343,NMA0628-U21|NKR0628
นครราชสีมา,14.869999,102.161666,TUC,,,,,060360114567,NMA0631-U21
ชัยภูมิ,15.526943,101.829999,NT|TUC,,,060361193411,RM-CPM0004/D-L23,060361005653,RM-CPM0004/D-U21
ชัยภูมิ,15.461111,101.713888,TUC,,,,,060361005492,CPM0098-U21
ชัยภูมิ,16.403055,101.99361,NT|TUC,,,060362251113,CPM0188-L23,060361005533,CPM0188-U21
ชัยภูมิ,16.396944,101.972499,NT|TUC,,,060362231238,CPM0189-L23,060361005534,CPM0189-U21
นครราชสีมา,14.983054,102.081666,NT|TUC,,,060361182700,NMA0680-L23,060361011485,NMA0680-U21
นครราชสีมา,14.701111,102.021666,NT|TUC,,,060361092156,NMA0696-L23,060361011486,NMA0696-U21
ชัยภูมิ,16.161666,101.629166,TUC,,,,,060361011514,RM-CPM0066/E-U21
นครราชสีมา,14.64611,101.868888,NT|TUC,,,060362194100,RM-NMA0544/A-L23,060361011515,RM-NMA0544/A-U21
ชัยภูมิ,16.355555,101.82611,TUC,,,,,060361011537,CPM0139-U21
นครราชสีมา,14.992777,102.095555,NT|TUC,,,060361182786,NMA0625-L23,060361011549,NMA0625-U21
นครราชสีมา,14.515,102.273054,NT|TUC,,,060363143577,NMA0695-L23,060361011578,NMA0695-U21
นครราชสีมา,14.717499,101.45,NT|TUC,,,060361139469,NMA0547-L23,060360261945,NMA0547-U21
ชัยภูมิ,16.119721,101.84111,TUC,,,,,060360261975,CPM0131-U21
นครราชสีมา,14.617777,101.274443,TUC,,,,,060360262005,NMA0534-U21
นครราชสีมา,14.984999,102.099444,AWN|NT|TUC,060368029902,800800 อาคารเฉลิมพระเกียรติ โรงพยาบาลมหาราชนครราชสีมา,060362251067,NMA0565-L23,060360262007,NMA0565-U21
นครราชสีมา,14.864444,102.035555,NT|TUC,,,060365024766|060362251098,NKR7262|NMA0571-L23,060360262008|060367037224|060362030230,NMA0571-U21|NKR7262|NKR7262
ชัยภูมิ,15.79111,102.019443,NT|TUC,,,060361229646,CPM0168-L23,060360262027,CPM0168-U21
นครราชสีมา,15.600277,102.417221,NT|TUC,,,060361186651,NMA0668-L23,060360262040|060368044342,NMA0668-U21|NMA0668
นครราชสีมา,15.141666,102.201388,TUC,,,,,060360262041|060368044742,NMA0688-U21|NMA0688
นครราชสีมา,15.532777,102.712777,NT|TUC,,,060363073941,NMA0691-L23,060360262042|060368044553,NMA0691-U21|NKR0691
ชัยภูมิ,15.441666,101.689999,NT|TUC,,,060363144101,CPM0193-L23,060361003854,CPM0193-U21
นครราชสีมา,14.973054,102.110277,TUC,,,,,060360206519,NMA0566-U21
นครราชสีมา,14.973888,102.106388,AWN|NT|TUC,060363087193|060359032886,870073 โรงพยาบาล ป.แพทย์ 1|870073 โรงพยาบาล ป.แพทย์ 1,060360192531,870073_PHSPT,060360206520,NMA0567-U21
นครราชสีมา,15.148333,102.328332,TUC,,,,,060360129990|060368044708,NMA0609-U21|NMA0609
นครราชสีมา,14.729999,102.408333,NT|TUC,,,060364118491,NMA0612-L23,060360129991,NMA0612-U21
นครราชสีมา,14.946666,102.051666,TUC,,,,,060360129992,NMA0613-U21
นครราชสีมา,14.974999,102.118332,AWN|NT|TUC,060365109048,808327ณัฐกานต์อพาร์ทเม้น,060361169895|060366005165,NMA0580-L23|808327_NTKAP,060360121922,NMA0580-U21
นครราชสีมา,14.961666,102.01,TUC,,,,,060360121931,NMA0589-U21
นครราชสีมา,14.993333,102.098333,TUC,,,,,060360114391,NMA0337-U21
ชัยภูมิ,15.803333,102.026666,TUC,,,,,060360114431,CPM0011-U21
นครราชสีมา,14.973332,102.096666,NT|TUC,,,060363008364|060361160228,BKK0702-L23|NKR6505,060360114433|060360047048|060368044719,NMA0036-U21|NMA0333-U21|NMA0333
นครราชสีมา,14.958333,102.311666,TUC,,,,,060360027886,NMA0096-U21
นครราชสีมา,14.513333,101.758333,TUC,,,,,060360027887,NMA0261-U21
นครราชสีมา,14.993333,102.065,TUC,,,,,060360027902,NMA0493-U21
นครราชสีมา,15.036666,102.123332,TUC,,,,,060360027903,NMA0585-U21
นครราชสีมา,14.911666,101.938333,TUC,,,,,060360027904,NMA0595-U21
ชัยภูมิ,16.139999,102.291666,TUC,,,,,060360042798,CPM0152-U21
ชัยภูมิ,16.323332,102.006666,NT|TUC,,,060363132493,CPM0153-L23,060360042799,CPM0153-U21
ชัยภูมิ,15.633333,102.069999,NT|TUC,,,060363132494,CPM0154-L23,060360042800,CPM0154-U21
ชัยภูมิ,16.188333,102.324999,TUC,,,,,060360042801,CPM0156-U21
นครราชสีมา,14.533333,101.394999,TUC,,,,,060360094723|060368044685,NMA0354-U21|NMA0354
นครราชสีมา,14.548333,101.429999,TUC,,,,,060360094728,NMA0306-U21
นครราชสีมา,15.203333,102.439999,NT|TUC,,,060363143574,NMA0588-L23,060360094746,NMA0588-U21
นครราชสีมา,15.039999,102.148333,TUC,,,,,060360094747,NMA0630-U21
นครราชสีมา,14.661666,101.393333,TUC,,,,,060360094778,NMA0540-U21
ชัยภูมิ,16.133333,102.094999,TUC,,,,,060360021956,CPM0067-U21
นครราชสีมา,14.989999,101.458333,TUC,,,,,060360021960,NMA0276-U21
นครราชสีมา,14.509444,101.414166,TUC,,,,,060359107111,NMA0381-U21
นครราชสีมา,14.779721,101.719999,TUC,,,,,060359107112,NMA0382-U21
นครราชสีมา,14.574166,101.365,TUC,,,,,060359107113,NMA0383-U21
นครราชสีมา,14.48611,101.928054,TUC,,,,,060359107114,NMA0389-U21
นครราชสีมา,15.496388,102.564166,TUC,,,,,060359107115,NMA0395-U21
นครราชสีมา,15.246944,102.347777,TUC,,,,,060359107117,NMA0400-U21
นครราชสีมา,15.114166,102.049166,AWN|NT|TUC,060356033391|060363120363,878451 บ้านใหม่นารี|878451 บ้านใหม่นารี,060361127816,878451_MNRIM,060359107118,NMA0401-U21
นครราชสีมา,14.621388,101.211944,TUC,,,,,060359107119,NMA0402-U21
นครราชสีมา,14.506666,101.503333,TUC,,,,,060359181990|060368044748,NMA0393-U21|NKR0393
นครราชสีมา,14.881666,101.855,TUC,,,,,060359181991,NMA0404-U21
นครราชสีมา,15.01,101.993333,TUC,,,,,060360047081,NMA0581-U21
ชัยภูมิ,16.208333,101.931666,TUC,,,,,060359198132,CPM0069-U21
ชัยภูมิ,16.493333,102.05,TUC,,,,,060359198133,CPM0070-U21
ชัยภูมิ,16.431666,102.203333,TUC,,,,,060359198134,CPM0071-U21
ชัยภูมิ,16.648333,101.816666,TUC,,,,,060359198135,CPM0076-U21
ชัยภูมิ,16.005,102.271666,TUC,,,,,060359198136,CPM0077-U21
ชัยภูมิ,16.383333,102.313333,TUC,,,,,060359198137,CPM0078-U21
ชัยภูมิ,16.283333,102.301666,TUC,,,,,060359198138,CPM0079-U21
ชัยภูมิ,16.25,102.239999,TUC,,,,,060359198139,CPM0080-U21
นครราชสีมา,14.923332,102.043333,TUC,,,,,060359134525,NMA0498-U21
นครราชสีมา,14.485555,102.327221,TUC,,,,,060359134526,NMA0542-U21
นครราชสีมา,14.620277,101.352777,TUC,,,,,060359062657,NMA0417-U21
นครราชสีมา,15.275277,102.417221,TUC,,,,,060359062658,NMA0434-U21
นครราชสีมา,14.991944,102.207222,NT|TUC,,,060361150171,NMA0548-L23,060359052235,NMA0548-U21
นครราชสีมา,14.919999,101.993055,NT|TUC,,,060361139470|060362180583,NMA0550-L23|NKR8642,060359052236|060359178819,NMA0550-U21|NKR8642
นครราชสีมา,15.184166,102.502222,NT|TUC,,,060364157375,NMA0554-L23,060359052240,NMA0554-U21
นครราชสีมา,15.043333,102.098888,NT|TUC,,,060361139472,NMA0555-L23,060359052241,NMA0555-U21
นครราชสีมา,14.955833,102.127499,NT|TUC,,,060361139473,NMA0557-L23,060359052242,NMA0557-U21
นครราชสีมา,14.954444,102.155833,NT|TUC,,,060361139474,NMA0558-L23,060359052243,NMA0558-U21
นครราชสีมา,15.03611,102.13361,TUC,,,,,060359052244,NMA0559-U21
นครราชสีมา,14.819999,102.14111,TUC,,,,,060359052245,NMA0560-U21
นครราชสีมา,14.872221,101.829999,NT|TUC,,,060361139476,NMA0561-L23,060359052246,NMA0561-U21
นครราชสีมา,14.884999,101.744999,NT|TUC,,,060361150174,NMA0556-L23,060359052247,NMA0562-U21
นครราชสีมา,15.05,102.154444,NT|TUC,,,060361139477,NMA0563-L23,060359052248,NMA0563-U21
นครราชสีมา,15.226666,102.476943,NT|TUC,,,060361150175|060368039515,NMA0564-L23|NKR8600,060359052249|060360219013|060367026836,NMA0564-U21|NKR8600|NKR8600
นครราชสีมา,14.856666,102.191388,TUC,,,,,060359017368,NMA0445-U21
นครราชสีมา,14.584444,101.341944,NT|TUC,,,060363132528,NMA0375-L23,060358033135,NMA0375-U21
นครราชสีมา,15.041944,102.206666,NT|TUC,,,060361156474,NMA0378-L23,060358033136,NMA0378-U21
นครราชสีมา,14.966111,102.133054,TUC,,,,,060359012107,NMA0436-U21
นครราชสีมา,15.58111,102.433888,TUC,,,,,060359012108,NMA0438-U21
นครราชสีมา,15.224166,102.455555,NT|TUC,,,060364118396,NMA0440-L23,060359012109,NMA0440-U21
นครราชสีมา,14.830832,102.185833,NT|TUC,,,060361183171,NMA0373-L23,060358040619,NMA0373-U21
นครราชสีมา,14.385833,101.701666,NT|TUC,,,060365008555,NMA0359-L23,060358036109,NMA0359-U21
นครราชสีมา,14.5025,101.546666,NT|TUC,,,060362219255,NMA0143-L23,060357055883,NMA0143-U21
นครราชสีมา,14.721943,101.236388,TUC,,,,,060357061125,NMA0239-U21
ชัยภูมิ,15.429721,101.67611,TUC,,,,,060357061127,CPM0042-U21
นครราชสีมา,14.972777,102.073888,TUC,,,,,060357029365|060363035452|060357079575,NMA0101-U21|NKR0003|NKR0003
นครราชสีมา,15.380832,102.3125,TUC,,,,,060357029366,NMA0255-U21
นครราชสีมา,15.047221,102.766666,NT|TUC,,,060363132525,NMA0259-L23,060357029367,NMA0259-U21
ชัยภูมิ,16.100277,101.709444,TUC,,,,,060357055810,CPM0092-U21
นครราชสีมา,14.974166,102.081388,TUC,,,,,060357019524,NMA0005-U21
นครราชสีมา,14.903333,102.011666,TUC,,,,,060357019525|060368044684,NMA0102-U21|NMA0102
นครราชสีมา,15.100555,102.629999,TUC,,,,,060357012777,NMA0173-U21
นครราชสีมา,14.942777,102.2625,TUC,,,,,060357012778,NMA0185-U21
นครราชสีมา,14.82361,102.399444,AWN|NT|TUC,060367028996|060360092217,871374 สารภี-หนองบุนนาก|871374 สารภี-หนองบุนนาก,060367035769,NMA0192-U21,060357012779,NMA0192-U21
นครราชสีมา,14.348333,102.320832,TUC,,,,,060357012780,NMA0251-U21
นครราชสีมา,14.429166,102.289999,TUC,,,,,060357012820|060368044646,NMA0171-U21|NMA0171
นครราชสีมา,14.918888,102.401388,TUC,,,,,060357012821,NMA0184-U21
นครราชสีมา,14.675554,102.109722,AWN|TUC,060361173791,871301 ไม้เสี่ยว-ดอน,,,060357029529,NMA0246-U21
นครราชสีมา,14.49361,102.28111,AWN|TUC,060360020702,871036 เฉลียงโคก-ครบุรี,,,060357029530,NMA0257-U21
ชัยภูมิ,16.47361,102.208055,TUC,,,,,060357029565,CPM0074-U21
ชัยภูมิ,16.424166,101.861111,TUC,,,,,060357029566,CPM0081-U21
นครราชสีมา,15.251111,101.864444,TUC,,,,,060357029132|060368044735,NMA0264-U21|NMA0264
นครราชสีมา,14.900833,102.231666,TUC,,,,,060357029133,NMA0274-U21
นครราชสีมา,14.832499,102.122499,TUC,,,,,060357014299,NMA0201-U21
นครราชสีมา,15.420832,102.216943,TUC,,,,,060357014300,NMA0220-U21
นครราชสีมา,15.263055,102.136944,TUC,,,,,060357014301|060368044726,NMA0222-U21|NMA0222
นครราชสีมา,15.515,102.379721,TUC,,,,,060357014302,NMA0231-U21
นครราชสีมา,14.5,102.169999,TUC,,,,,060357014303,NMA0241-U21
นครราชสีมา,14.88611,102.457222,AWN|TUC,060362073387,871375 ศรีละกอ-จักราช,,,060357014304,NMA0287-U21
นครราชสีมา,15.139444,102.216666,NT|TUC,,,060361193373,NMA0291-L23,060357014305,NMA0291-U21
นครราชสีมา,15.615277,102.220277,AWN|TUC,060359104927,871028 หนองปรือโป่ง-โคกกระเบื้อง,,,060357040105,NMA0212-U21
นครราชสีมา,14.8075,101.544721,TUC,,,,,060356035907,NMA0136-U21
นครราชสีมา,14.692221,101.501944,AWN|NT|TUC,060358069313,870241 หนองยางแดง-ปากช่อง,060363157861,NMA0325-L23,060356035908,NMA0325-U21
นครราชสีมา,15.423332,102.892499,NT|TUC,,,060363157818,NMA0107-L23,060357040191|060368044641,NMA0107-U21|NMA0107
นครราชสีมา,14.59861,102.136666,TUC,,,,,060357040192,NMA0162-U21
นครราชสีมา,15.032499,102.144444,TUC,,,,,060357040194,NMA0002-U21
นครราชสีมา,14.927777,101.963888,NT|TUC,,,060361113991,NMA0004-L23,060357040198,NMA0004-U21
นครราชสีมา,15.185833,102.076388,TUC,,,,,060357040203,NMA0105-U21
นครราชสีมา,14.973054,102.090833,NT|TUC,,,060361114635,NMA0110-L23,060357040207,NMA0110-U21
นครราชสีมา,14.78611,101.546666,AWN|NT|TUC,060359055909,878009 เขายายเที่ยง,060366017759,NKRA008,060356035219|060363102883|060367128524,NMA0065-U21|NKRA008|NKR6514
ชัยภูมิ,16.615833,101.917221,TUC,,,,,060356035274,CPM0047-U21
ชัยภูมิ,15.809444,102.029166,TUC,,,,,060356035275,CPM0085-U21
นครราชสีมา,14.860555,102.188055,TUC,,,,,060356028018,NMA0047-U21
นครราชสีมา,15.353888,102.737777,NT|TUC,,,060361154621,NMA0084-L23,060356028019,NMA0084-U21
นครราชสีมา,14.56,101.405277,TUC,,,,,060356028020|060368044698,NMA0089-U21|NMA0089
นครราชสีมา,14.973332,102.104166,NT|TUC,,,060361118453,NMA0111-L23,060356028021,NMA0111-U21
นครราชสีมา,15.262777,102.801944,NT|TUC,,,060367093024,NMA0182,060356028022,NMA0182-U21
นครราชสีมา,15.290555,102.69611,AWN|NT|TUC,060359121720,870922 โคกตอง-ชุมพวง,060366005192,870922_KTGCP,060356028023,NMA0196-U21
นครราชสีมา,15.359722,102.829721,TUC,,,,,060356028024,NMA0197-U21
นครราชสีมา,14.701944,102.173054,TUC,,,,,060356028025|060368044344,NMA0202-U21|NMA0202
นครราชสีมา,14.64111,101.538888,AWN|TUC,060360020700,870909 หนองสาหร่าย-นครราชสีมา,,,060356028026|060368044728,NMA0225-U21|NMA0225
นครราชสีมา,14.713055,101.590833,TUC,,,,,060356028027|060368044729,NMA0226-U21|NMA0226
นครราชสีมา,14.703888,101.408055,TUC,,,,,060356028028|060366066234,NMA0227-U21|NMA0227
นครราชสีมา,14.833333,101.453333,TUC,,,,,060356028029|060368044730,NMA0234-U21|NMA0234
นครราชสีมา,14.716943,102.138055,TUC,,,,,060356028030|060368044736,NMA0288-U21|NMA0288
นครราชสีมา,14.983888,102.097499,TUC,,,,,060356028031,NMA0346-U21
นครราชสีมา,14.938888,101.681943,NT|TUC,,,060357080166,NKR0070,060365077263,NKR0070
นครราชสีมา,15.577499,102.436944,TUC,,,,,060365077264,NKR0037
นครราชสีมา,14.733054,102.169999,TUC,,,,,060365077265,NKR0031
นครราชสีมา,15.201666,102.523054,TUC,,,,,060365077266,NKR0027
นครราชสีมา,14.881943,102.399721,TUC,,,,,060365096037,NKRA329
นครราชสีมา,14.67861,101.985555,TUC,,,,,060365096038,NKRA312
นครราชสีมา,15.422221,101.955,TUC,,,,,060365096039,NKRA331
นครราชสีมา,14.942221,101.782777,TUC,,,,,060365096041,NKRA258
นครราชสีมา,14.686944,101.694444,TUC,,,,,060365096043,NKRS018
นครราชสีมา,14.884166,101.903888,TUC,,,,,060365096044,NKRA213
นครราชสีมา,14.619443,101.234999,TUC,,,,,060365096045,NKRA239
นครราชสีมา,14.628054,101.335833,TUC,,,,,060365096046,NKRA240
นครราชสีมา,14.955277,101.819443,TUC,,,,,060365096047,NKRA259
นครราชสีมา,14.98111,101.895555,TUC,,,,,060365096048,NKRA261
นครราชสีมา,15.561666,102.379166,TUC,,,,,060365096049,NKRA303
นครราชสีมา,15.237499,102.470277,TUC,,,,,060365096050,NKRA304
นครราชสีมา,14.978332,102.018888,NT|TUC,,,060368039534,NKRA265,060365096051,NKRA265
นครราชสีมา,14.983333,102.045555,TUC,,,,,060365096052,NKRA266
นครราชสีมา,14.885555,101.621666,TUC,,,,,060365096053,NKRA250
นครราชสีมา,14.556944,101.602222,TUC,,,,,060363123449,NKRA136
นครราชสีมา,15.421943,101.977777,NT|TUC,,,060365078159,NKRA158,060363123450,NKRA158
นครราชสีมา,15.183333,102.233054,NT|TUC,,,060365078144,NKR7960,060363123517,NKR7960
นครราชสีมา,14.919166,102.159166,TUC,,,,,060363123518,NKRA011
ชัยภูมิ,15.880832,102.02361,NT|TUC,,,060365137718,CYP7218,060363120683,CYP7218
นครราชสีมา,14.789721,101.440555,TUC,,,,,060364013285,NKR6435
นครราชสีมา,14.79611,102.164722,TUC,,,,,060364013286|060367026737,NKR6463|NKR6463
นครราชสีมา,14.89611,102.015277,TUC,,,,,060364013287,NKRA052
นครราชสีมา,14.899166,102.0125,TUC,,,,,060364013288,NKRA055
นครราชสีมา,14.910555,102.013055,TUC,,,,,060364013289|060367037232,NKRA072|NKRA072
นครราชสีมา,14.864722,102.034166,TUC,,,,,060364013290,NKRA106
นครราชสีมา,14.899721,102.010277,TUC,,,,,060364013291,NKRA107
นครราชสีมา,14.882221,102.015833,TUC,,,,,060364013292,NKRA109
นครราชสีมา,14.880554,102.016111,TUC,,,,,060364013293,NKRA110
นครราชสีมา,14.891388,102.013611,TUC,,,,,060364013295,NKRA112
นครราชสีมา,14.873332,102.016388,TUC,,,,,060364013296,NKRA113
นครราชสีมา,14.98361,101.89611,TUC,,,,,060364013408,NKRA261
นครราชสีมา,14.992221,101.934444,TUC,,,,,060364013409,NKRA262
นครราชสีมา,14.969443,102.08611,TUC,,,,,060364042335|060357071787,NKR0004|NKR0004
นครราชสีมา,14.990833,102.108888,TUC,,,,,060364042336|060356042678,NKR0015|NKR0015
นครราชสีมา,14.666111,101.444999,TUC,,,,,060364042337|060357072873,NKR0047|NKR0047
นครราชสีมา,15.069999,102.215277,NT|TUC,,,060368039868,NKR0051,060364042338|060357063088,NKR0051|NKR0051
นครราชสีมา,14.997221,102.128054,TUC,,,,,060363102866,NKR5997
นครราชสีมา,14.997221,102.12861,AWN|NT|TUC,060359022661,871016แพลตตินั่ม-บ้านเกาะ,060363059195,871016_PTNBK,060363102867,NKR7369
นครราชสีมา,14.996666,102.129166,TUC,,,,,060363102868,NKR7370
นครราชสีมา,14.880277,101.855555,TUC,,,,,060363102870,NKRA036
นครราชสีมา,14.625832,101.303888,TUC,,,,,060363102871,NKRA144
นครราชสีมา,14.994721,102.097499,TUC,,,,,060363102872,KRA121
นครราชสีมา,14.982499,102.114444,TUC,,,,,060363102881,NKR7390
นครราชสีมา,14.982499,102.118332,TUC,,,,,060363102884,NKR5993
นครราชสีมา,14.981666,102.119166,TUC,,,,,060363102885,NKR7368
นครราชสีมา,14.709166,101.410833,TUC,,,,,060363102888,NKR5807
นครราชสีมา,14.989721,102.120554,TUC,,,,,060363102889,NKR5994
นครราชสีมา,14.984721,102.120832,TUC,,,,,060363102890,NKR5992
นครราชสีมา,14.522777,102.471943,NT|TUC,,,060366017765,NKRA098,060363102915,NKRA098
นครราชสีมา,14.591944,101.446666,TUC,,,,,060363102916,NKRA146
นครราชสีมา,14.709166,101.695555,TUC,,,,,060363102919,NKRA235
นครราชสีมา,14.729999,102.059444,NT|TUC,,,060365078139,NKR7932,060363120792|060367026579,NKR7932|NKR7932
นครราชสีมา,15.001944,101.98361,TUC,,,,,060363120793|060367026572,NKR7933|NKR7933
นครราชสีมา,14.908055,102.158611,TUC,,,,,060363120794|060367026560,NKR7935|NKR7935
นครราชสีมา,14.972221,101.510277,NT|TUC,,,060365078140,NKR7936,060363120795,NKR7936
นครราชสีมา,14.893055,101.479166,NT|TUC,,,060365078141,NKR7939,060363120796,NKR7939
นครราชสีมา,15.659722,102.303055,NT|TUC,,,060365078142,NKR7940,060363120797,NKR7940
นครราชสีมา,14.688055,101.340555,AWN|NT|TUC,060357084203,870239 ซับน้ำเย็นหมู่14-ปากช่อง,060360257653,870239_SNYPC,060363120798,NKR7942
นครราชสีมา,14.838055,101.606388,NT|TUC,,,060365078147,NKR7976,060363120799,NKR7976
นครราชสีมา,14.973332,102.07861,AWN|NT|TUC,060357050591,878828 หน้ามารีย์วิทยา,060366000824,878828_IFMRE,060363120800,NKR7979
นครราชสีมา,14.974166,102.079166,TUC,,,,,060363120801,NKR7980
นครราชสีมา,14.972777,102.090833,NT|TUC,,,060368039888,NKR7985,060363120802|060367026562,NKR7985|NKR7985
นครราชสีมา,14.987777,102.639166,TUC,,,,,060363120803,NKR7988
นครราชสีมา,14.88611,101.851666,TUC,,,,,060363120804|060367037231,NKRA065|NKRA065
นครราชสีมา,14.5525,101.574999,TUC,,,,,060363120805,NKRA135
นครราชสีมา,14.524999,101.621666,TUC,,,,,060363120806,NKRA137
นครราชสีมา,14.542777,101.59611,TUC,,,,,060363120807,NKRA138
นครราชสีมา,14.49611,101.531943,TUC,,,,,060364003354,NKR6423
นครราชสีมา,14.881666,101.854722,TUC,,,,,060364003356|060364003358,NKR7383|NKR7385
นครราชสีมา,14.882221,101.854722,TUC,,,,,060364003357,NKR7384
นครราชสีมา,14.901944,102.0075,TUC,,,,,060364003359,NKR7387
นครราชสีมา,15.341944,102.746388,TUC,,,,,060364003363,NKRA204
นครราชสีมา,15.204722,102.329721,NT|TUC,,,060366017748,NKR7963,060364003373,NKR7963
นครราชสีมา,14.990555,102.117777,TUC,,,,,060364003377,NKRA207
นครราชสีมา,14.99111,102.116666,TUC,,,,,060364003378,NKRA209
นครราชสีมา,14.953611,102.059166,TUC,,,,,060364003379,NKRA210
นครราชสีมา,14.533333,101.386666,NT|TUC,,,060366017751,NKR8675,060364042793,NKR8675
นครราชสีมา,15.63861,102.744721,TUC,,,,,060364042794,NKR7275
นครราชสีมา,15.329721,102.671943,NT|TUC,,,060366017744,NKR7267,060364042795,NKR7267
นครราชสีมา,14.508055,101.413611,TUC,,,,,060364042796,NKR7124
ชัยภูมิ,15.796388,102.011388,NT|TUC,,,060368039625,CYP8505,060364042797,CYP8505
ชัยภูมิ,15.8075,102.034444,NT|TUC,,,060366017653,CYP8501,060364042798,CYP8501
นครราชสีมา,14.996666,102.118332,TUC,,,,,060364028548,NKRA228
นครราชสีมา,14.989721,102.123888,TUC,,,,,060364028549,NKRA238
นครราชสีมา,14.989444,102.104722,TUC,,,,,060364028550,NKRA237
นครราชสีมา,14.98361,102.076943,TUC,,,,,060364028551,NKRA128
นครราชสีมา,14.589999,102.04361,TUC,,,,,060364028552,NKRA129
นครราชสีมา,14.980832,102.08111,TUC,,,,,060364028562,NKRA103
นครราชสีมา,14.875277,101.848888,TUC,,,,,060364028563,NKRA073
นครราชสีมา,14.721388,101.243888,TUC,,,,,060364028573,NKRA196
นครราชสีมา,14.949721,102.030554,TUC,,,,,060364028575,NKRA140
นครราชสีมา,15.323888,102.727777,NT|TUC,,,060367087304,NKRA083,060364028577,NKRA083
นครราชสีมา,14.981666,102.112777,TUC,,,,,060364028578,NKRA157
นครราชสีมา,14.982499,102.112777,TUC,,,,,060364028579,NKRA156
นครราชสีมา,15.210833,102.496388,TUC,,,,,060364036099,NKR7373
ชัยภูมิ,15.806388,102.028332,TUC,,,,,060363123839,CYP6437
นครราชสีมา,14.981666,102.104166,TUC,,,,,060363123841,NKR7990
นครราชสีมา,14.524999,101.510555,TUC,,,,,060363123842,NKRA064
นครราชสีมา,14.989721,102.1125,TUC,,,,,060362243767,NKR5996
นครราชสีมา,14.429721,101.679166,NT|TUC,,,060366017750,NKR7970,060362243768,NKR7970
นครราชสีมา,15.339444,101.5525,TUC,,,,,060362243769|060367026573,NKR7975|NKR7975
นครราชสีมา,14.995277,101.458055,NT|TUC,,,060366033106,NKRA001,060362243770,NKRA001
นครราชสีมา,15.049721,101.465277,NT|TUC,,,060366017753,NKRA002,060362243771,NKRA002
นครราชสีมา,14.932777,101.640277,NT|TUC,,,060366017755,NKRA004,060362243772,NKRA004
นครราชสีมา,14.991944,101.581666,NT|TUC,,,060366017756,NKRA005,060362243773,NKRA005
นครราชสีมา,14.805833,101.567221,NT|TUC,,,060366017758,NKRA007,060362243774,NKRA007
นครราชสีมา,14.880554,101.853333,AWN|NT|TUC,060357038152,870064 หอพักณัฐกร-ซีเกรท,060361127404,870064_NTKSG,060362243775|060365054865,NKRA062|NKRA062
นครราชสีมา,15.186944,102.44361,NT|TUC,,,060366017760,NKRA079,060362243776,NKRA079
นครราชสีมา,15.408333,102.541666,NT|TUC,,,060366017761,NKRA080,060362243777,NKRA080
นครราชสีมา,15.444166,102.704444,NT|TUC,,,060365078157,NKRA091,060362243827,NKRA091
นครราชสีมา,14.761666,102.29611,NT|TUC,,,060365024773,NKRA092,060362243828,NKRA092
นครราชสีมา,14.740555,101.499721,TUC,,,,,060362243829|060367026696,NKR5820|NKR5820
นครราชสีมา,14.814722,101.542499,TUC,,,,,060362243839,NKR7356
นครราชสีมา,14.444166,102.351388,NT|TUC,,,060365024768,NKR7382,060362243840,NKR7382
นครราชสีมา,14.92111,101.956666,TUC,,,,,060362243841|060367037229,NKRA057|NKRA057
นครราชสีมา,14.617777,102.140833,NT|TUC,,,060365078158,NKRA093,060362243842,NKRA093
นครราชสีมา,14.726943,101.392777,TUC,,,,,060362030259,NKR7148
นครราชสีมา,14.878888,102.020277,TUC,,,,,060362030260,NKR7150
นครราชสีมา,14.556388,101.39611,TUC,,,,,060362030261,NKR7243
นครราชสีมา,14.562777,101.406111,TUC,,,,,060362030262,NKR7244
นครราชสีมา,14.509722,101.567499,TUC,,,,,060362030441,NKR6422
นครราชสีมา,15.400277,102.92611,NT|TUC,,,060365078131,NKR7170,060362030442,NKR7170
นครราชสีมา,14.956111,102.043888,TUC,,,,,060362030443|060364042388,NKR7692|NKR7692
ชัยภูมิ,15.930277,102.017221,TUC,,,,,060362030467,CYP7149
ชัยภูมิ,15.930554,102.010277,TUC,,,,,060362030468,CYP7161
ชัยภูมิ,15.999444,101.894166,TUC,,,,,060362030469,CYP7205
นครราชสีมา,14.550555,102.4075,TUC,,,,,060362030470,NKR7605
นครราชสีมา,14.53361,102.400833,TUC,,,,,060362030471,NKR7606
นครราชสีมา,14.954444,102.030832,NT|TUC,,,060365024769,NKR7667,060362030472|060364042385,NKR7667|NKR7667
นครราชสีมา,14.981943,102.109166,TUC,,,,,060362030473,NKR7698
นครราชสีมา,14.916111,101.524166,NT|TUC,,,060365078119,NKR6445,060361191422,NKR6445
นครราชสีมา,15.010555,102.622777,NT|TUC,,,060365078137,NKR7907,060361191423,NKR7907
ชัยภูมิ,16.006111,101.458333,TUC,,,,,060361191446,CYP7117
ชัยภูมิ,15.854444,102.260277,NT|TUC,,,060365137711,CYP7177,060361191447,CYP7177
นครราชสีมา,14.513333,101.452777,NT|TUC,,,060366017727,NKR5811,060361191459|060363120700|060367026894,NKR5811|NKR5800|NKR5800
นครราชสีมา,14.579999,101.554166,NT|TUC,,,060365078100,NKR5880,060361191461,NKR5880
นครราชสีมา,14.693888,101.389721,TUC,,,,,060361191495,NKR5804
นครราชสีมา,14.676943,102.073332,NT|TUC,,,060365078090,NKR5840,060361191497,NKR5840
นครราชสีมา,14.665833,102.051944,NT|TUC,,,060365078091,NKR5841,060361191498,NKR5841
นครราชสีมา,14.620277,101.890555,NT|TUC,,,060365078094|060365078092,NKR5850|NKR5842,060361191499|060362030033,NKR5850|NKR5842
นครราชสีมา,15.310277,101.553611,NT|TUC,,,060365078098,NKR5870,060361191500|060367026698,NKR5870|NKR5870
นครราชสีมา,14.752222,101.41,NT|TUC,,,060366017736,NKR5883,060361191501,NKR5883
นครราชสีมา,15.065277,102.128054,TUC,,,,,060361191502|060367030113,NKR5891|NKR5891
นครราชสีมา,14.850277,101.974443,NT|TUC,,,060365117233,PCR7189,060361124203,PCR7189
ชัยภูมิ,15.763611,101.915833,TUC,,,,,060361025379|060367048701,CYP7150|CYP7150
ชัยภูมิ,15.524443,101.669999,TUC,,,,,060361025380,CYP7162
ชัยภูมิ,15.784721,101.876388,TUC,,,,,060361025381,CYP7166
ชัยภูมิ,16.611111,101.940555,TUC,,,,,060361025382,CYP7167
นครราชสีมา,14.653333,101.311944,TUC,,,,,060361025383,NKR6401
นครราชสีมา,15.126943,102.229721,TUC,,,,,060361025384|060367026710,NKR6403|NKR6403
นครราชสีมา,14.720277,101.330277,TUC,,,,,060361025385,NKR6406
นครราชสีมา,14.753333,101.314722,TUC,,,,,060361025386,NKR6407
นครราชสีมา,14.553888,101.473888,TUC,,,,,060361025387|060367026759,NKR6415|NKR6415
นครราชสีมา,14.627777,101.284999,NT|TUC,,,060362174317,NKR6416,060361025388,NKR6416
นครราชสีมา,14.515,101.530832,TUC,,,,,060361025389,NKR6427
นครราชสีมา,15.127221,101.561111,TUC,,,,,060361025390,NKR6446
นครราชสีมา,15.127499,101.884721,TUC,,,,,060361025391|060367026756,NKR6449|NKR6449
นครราชสีมา,14.348055,101.943333,NT|TUC,,,060366017743,NKR7212,060361025392|060364042381,NKR7212|NKR7212
นครราชสีมา,14.539721,101.360833,AWN|NT|TUC,060363114026,874696,060366002730,874696_KKLKY,060361025393|060367026545,NKR7307|NKR7307
นครราชสีมา,15.056388,102.069166,NT|TUC,,,060368039884,NKR7651,060361025394|060367026585,NKR7651|NKR7651
นครราชสีมา,14.987499,102.146666,TUC,,,,,060361025395|060367026547,NKR7652|NKR7652
นครราชสีมา,14.711944,101.404166,TUC,,,,,060361025396|060367026548,NKR7654|NKR7654
นครราชสีมา,14.79611,102.182499,TUC,,,,,060361025397|060367026555,NKR7658|NKR7658
นครราชสีมา,14.885277,101.990833,TUC,,,,,060361025398|060367026552,NKR7660|NKR7660
นครราชสีมา,14.912222,101.93861,TUC,,,,,060361025399|060367026558,NKR7661|NKR7661
นครราชสีมา,14.901666,102.055277,TUC,,,,,060361025400,NKR7663
นครราชสีมา,14.86861,102.160833,TUC,,,,,060361025401,NKR7690
ชัยภูมิ,15.579166,101.861666,TUC,,,,,060361025416|060364042220,CYP7151|CYP7151
ชัยภูมิ,15.802222,102.032499,TUC,,,,,060361025417,CYP7159
ชัยภูมิ,16.083054,101.902777,TUC,,,,,060361025418,CYP7164
ชัยภูมิ,15.904166,102.316666,NT|TUC,,,060362180379,CYP7169,060361025419,CYP7169
ชัยภูมิ,16.253611,101.957222,NT|TUC,,,060362180380,CYP7171,060361025420,CYP7171
ชัยภูมิ,16.208888,101.903055,NT|TUC,,,060362180381,CYP7175,060361025421,CYP7175
ชัยภูมิ,15.774721,102.160833,NT|TUC,,,060362180382,CYP7185,060361025422,CYP7185
ชัยภูมิ,16.212777,101.545833,NT|TUC,,,060366033089,CYP7191,060361025423,CYP7191
ชัยภูมิ,16.432777,101.936388,NT|TUC,,,060363037089,CYP7195,060361025424|060364149963,CYP7195|CPM0248
ชัยภูมิ,16.193888,102.174166,NT|TUC,,,060362180383,CYP7196,060361025425,CYP7196
ชัยภูมิ,16.403888,102.071666,NT|TUC,,,060363037090,CYP7199,060361025426|060364042221,CYP7199|CYP7199
ชัยภูมิ,16.164722,101.923054,NT|TUC,,,060367087219,CYP7201,060361025427,CYP7201
ชัยภูมิ,16.116388,101.801111,TUC,,,,,060361025428,CYP7202
นครราชสีมา,14.549166,101.502222,TUC,,,,,060361025429,NKR6408
นครราชสีมา,14.464444,101.64111,TUC,,,,,060361025431,NKR6413
นครราชสีมา,14.542221,102.156388,NT|TUC,,,060362180563,NKR6484,060361025432,NKR6484
นครราชสีมา,14.485555,102.326666,NT|TUC,,,060366017741,NKR6485,060361025433,NKR6485
นครราชสีมา,15.514166,102.378054,NT|TUC,,,060362180564,NKR6487,060361025434,NKR6487
นครราชสีมา,15.422499,102.191388,NT|TUC,,,060362180565,NKR6488,060361025435,NKR6488
นครราชสีมา,15.301666,102.632221,NT|TUC,,,060363038124,NKR6489,060361025436,NKR6489
นครราชสีมา,15.053611,102.501388,NT|TUC,,,060362180566,NKR6490,060361025437,NKR6490
นครราชสีมา,15.406944,102.097221,NT|TUC,,,060363037125,NKR6491,060361025438,NKR6491
นครราชสีมา,15.524166,102.114444,NT|TUC,,,060363038125,NKR6492,060361025439,NKR6492
นครราชสีมา,15.371388,102.700555,NT|TUC,,,060362180567,NKR6495,060361025440,NKR6495
นครราชสีมา,15.51861,102.611944,NT|TUC,,,060362180568,NKR6496,060361025441,NKR6496
นครราชสีมา,15.646944,102.52861,NT|TUC,,,060362180569,NKR6497,060361025442,NKR6497
นครราชสีมา,14.850555,102.023888,TUC,,,,,060361025443,NKR7650
นครราชสีมา,14.721388,101.501944,TUC,,,,,060361025444,NKR7655
นครราชสีมา,14.754722,101.475554,TUC,,,,,060361025445|060367026549,NKR7656|NKR7656
นครราชสีมา,15.545833,102.568332,TUC,,,,,060361025446|060367026550,NKR7657|NKR7657
นครราชสีมา,14.870277,102.005,TUC,,,,,060361025447,NKR7659
นครราชสีมา,14.932499,102.044166,TUC,,,,,060361025448,
นครราชสีมา,15.011944,102.03861,TUC,,,,,060361025449,NKR7669
นครราชสีมา,15.029721,102.033054,TUC,,,,,060361025450,NKR7670
นครราชสีมา,15.061944,102.115,TUC,,,,,060361025451|060364042386,NKR7672|NKR7672
นครราชสีมา,14.965277,102.234999,TUC,,,,,060361025452,NKR7673
นครราชสีมา,14.937777,102.198888,TUC,,,,,060361025453,NKR7674
นครราชสีมา,14.981666,102.089721,NT|TUC,,,060363038129,NKR7406,060361079371|060367037221,NKR7406|NKR7406
ชัยภูมิ,15.814166,102.070832,TUC,,,,,060362030098,CYP6771
นครราชสีมา,14.694444,101.542499,NT|TUC,,,060365078117,NKR6438,060362030103|060364042371,NKR6438|NKR6438
ชัยภูมิ,16.294721,102.211111,NT|TUC,,,060365137702,CYP6412,060362030104,CYP6412
ชัยภูมิ,16.411666,102.164444,AWN|NT|TUC,060361098190,877694บ้านหนองบัวพรม-ภูเขียว,060365137703,CYP6413,060362030105,CYP6413
ชัยภูมิ,16.576388,101.84361,NT|TUC,,,060365137712,CYP7180,060362030106,CYP7180
นครราชสีมา,14.708333,101.463055,TUC,,,,,060362030114,NKR5815
นครราชสีมา,14.684166,101.4575,TUC,,,,,060362030115|060367030110,NKR5817|NKR5817
นครราชสีมา,14.654444,102.177221,NT|TUC,,,060365078103,NKR5911,060362030116,NKR5911
นครราชสีมา,14.676666,101.489721,NT|TUC,,,060365078087,NKR5819,060362030117,NKR5819
นครราชสีมา,15.066388,102.234444,TUC,,,,,060362030118|060367026697,NKR5869|NKR5869
นครราชสีมา,15.358055,102.870277,TUC,,,,,060362030119|060367026757,NKR6457|NKR6457
นครราชสีมา,15.413055,102.845555,NT|TUC,,,060365078127,NKR6486,060362030120,NKR6486
นครราชสีมา,15.290555,102.850277,NT|TUC,,,060365024760,NKR6494,060362030121,NKR6494
นครราชสีมา,15.435833,102.046666,NT|TUC,,,060365078128,NKR6499,060362030122|060367030122,NKR6499|NKR6499
นครราชสีมา,14.828888,102.094721,TUC,,,,,060362030123,NKR7600
นครราชสีมา,14.862777,102.051111,TUC,,,,,060362030124,NKR7662
นครราชสีมา,14.663333,101.404444,TUC,,,,,060361079217|060367026865,NKR6418|NKR6418
นครราชสีมา,14.36861,101.760555,TUC,,,,,060361079218,NKR6420
นครราชสีมา,14.642777,101.529721,TUC,,,,,060361079219|060367030117,NKR6425|NKR6425
นครราชสีมา,14.515833,101.501944,TUC,,,,,060361079220,NKR6426
นครราชสีมา,14.677221,101.366666,TUC,,,,,060361079221,NKR6428
นครราชสีมา,14.623054,101.394166,AWN|NT|TUC,060363087196|060357069062,870123 มอกะหาด-ปากช่อง|870123 มอกะหาด-ปากช่อง,060361127407,870123_MKHPC,060361079222|060367026761,NKR6433|NKR6433
นครราชสีมา,14.625554,101.463888,TUC,,,,,060361079223,NKR6439
นครราชสีมา,14.547499,101.996666,TUC,,,,,060361079224,NKR6442
นครราชสีมา,14.958611,101.612222,NT|TUC,,,060365078118,NKR6444,060361079225|060367026762,NKR6444|NKR6444
นครราชสีมา,14.602777,102.029166,TUC,,,,,060361079226,NKR6447
นครราชสีมา,15.173888,101.815277,TUC,,,,,060361079227,NKR6448
นครราชสีมา,15.35,101.853611,TUC,,,,,060361079228,NKR6450
นครราชสีมา,15.378332,101.996388,TUC,,,,,060361079229|060367026734,NKR6451|NKR6451
นครราชสีมา,15.196666,102.108888,TUC,,,,,060361079230,NKR6452
นครราชสีมา,15.154166,102.295277,TUC,,,,,060361079231|060367026768,NKR6453|NKR6453
นครราชสีมา,15.287777,102.333333,TUC,,,,,060361079232|060367026770,NKR6455|NKR6455
นครราชสีมา,14.625277,102.179443,TUC,,,,,060361079233|060367026733,NKR6460|NKR6460
นครราชสีมา,14.84611,101.680832,TUC,,,,,060361079234,NKR6461
นครราชสีมา,14.829443,102.398888,TUC,,,,,060361079235|060367026735,NKR6462|NKR6462
นครราชสีมา,14.938888,101.852777,TUC,,,,,060361079236,NKR6466
นครราชสีมา,15.129721,102.802777,TUC,,,,,060361079237|060367026771,NKR6467|NKR6467
นครราชสีมา,14.934999,101.724166,NT|TUC,,,060365078120,NKR6468,060361079238,NKR6468
นครราชสีมา,14.846666,101.881388,NT|TUC,,,060365078121,NKR6469,060361079239,NKR6469
นครราชสีมา,14.511944,102.433054,TUC,,,,,060361079240,NKR6473
นครราชสีมา,14.682777,101.636666,NT|TUC,,,060363037124,NKR6477,060361079241,NKR64477
นครราชสีมา,15.449166,102.967499,NT|TUC,,,060365078124,NKR6479,060361079242|060367026712,NKR6479|NKR6479
นครราชสีมา,15.137221,101.960555,NT|TUC,,,060365078125,NKR6480,060361079243|060367026714,NKR6480|NKR6480
นครราชสีมา,14.896388,101.599166,NT|TUC,,,060366017739,NKR6481,060361079244,NKR6481
นครราชสีมา,15.296944,102.183888,NT|TUC,,,060365078126,NKR6482,060361079245,NKR6482
นครราชสีมา,14.692777,101.789721,NT|TUC,,,060366017740,NKR6483,060361079246,NKR6483
นครราชสีมา,14.948055,102.179443,TUC,,,,,060361025454|060367026553,NKR7675|NKR7675
นครราชสีมา,14.89361,102.187777,TUC,,,,,060361025455,NKR7677
นครราชสีมา,14.999444,102.134999,NT|TUC,,,060363036985,NKR7678,060361025456|060367026554,NKR7678|NKR7678
นครราชสีมา,15.010833,102.091666,TUC,,,,,060361025457,NKR7684
นครราชสีมา,14.873888,101.73111,TUC,,,,,060361025458,NKR7685
นครราชสีมา,14.957222,102.043888,TUC,,,,,060361025459,NKR7691
นครราชสีมา,14.987221,102.089721,TUC,,,,,060361025460,NKR7693
นครราชสีมา,14.982499,102.064166,TUC,,,,,060361025461|060367037220,NKR7694|NKR7694
นครราชสีมา,15.198333,102.027777,NT|TUC,,,060363037127,NKR7900,060361025462,NKR7900
นครราชสีมา,15.713888,102.5025,NT|TUC,,,060366017746,NKR7902,060361025463,NKR7902
นครราชสีมา,15.713888,102.503333,NT|TUC,,,060363037128,NKR7904,060361025464,NKR7904
นครราชสีมา,15.423888,102.627499,NT|TUC,,,060363037129,NKR7905,060361025465|060367026584,NKR7905|NKR7905
นครราชสีมา,15.63361,102.320554,NT|TUC,,,060363037131,NKR7908,060361025467,NKR7908
นครราชสีมา,15.228888,102.29611,NT|TUC,,,060363037132,NKR7909,060361025468,NKR7909
นครราชสีมา,15.194444,102.732221,NT|TUC,,,060363037133,NKR7911,060361025469,NKR7911
นครราชสีมา,15.381666,102.163333,NT|TUC,,,060363037134,NKR7912,060361025470,NKR7912
นครราชสีมา,14.982499,102.41,TUC,,,,,060361025471,NKR7914
นครราชสีมา,14.639999,101.885833,TUC,,,,,060361025472|060367026568,NKR7915|NKR7915
นครราชสีมา,14.74111,102.218054,TUC,,,,,060361025473|060362233068|060364042389,NKR7920|NKR7379|NKR7920
นครราชสีมา,14.740277,102.217777,TUC,,,,,060361025474|060364042390,NKR7921|NKR7921
นครราชสีมา,14.490555,102.167221,TUC,,,,,060361025475,NKR7924
นครราชสีมา,15.444721,102.277221,NT|TUC,,,060363037135,NKR7926,060361025476|060367026576|060364120171,NKR7926|NKR7926|NMA0855
นครราชสีมา,15.546388,102.591388,TUC,,,,,060361025477,NKR7927
นครราชสีมา,14.556388,101.421388,TUC,,,,,060361025478|060367026571,NKR7928|NKR7928
นครราชสีมา,14.632499,101.409166,NT|TUC,,,060362180585,NKR8676,060358048607|060367026854,NKR8676|NKR8676
ชัยภูมิ,15.787499,102.206111,NT|TUC,,,060362174304,CYP8533,060358048613|060364042226,CYP8533|CYP8533
นครราชสีมา,14.715555,102.144444,TUC,,,,,060358048615|060367026834,NKR8586|NKR8586
นครราชสีมา,14.953888,102.404444,NT|TUC,,,060362174321,NKR8700,060358048616,NKR8700
นครราชสีมา,14.74861,102.344999,TUC,,,,,060358017265|060367037259,NKR2460|NKR2460
ชัยภูมิ,15.81,102.251944,TUC,,,,,060358017268,CYP6740
ชัยภูมิ,15.871943,102.228888,TUC,,,,,060358017269,CYP6754
นครราชสีมา,14.370554,101.85,TUC,,,,,060358056712,NKR1605
นครราชสีมา,14.394721,101.794999,NT|TUC,,,060360186813,NKR1955,060358056713,NKR1955
นครราชสีมา,14.500277,101.547499,NT|TUC,,,060360186887,NKR1959,060358056717,NKR1959
นครราชสีมา,14.890277,102.021388,TUC,,,,,060358056718|060367037193,NKR1661|NKR1661
นครราชสีมา,14.99861,102.123888,NT|TUC,,,060368039498,NKR8528,060358056724|060367026818,NKR8528|NKR8528
นครราชสีมา,14.865555,101.705277,TUC,,,,,060358036691|060367037261,NKR8602|NKR8602
นครราชสีมา,15.184166,102.5025,NT|TUC,,,060362180581,NKR8609,060358036692|060367026838,NKR8609|NKR8609
นครราชสีมา,14.764444,102.166943,NT|TUC,,,060368039517,NKR8612,060358036693|060364042399,NKR8612|NKR8612
นครราชสีมา,15.287499,101.569721,TUC,,,,,060358036754|060367026782,NKR1629|NKR1629
นครราชสีมา,14.617777,101.208333,NT|TUC,,,060360249310,NKR6849,060358036763|060367037262,NKR6849|NKR6849
ชัยภูมิ,15.415,101.831666,TUC,,,,,060358022811,CYP3004
นครราชสีมา,15.003611,102.56,TUC,,,,,060359142920|060367026795,NKR8672|NKR8672
นครราชสีมา,15.015,102.409444,TUC,,,,,060359184489|060367037198,NKR0034|NKR0034
นครราชสีมา,14.68111,102.05,NT|TUC,,,060359181740,NKR1912,060359184490,NKR1912
นครราชสีมา,15.053888,102.611666,TUC,,,,,060359184587,NKR7116
นครราชสีมา,14.951944,102.122777,TUC,,,,,060359184590,NKR7134
นครราชสีมา,14.4625,101.906944,TUC,,,,,060358056794,NKR1620
นครราชสีมา,14.48361,101.601388,NT|TUC,,,060361036557,NKR1958,060358056795,NKR1958
นครราชสีมา,14.903333,102.011944,TUC,,,,,060358056827,NKR1513
นครราชสีมา,15.04611,102.132221,TUC,,,,,060358056843|060367026819,NKR8537|NKR8537
นครราชสีมา,14.970832,102.147499,TUC,,,,,060358056844|060367026822,NKR8549|NKR8549
นครราชสีมา,14.97861,102.105277,TUC,,,,,060358056852,NKR8584
นครราชสีมา,14.63361,101.209722,TUC,,,,,060358056880|060365054662,SRB6009|SRB6009
นครราชสีมา,14.988333,102.060833,TUC,,,,,060358064693|060367026848,NKR8649|NKR8649
นครราชสีมา,14.520832,101.52361,NT|TUC,,,060368039532,NKR8745,060358064694|060367026796,NKR8745|NKR8745
นครราชสีมา,14.588055,101.399721,TUC,,,,,060358064712,NKR5544
นครราชสีมา,15.207777,101.766943,TUC,,,,,060358048455|060364042398,NKR8603|NKR8603
นครราชสีมา,14.689166,101.404444,NT|TUC,,,060362180590,NKR8683,060358048491|060367026857,NKR8683|NKR8683
นครราชสีมา,14.911944,102.067499,NT|TUC,,,060368039871,NKR1903,060358058979|060364042356,NKR1903|NKR1903
ชัยภูมิ,16.500277,101.75,TUC,,,,,060358017215,CYP6742
ชัยภูมิ,15.492221,101.961111,TUC,,,,,060358017216|060360033959,CYP6743|CYP6743
นครราชสีมา,14.99361,101.679721,NT|TUC,,,060357067444,NKR6784,060358017222,NKR6784
นครราชสีมา,15.785555,102.305277,NT|TUC,,,060360247133,NKR6806,060358017223,NKR6806
นครราชสีมา,15.551111,102.068054,NT|TUC,,,060360239273,NKR6797,060358017224,NKR6797
ชัยภูมิ,15.793055,101.345555,TUC,,,,,060358017228,CYP6703
ชัยภูมิ,15.775832,101.699444,NT|TUC,,,060360048762,CYP6713,060358017229|060360034205,CYP6713|CYP6713
ชัยภูมิ,15.486666,101.898888,NT|TUC,,,060360048763,CYP6718,060358017230|060360033958,CYP6718|CYP6718
ชัยภูมิ,15.468888,101.750555,NT|TUC,,,060360048767,CYP6739,060358017231,CYP6739
ชัยภูมิ,16.414166,101.978888,TUC,,,,,060358017232,CYP6756
นครราชสีมา,14.824999,102.511944,NT|TUC,,,060360239267,NKR6707,060358017234,NKR6707
นครราชสีมา,14.735555,101.369166,TUC,,,,,060358017235|060367030120,NKR6744|NKR6744
นครราชสีมา,15.16861,102.665833,NT|TUC,,,060358010415,NKR6769,060358017236,NKR6769
นครราชสีมา,15.470554,102.293888,NT|TUC,,,060360048799,NKR6799,060358017237,NKR6799
นครราชสีมา,14.699444,102.003611,TUC,,,,,060358017238,NKR6819
นครราชสีมา,14.519443,101.437221,NT|TUC,,,060361186887,NMA0157-L23,060358046635|060358007257|060367037191,NKR1632|NMA0157-U21|NKR1632
นครราชสีมา,14.650277,101.408611,TUC,,,,,060358046636|060367026680,NKR1636|NKR1636
นครราชสีมา,14.518888,101.372777,TUC,,,,,060358046637|060367026683,NKR1643|NKR1643
นครราชสีมา,14.542499,101.321666,TUC,,,,,060358046638,NKR1650
นครราชสีมา,14.569999,101.292777,TUC,,,,,060358046639|060368044305,NKR1651|NKR1651
นครราชสีมา,14.379166,101.715,TUC,,,,,060358046641|060367030105,NKR1956|NKR1956
นครราชสีมา,15.615277,102.220832,NT|TUC,,,060360048795,NKR6768,060359042307|060368071623,NKR6768|NKR6768
นครราชสีมา,14.990277,102.708611,NT|TUC,,,060357079878,NKR6830,060359042308|060367026742,NKR6830|NKR6830
นครราชสีมา,15.134444,102.514166,TUC,,,,,060359001054,NKR8690
นครราชสีมา,14.734721,102.393055,NT|TUC,,,060359044223,NKR6557,060359001084|060367026807,NKR8664|NKR8664
นครราชสีมา,15.003055,102.501388,TUC,,,,,060359001085,NKR8694
นครราชสีมา,15.243888,102.366388,TUC,,,,,060359001086|060367026859,NKR8699|NKR8699
นครราชสีมา,15.143888,102.318054,NT|TUC,,,060359181744,NKR0052,060358022812|060364042339,NKR0052|NKR0052
นครราชสีมา,14.565833,102.184999,NT|TUC,,,060359178790,NKR0086,060358022813,NKR0086
นครราชสีมา,14.696388,101.955833,NT|TUC,,,060357080142,NKR1616,060358022815,NKR1616
นครราชสีมา,14.899721,102.4,NT|TUC,,,060359181808,NKR1978,060358022816,NKR1978
นครราชสีมา,15.418054,102.563055,NT|TUC,,,060368039872,NKR2045,060358022817|060367037260,NKR2045|NKR2045
นครราชสีมา,14.573054,101.978332,TUC,,,,,060358022861|060367026778|060360132615,NKR1971|NKR1971|NKR1971
นครราชสีมา,14.806111,102.424999,NT|TUC,,,060360186865,NKR1977,060358022862|060367026777|060360048860,NKR1977|NKR1977|NKR1977
นครราชสีมา,15.044999,102.046944,NT|TUC,,,060359181756,NKR1901,060358022872|060367026685,NKR1901|NKR1901
นครราชสีมา,14.88861,102.168888,TUC,,,,,060358022883|060367026891,NKR0075|NKR0075
นครราชสีมา,15.191944,101.588333,NT|TUC,,,060360249307,NKR6715,060358022893|060367026732,NKR6715|NKR6715
นครราชสีมา,15.332221,101.923888,NT|TUC,,,060360048788,NKR6739,060358022894|060367026750,NKR6739|NKR6739
นครราชสีมา,15.254722,102.524443,NT|TUC,,,060360239269,NKR6771,060358022895|060367026713,NKR6771|NKR6771
นครราชสีมา,15.33861,101.823332,NT|TUC,,,060362174318,NKR6774,060358022896|060367026715,NKR6774|NKR6774
นครราชสีมา,15.5625,102.464166,NT|TUC,,,060360048796,NKR6790,060358022897,NKR6790
นครราชสีมา,15.225277,101.62361,NT|TUC,,,060360239272,NKR6792,060358022898|060367030121,NKR6792|NKR6792
นครราชสีมา,15.389444,101.967499,NT|TUC,,,060360239319,NKR6796,060358022899,NKR6796
นครราชสีมา,15.551666,102.768054,NT|TUC,,,060360239277,NKR6831,060358022900|060367026727,NKR6831|NKR6831
นครราชสีมา,15.372499,102.506944,NT|TUC,,,060360239318,NKR6777,060358022914|060367026720,NKR6777|NKR6777
ชัยภูมิ,16.479999,102.191944,TUC,,,,,060358022929,CYP6720
ชัยภูมิ,15.656111,101.821943,NT|TUC,,,060360048766,CYP6734,060358022930,CYP6734
ชัยภูมิ,16.372221,102.256666,TUC,,,,,060358022931|060360033961,CYP6755|CYP6755
ชัยภูมิ,16.288333,102.2575,TUC,,,,,060358022932|060360033963,CYP6764|CYP6764
นครราชสีมา,15.308333,102.055,NT|TUC,,,060358010412,NKR6703,060358022942,NKR6703
นครราชสีมา,15.343888,102.297777,TUC,,,,,060358022943|060367026746,NKR6708|NKR6708
นครราชสีมา,14.424166,102.291666,NT|TUC,,,060360249313,NKR6732,060358022944|060367026736,NKR6732|NKR6732
นครราชสีมา,14.348888,102.321666,TUC,,,,,060358022945|060367026808,NKR6735|NKR6735
นครราชสีมา,15.593333,102.266111,NT|TUC,,,060360239312,NKR6737,060358022946,NKR6737
นครราชสีมา,15.664166,102.208888,NT|TUC,,,060360048792,NKR6761,060358022947|060367026752,NKR6761|NKR6761
นครราชสีมา,15.453055,102.397221,NT|TUC,,,060360239271,NKR6781,060358022948|060360211575,NKR6781|NKR6781
นครราชสีมา,14.527221,102.196388,TUC,,,,,060358022949|060367026738,NKR6783|NKR6783
นครราชสีมา,15.053611,102.254166,TUC,,,,,060358022950|060367026753,NKR6785|NKR6785
ชัยภูมิ,15.992777,102.338888,NT|TUC,,,060358047097,CYP6714,060358030731,CYP6714
ชัยภูมิ,15.555277,101.950833,TUC,,,,,060358030732|060360033964,CYP6775|CYP6775
ชัยภูมิ,16.391944,102.416943,TUC,,,,,060358030741|060360217748,CYP6765|CYP6765
ชัยภูมิ,15.706666,102.067221,TUC,,,,,060358030742|060360218138,CYP6776|CYP6776
ชัยภูมิ,16.156666,101.881388,NT|TUC,,,060357067439,CYP6793,060358030743|060360033965,CYP6793|CYP6793
นครราชสีมา,14.938333,101.49861,TUC,,,,,060358030748|060367030116,NKR6856|NKR6856
ชัยภูมิ,15.768888,102.078888,TUC,,,,,060358030758|060360032638,CYP6702|CYP6702
ชัยภูมิ,15.589721,101.906944,NT|TUC,,,060360048768,CYP6746,060358030770|060368071598,CYP6746|CYP6746
ชัยภูมิ,15.445277,101.862777,NT|TUC,,,060358047061,CYP6752,060358030771|060360217856,CYP6752|CYP6752
ชัยภูมิ,15.843055,102.16,TUC,,,,,060358030772,CYP6753
ชัยภูมิ,15.754444,101.862222,TUC,,,,,060358030773|060360033962,CYP6761|CYP6761
ชัยภูมิ,15.548888,101.816666,TUC,,,,,060358030774,CYP6763
ชัยภูมิ,16.292221,101.985833,TUC,,,,,060358030775,CYP6774
ชัยภูมิ,16.127777,101.479999,TUC,,,,,060358030776|060360034207,CYP6788|CYP6788
นครราชสีมา,15.460833,101.980832,NT|TUC,,,060357067585,CYP6799,060358030777|060360022997,CYP6799|CYP6799
นครราชสีมา,15.100555,102.630554,NT|TUC,,,060357080479,NKR6762,060358017180|060367030118,NKR6762|NKR6762
นครราชสีมา,15.415,102.477777,TUC,,,,,060358017181|060368044306,NKR6779|NKR6779
นครราชสีมา,15.427499,102.348055,NT|TUC,,,060360187105,NKR0036,060358036865|060367037181,NKR0036|NKR0036
นครราชสีมา,15.077499,102.538888,NT|TUC,,,060360187112,NKR1900,060358036866,NKR1900
นครราชสีมา,15.119443,102.46,TUC,,,,,060358036867|060367026534,NKR1962|NKR1962
นครราชสีมา,15.266943,102.218888,NT|TUC,,,060361036560,NKR1968,060358036868|060367026536,NKR1968|NKR1968
นครราชสีมา,14.941666,102.496944,NT|TUC,,,060361036565,NKR1979,060358036869,NKR1979
นครราชสีมา,14.636944,101.362222,TUC,,,,,060358036870,NKR2000
นครราชสีมา,15.359444,102.416111,NT|TUC,,,060359181765,NKR2026,060358036871,NKR2026
นครราชสีมา,15.414166,102.141944,NT|TUC,,,060360187118,NKR2032,060358036872,NKR2032
ชัยภูมิ,15.517221,101.78361,TUC,,,,,060358042311|060364042227,CYP8537|CYP8537
ชัยภูมิ,15.818054,102.098333,NT|TUC,,,060362180386,CYP8529,060358042364,CYP8529
ชัยภูมิ,16.176388,101.951666,TUC,,,,,060358042365|060362166326,CYP8531|CPM0124-U21
นครราชสีมา,14.962777,102.131666,NT|TUC,,,060368039501,NKR8547,060358042385|060364042395,NKR8547|NKR8547
นครราชสีมา,14.738888,102.167221,TUC,,,,,060358042386|060364042396,NKR8581|NKR8581
นครราชสีมา,14.950833,101.950277,NT|TUC,,,060365024772,NKR8614,060358042387|060367037189,NKR8614|NKR8614
นครราชสีมา,14.898888,101.9025,NT|TUC,,,060368039527,NKR8667,060358042388|060363035457,NKR8667|NKR8667
นครราชสีมา,15.137777,101.603055,TUC,,,,,060358042405|060364042403,NKR8693|NKR8693
ชัยภูมิ,16.406944,102.345555,NT|TUC,,,060368039622,CYP1603,060357068375|060367048693,CYP1603|CYP1603
นครราชสีมา,14.715277,102.019999,TUC,,,,,060357068384|060367026889,NKR0035|NKR0035
นครราชสีมา,14.432777,102.477777,NT|TUC,,,060357080191|060367021114,NKR1609|NKR1609,060357068385|060364042350,NKR1609|NKR1609
นครราชสีมา,15.156388,101.684999,TUC,,,,,060357068386|060364042360,NKR1930|NKR1930
นครราชสีมา,15.248888,101.869999,TUC,,,,,060357068387|060367026543,NKR1989|NKR1989
นครราชสีมา,14.905555,101.982499,TUC,,,,,060357068388|060367026879,NKR2036|NKR2036
นครราชสีมา,15.310833,101.964722,NT|TUC,,,060368039874,NKR2421,060357068389|060364042367,NKR2421|NKR2421
นครราชสีมา,14.573332,102.152777,NT|TUC,,,060367087284,NKR5916,060367051070,NKR5916
นครราชสีมา,14.990277,102.128054,TUC,,,,,060367051071,NKR5926
นครราชสีมา,15.526943,102.497777,NT|TUC,,,060367087291,NKR5948,060367051072,NKR5948
นครราชสีมา,14.980832,102.204444,TUC,,,,,060367051073,NKR5958
นครราชสีมา,14.870277,102.192777,TUC,,,,,060367051074,NKR5964
นครราชสีมา,14.841666,101.620554,TUC,,,,,060367051075,NKR6405
นครราชสีมา,14.776666,102.114722,NT|TUC,,,060367087294,NKR6470,060367051076,NKR6470
นครราชสีมา,14.957222,102.073054,TUC,,,,,060367051077,NKR7009
นครราชสีมา,14.703333,101.413333,NT|TUC,,,060367087299,NKR7012,060367051078|060357075423,NKR7012|NKR7012
นครราชสีมา,14.691388,101.683054,TUC,,,,,060366038177,SRB7649
นครราชสีมา,14.394721,101.684999,TUC,,,,,060366038178,SRB7654
นครราชสีมา,14.678054,101.683054,TUC,,,,,060366038179,SRB7657
นครราชสีมา,14.850833,101.572499,TUC,,,,,060367000129,NKR6942
นครราชสีมา,15.035277,102.169721,TUC,,,,,060367000131,NKR6826
นครราชสีมา,14.539721,101.400833,NT|TUC,,,060367087297,NKR6950,060367000132,NKR6950
นครราชสีมา,14.956944,102.045833,TUC,,,,,060367000133,NKR6958
นครราชสีมา,14.827499,101.598888,NT|TUC,,,060367087298,NKR6960,060367000134,NKR6960
นครราชสีมา,14.506388,101.506666,TUC,,,,,060367000135,NKR6962
นครราชสีมา,14.640277,101.463611,NT|TUC,,,060367087296,NKR6946,060367000136,NKR6946
นครราชสีมา,14.601111,101.616943,TUC,,,,,060367000137,NKR6954
ชัยภูมิ,16.375277,102.128888,TUC,,,,,060367000138,CYP5600
ชัยภูมิ,16.023054,102.024721,TUC,,,,,060367000139,CYP6724
ชัยภูมิ,16.101111,102.256666,TUC,,,,,060367000140,CYP6757
นครราชสีมา,14.663888,101.524166,NT|TUC,,,060367087275,NKR5823,060367000141,NKR5823
ชัยภูมิ,15.89361,101.669166,TUC,,,,,060366068985,NKW7250
ชัยภูมิ,15.649166,101.669721,TUC,,,,,060366068986,NKW7262
ชัยภูมิ,15.906111,101.665555,TUC,,,,,060366068991,NKW6569
ชัยภูมิ,15.733054,101.665555,TUC,,,,,060366068993,NKW6580
ชัยภูมิ,15.704444,101.659166,TUC,,,,,060366068996,NKW6562
ชัยภูมิ,15.915833,101.665555,TUC,,,,,060366068997,NKW6564
นครราชสีมา,15.260555,101.672499,TUC,,,,,060366068998,NKW7204
นครราชสีมา,14.510277,101.93111,AWN|NT|TUC,060359022613,870775 ศูนย์วิจัยสิ่งแวดล้อมสะแกราช,060366000667,870775_SKRST,060366016664,NKR7129
นครราชสีมา,14.981666,102.101111,TUC,,,,,060366016666,NKRA139
นครราชสีมา,14.982221,102.119721,TUC,,,,,060366016667,NKR7389
นครราชสีมา,15.269999,101.789166,NT|TUC,,,060367051609,NKR5866,060366014049,NKR5866
นครราชสีมา,15.289444,101.774999,NT|TUC,,,060367087280,NKR5867,060366014050,NKR5867
ชัยภูมิ,16.253611,102.239999,NT|TUC,,,060367051576,CYP7215,060366014051,CYP7215
นครราชสีมา,15.209722,102.495833,TUC,,,,,060366014058,NKR7372
นครราชสีมา,14.801111,102.201388,NT|TUC,,,060367051610,NKR5907,060366014059,NKR5907
นครราชสีมา,14.606111,102.175832,NT|TUC,,,060367051611,NKR5912,060366014060,NKR5912
นครราชสีมา,14.978054,102.070832,TUC,,,,,060366022028,NKR7427
นครราชสีมา,14.739444,102.159166,AWN|NT|TUC,060361041541,871876 เทสโก้โลตัส โชคชัย,060366002642,871876_TLTCC,060366022038|060365096265,NKR7442|NKR8266
นครราชสีมา,15.596388,102.419166,AWN|NT|TUC,060358001042,870113 เทสโก้โลตัส บัวใหญ่),060360193486,870113_TCLBY,060366022039,NKR7443
นครราชสีมา,14.57361,101.28111,TUC,,,,,060366022065,NKR6964
ชัยภูมิ,15.828332,101.427777,TUC,,,,,060366022084,CYP7153
นครราชสีมา,14.649721,101.408611,TUC,,,,,060366022086|060366031790,NKR8281|NKR8281
นครราชสีมา,14.651388,101.303055,TUC,,,,,060366059122,NKR7973
นครราชสีมา,14.489444,101.561666,TUC,,,,,060366059123,NKR7995
นครราชสีมา,15.596388,102.419443,TUC,,,,,060366059124,NKR8270
นครราชสีมา,14.532221,101.578054,TUC,,,,,060366059125,NKRA153
นครราชสีมา,14.433333,102.458055,TUC,,,,,060366059127|060366059128|060365066927,NKRA178|NKRA179|NKRA178
นครราชสีมา,14.977777,102.098333,TUC,,,,,060366059129,NKRA185
นครราชสีมา,14.871943,101.618888,TUC,,,,,060366059130,NKRA294
นครราชสีมา,14.970277,102.085833,NT|TUC,,,060366077496,,060366059131,NKR8764
นครราชสีมา,15.433054,102.330277,TUC,,,,,060366059132|060366012240,NKR8285|NKR8285
นครราชสีมา,14.89111,101.723888,TUC,,,,,060366059133,NKR8277
ชัยภูมิ,15.82111,102.043055,TUC,,,,,060357016568|060367048696,CYP2094|CYP2094
ชัยภูมิ,15.8125,102.03111,NT|TUC,,,060360186809,CYP1900,060357016571|060367048694,CYP1900|CYP1900
นครราชสีมา,14.57111,101.511944,TUC,,,,,060366066244,NKRA363
นครราชสีมา,14.881388,101.6125,TUC,,,,,060366066247,NKRA249
นครราชสีมา,14.891388,102.004722,TUC,,,,,060366066250,NKR7689
นครราชสีมา,14.386388,101.819721,TUC,,,,,060366066252,NKRX004
นครราชสีมา,14.388055,101.810277,TUC,,,,,060366066253,NKR7612
นครราชสีมา,14.379721,101.819999,TUC,,,,,060366066254,NKR7613
นครราชสีมา,14.370832,101.815833,TUC,,,,,060366066255,NKR7614
นครราชสีมา,15.682221,102.239999,TUC,,,,,060366059402,NKR5822
ชัยภูมิ,15.813055,102.055555,TUC,,,,,060366059403,CYP7147
ชัยภูมิ,15.788055,101.956944,TUC,,,,,060366059404,CYP7163
นครราชสีมา,15.202777,101.756388,TUC,,,,,060366059405,NKR5863
นครราชสีมา,15.228054,101.582777,NT|TUC,,,060367087281,NKR5872,060366059406,NKR5872
นครราชสีมา,15.161944,102.231943,TUC,,,,,060366059407,NKR5876
นครราชสีมา,15.020277,102.187499,TUC,,,,,060366059408,NKR5893
นครราชสีมา,15.248055,101.815555,TUC,,,,,060366059409,NKR5882
นครราชสีมา,15.308888,101.715833,TUC,,,,,060366059410,NKR5868
นครราชสีมา,15.183054,102.077777,TUC,,,,,060366059418,NKR8289
นครราชสีมา,15.505833,102.752222,NT|TUC,,,060367087305,NKRA085,060366059373,NKRA085
นครราชสีมา,14.620554,101.376943,TUC,,,,,060366059374,NKRA270
นครราชสีมา,14.890833,102.010555,AWN|NT|TUC,060357069120,870096 ข้างสวนป่าบ้านพักบุคลากร มทส.18,060363105887,870096_SPBPT,060366059376,NKRA114
นครราชสีมา,14.897777,102.013888,TUC,,,,,060366059377,NKRA115
นครราชสีมา,14.83361,101.563888,TUC,,,,,060366059378,NKRA182
นครราชสีมา,14.958055,102.045555,TUC,,,,,060366059379,NKRA199
นครราชสีมา,14.631388,101.384444,TUC,,,,,060366059380,NKRA269
นครราชสีมา,14.626943,101.377499,AWN|NT|TUC,060359193869,871512ศูนย์ฯ ไลฟ์ เอ็นเนอจี้ฯ,060366002639,871512_LERLC,060366059381,NKRA271
นครราชสีมา,14.767499,102.205833,TUC,,,,,060366059382,NKRA297
นครราชสีมา,14.628888,102.218332,TUC,,,,,060366059383,NKRA291
นครราชสีมา,14.985555,101.797221,TUC,,,,,060366059384,NKRA295
นครราชสีมา,14.55,101.955277,TUC,,,,,060366059385,NKRA296
นครราชสีมา,14.734721,101.294444,TUC,,,,,060366059386,
นครราชสีมา,14.724166,101.440555,TUC,,,,,060366059387,NKRS011
นครราชสีมา,14.717777,101.434721,TUC,,,,,060366059388,NKRS016
นครราชสีมา,14.788333,101.430554,TUC,,,,,060366059389,NKRX001
นครราชสีมา,14.771388,101.413888,TUC,,,,,060366059390,NKRX005
นครราชสีมา,14.921943,101.466666,NT|TUC,,,060367087301,NKR7937,060366059391,NKR7937
นครราชสีมา,14.873888,101.670554,NT|TUC,,,060367087302,NKR7977,060366059392,NKR7977
นครราชสีมา,14.655277,101.301944,TUC,,,,,060366059393,NKR7998
นครราชสีมา,14.655277,101.299721,TUC,,,,,060366059394,NKR7999
นครราชสีมา,14.551388,101.579166,TUC,,,,,060366059395,NKR8765
นครราชสีมา,14.555833,101.310277,TUC,,,,,060366059396,NKRA049
นครราชสีมา,14.891666,102.017777,TUC,,,,,060366059397,NKRA051
นครราชสีมา,14.89611,102.009722,TUC,,,,,060366059398,NKRA053
นครราชสีมา,14.962222,102.173054,TUC,,,,,060366031373,NKRS029
นครราชสีมา,14.833054,101.619999,TUC,,,,,060366031374,NKRA301
นครราชสีมา,15.210277,102.496388,TUC,,,,,060366031720|060366031721,NKR7371|NKR7372
นครราชสีมา,14.595555,101.366111,TUC,,,,,060366031775,NKR6411
นครราชสีมา,15.111944,101.683888,TUC,,,,,060366039226,LBR8556
นครราชสีมา,14.543333,101.683888,TUC,,,,,060366039227,SRB7640
นครราชสีมา,14.859444,101.687221,TUC,,,,,060366039228,SRB7646
นครราชสีมา,14.621943,101.682499,TUC,,,,,060366039229,SRB7650
นครราชสีมา,14.597221,101.684444,TUC,,,,,060366039230,SRB7651
นครราชสีมา,14.838055,101.684721,TUC,,,,,060366039231,SRB7652
นครราชสีมา,14.815,101.685555,TUC,,,,,060366039232,SRB7653
นครราชสีมา,15.413888,102.163611,TUC,,,,,060366038305,NKRA370
ชัยภูมิ,15.89111,102.050555,TUC,,,,,060366038306,CYP6469
นครราชสีมา,14.798888,102.035555,TUC,,,,,060366038307,NKRA366
นครราชสีมา,15.285555,102.462222,TUC,,,,,060366038313,NKRA372
นครราชสีมา,15.216388,102.919166,TUC,,,,,060366038315,NKRA374
นครราชสีมา,14.879443,101.801111,TUC,,,,,060367049335,NKRA380
นครราชสีมา,15.13861,101.844999,NT|TUC,,,060361036545,NKR1929,060367026693|060357068147,NKR1929|NKR1929
นครราชสีมา,14.673888,101.410555,TUC,,,,,060367026694|060362167343,NKR5803|NKR5803
นครราชสีมา,14.703333,101.403333,TUC,,,,,060367026695|060362186359,NKR5808|NKR5808
นครราชสีมา,15.14611,102.199721,NT|TUC,,,060365078099,NKR5874,060367026699|060362232826,NKR5874|NKR5874
นครราชสีมา,15.070554,102.140277,TUC,,,,,060367026700|060362030034,NKR5889|NKR5889
นครราชสีมา,14.894999,102.151388,AWN|NT|TUC,060357038151|060363087192,870063 กรีนการ์เด้นท์|870063 กรีนการ์เด้นท์,060361127403,870063_GGDEN,060367026701,NKR5899
นครราชสีมา,14.905555,102.148333,TUC,,,,,060367026702|060362029937,NKR5901|NKR5901
นครราชสีมา,14.831388,102.222499,NT|TUC,,,060365078102,NKR5908,060367026703|060362232829,NKR5908|NKR5908
นครราชสีมา,15.094444,102.484999,NT|TUC,,,060363038418,NKR5941,060367026704|060362211333,NKR5941|NKR5941
นครราชสีมา,14.965555,102.085833,TUC,,,,,060367026705|060362199757,NKR5952|NKR5952
นครราชสีมา,14.353611,102.466388,NT|TUC,,,060363038422,NKR5959,060367026706|060362211334,NKR5959|NKR5959
นครราชสีมา,15.21861,102.913611,AWN|NT,060359131244,871383 บ้านยาง-ลำทะเมนชัย,060366002627,871383_BYLTC,,
นครราชสีมา,14.872777,102.022499,AWN|NT,060364016576|060360092218,871598 สถาบันวิจัยแสงซินโครตรอน|871598 สถาบันวิจัยแสงซินโครตรอน,060366002641,871598_STLRI,,
นครราชสีมา,14.605555,101.360277,AWN|NT,060361222837,872843 เขาใหญ่แฟนตาซี,060366002658,872843_KYFTS,,
นครราชสีมา,14.632499,101.41,AWN|NT,060361222893|060363087246,872844 วัดบ้านนา-ปากช่อง|872844 วัดบ้านนา-ปากช่อง,060366002659,872844_WBNPC,,
นครราชสีมา,14.971943,102.101111,AWN|NT,060363131215,872879 สี่แยกวัดสระแก้ว-อาคารไทยรัฐ,060366002660,872879_SKTRB,,
นครราชสีมา,15.494721,102.854444,NT|TUC,,,060365078104,NKR5922,060362030278,NKR5922
นครราชสีมา,15.024166,101.96,NT|TUC,,,060365078105,NKR5927,060362232830,NKR5927
นครราชสีมา,15.063611,101.949721,NT|TUC,,,060365078106,NKR5928,060362232831,NKR5928
นครราชสีมา,15.050555,101.965833,NT|TUC,,,060365078107,NKR5929,060362232832,NKR5929
นครราชสีมา,14.792499,102.309166,NT|TUC,,,060365078122,NKR6471,060362115815,NKR6471
นครราชสีมา,14.44611,101.818888,NT|TUC,,,060365078123,NKR6474,060362030144,NKR6474
นครราชสีมา,15.270554,102.263611,NT|TUC,,,060365078138,NKR7919,060362029972|060367026570,NKR7919|NKR7919
นครราชสีมา,15.254722,102.601111,NT|TUC,,,060365078155,NKRA084,060363000171,
นครราชสีมา,14.695555,102.073054,NT|TUC,,,060365078093,NKR5843,060362167345,NKR5843
นครราชสีมา,14.818332,101.439999,NT|TUC,,,060365078095,NKR5854,060362211330,NKR5854
นครราชสีมา,15.505,102.87861,NT|TUC,,,060365078109,NKR5933,060362030130,NKR5933
นครราชสีมา,15.135833,102.651111,NT|TUC,,,060365078111,NKR5953,060362131698,NKR5953
นครราชสีมา,14.873332,102.022499,NT|TUC,,,060365078134|060365078133,NKR7285|NKR7284,060362030231|060362030232,NKR7284|NKR7285
นครราชสีมา,14.7128718544792,101.500130639931,NT*,,,060365078136|030347006038|030347005992,NKR7356||,,
นครราชสีมา,15.271666,101.934999,NT|TUC,,,060365078143,NKR7943,060362115818,
นครราชสีมา,15.302777,102.299444,NT|TUC,,,060365078145,NKR7961,060362232835,NKR7961
นครราชสีมา,15.039999,102.702777,NT|TUC,,,060365078150,NKR7996,060362131701,NKR7996
นครราชสีมา,14.936666,101.876388,NT|TUC,,,060365078152,NKRA061,060362131702,NKRA061
นครราชสีมา,15.124166,102.082777,AWN|NT|TUC,060364143559,874534 บ้านไพล-โนนไทย,060365078101|060367058292,NKR5888|874534_PINOT,060363120830,NKR5888
นครราชสีมา,15.049166,101.995555,NT|TUC,,,060365078108,NKR5930,060363120701,NKR5930
นครราชสีมา,15.673888,102.154722,NT|TUC,,,060365078110,NKR5950,060363120832,NKR5950
นครราชสีมา,14.875277,102.025554,NT|TUC,,,060365078135,NKR7286,060362030263,NKR7286
นครราชสีมา,14.844721,101.58861,NT|TUC,,,060365078151,NKRA047,060363027547,NKRA047
นครราชสีมา,15.372499,101.920554,NT|TUC,,,060365078153,NKRA078,060362167344,NKRA078
นครราชสีมา,15.272499,101.901111,NT|TUC,,,060365078096,NKR5864,060362232825,NKR5864
นครราชสีมา,15.308055,101.897499,NT|TUC,,,060365078097,NKR5865,060362233063,NKR5865
นครราชสีมา,15.752777,102.320832,NT|TUC,,,060365078112,NKR5954,060362030137,NKR5954
นครราชสีมา,15.329166,102.319443,NT|TUC,,,060365078113,NKR5972,060362232833,NKR5972
นครราชสีมา,15.166666,101.6125,NT|TUC,,,060365078114,NKR5973,060362232834,NKR5973
นครราชสีมา,14.965,101.677221,NT|TUC,,,060365078115,NKR5974,060362131665,NKR5974
นครราชสีมา,15.316666,101.720554,NT|TUC,,,060365078116,NKR5975,060362030343,NKR5975
นครราชสีมา,14.949166,102.085555,NT|TUC,,,060365078129,NKR6852,060367026744|060359009326,NKR6852|NKR6852
นครราชสีมา,14.85,102.084999,NT|TUC,,,060365078130,NKR7142,060362030253,NKR7142
นครราชสีมา,14.967221,102.541944,NT|TUC,,,060365078132,NKR7253,060362030229,NKR7253
นครราชสีมา,15.255555,102.179721,NT|TUC,,,060365078146,NKR7967,060362131667,NKR7967
นครราชสีมา,15.125277,101.919721,NT|TUC,,,060365078148,NKR7982,060362131700,NKR7982
นครราชสีมา,14.477221,101.57111,NT|TUC,,,060365078149,NKR7992,060362131668,NKR7992
ชัยภูมิ,16.479999,101.998888,NT|TUC,,,060365024729,CYP6425,060362131692,CYP6425
ชัยภูมิ,15.812777,102.022499,NT|TUC,,,060365024731,CYP8506,060359193802|060364042223,CYP8506|CYP8506
นครราชสีมา,14.972777,102.103333,NT|TUC,,,060365024763,NKR7003,060367026561|060357055602,NKR7003|NKR7003
นครราชสีมา,15.001111,102.226388,NT|TUC,,,060365024765,NKR7246,060367026581|060362030228,NKR7246|NKR7246
ชัยภูมิ,15.608611,101.846388,NT|TUC,,,060365024808,CPM0203-U21,060365008607,CPM0203-U21
นครราชสีมา,14.887499,102.405833,NT|TUC,,,060365024268,NMA0495-L23,060364157925,NMA0495-U21
ชัยภูมิ,16.135833,102.170832,NT|TUC,,,060365008533,CPM0091-L23,060357044065,CPM0091-U21
นครราชสีมา,14.821666,101.498333,NT|TUC,,,060365008556,NMA0599-L23,060360029330,NMA0599-U21
นครราชสีมา,14.543055,101.334999,NT|TUC,,,060365004022,,060364157992,มหาชน)บริเวณพรีโมเพียซซ่า เขาใหญ่(RM-NMA0414/M
นครราชสีมา,15.055277,102.369443,NT|TUC,,,060365024269,NMA0862-L23,060364157926,NMA0862
นครราชสีมา,14.527499,102.253333,NT|TUC,,,060365024291,NMA0878-L23,060368044667|060365008662,NKR0878|NMA0878
ชัยภูมิ,15.4025,101.617499,NT|TUC,,,060365024266,CPM0249-L23,060364157921,CPM0249
ชัยภูมิ,15.589999,101.906666,NT|TUC,,,060365008534,CPM0155-L23,060360121889,CPM0155-U21
นครราชสีมา,14.655,102.317499,NT|TUC,,,060365008554,NMA0284-L23,060357038423,NMA0284-U21
ชัยภูมิ,16.240555,102.17111,NT|TUC,,,060365137692,CYP6400,060362029820,CYP6400
ชัยภูมิ,15.494999,101.78361,NT|TUC,,,060365137706,CYP6424,060362131691|060367048699,CYP6424|CYP6424
ชัยภูมิ,16.486388,102.026388,NT|TUC,,,060365137707,CYP6426,060362064187,CYP6426
ชัยภูมิ,16.325832,102.008611,NT|TUC,,,060365137708,CYP7131,060362030219,CYP7131
ชัยภูมิ,15.93111,102.239444,NT|TUC,,,060365137709,CYP7132,060362030220,CYP7132
นครราชสีมา,14.606666,101.534721,NT,,,060365048663,NMA0298-L23,,
นครราชสีมา,14.601666,101.485277,NT|TUC,,,060365048671,NMA0883-L23,060365026301,NMA0883
นครราชสีมา,14.548055,101.42861,NT|TUC,,,060365048672,NMA0884-L23,060368044651|060365026302,NMA0884|NMA0884
นครราชสีมา,14.542221,101.241666,NT|TUC,,,060364157397,NMA0329-L23,060356028178,NMA0329-U21
ชัยภูมิ,16.427499,101.857777,NT,,,060364157440|060367122106,CPM0081-L23|CPM0081,,
นครราชสีมา,14.829443,102.089999,AWN|NT|TUC,060365061802|060357084190,870197 หนองพวงใหญ่ ซอย1-ไชยมงคล|870197 หนองพวงใหญ่ ซอย1-ไชยมงคล,060364141013|060360119397,NMA0643-L23|870197_NPYCM,060362166860,NMA0774-U21
นครราชสีมา,14.957777,102.044721,NT|TUC,,,060364143673,RM-NMA0510/C-L23,060361169550,RM-NMA0510/C-U21
นครราชสีมา,14.956666,102.04361,NT|TUC,,,060364143675,RM-NMA0511/A-L23,060361173612,RM-NMA0511/A-U21
นครราชสีมา,15.025277,101.917221,NT|TUC,,,060364118444,NMA0847-L23,060364056690,NMA0847
นครราชสีมา,14.69111,101.543888,NT|TUC,,,060364118478,NMA0818-L23,060363087609,NMA0818
ชัยภูมิ,15.844166,101.405833,NT,,,060364157439,CPM0022-L23,,
นครราชสีมา,14.851944,101.721666,AWN|NT|TUC,060358008860,870360 บุโสน-มะเกลือใหม่),060364141012|060360120799,NMA0643-L23|870360_BSNMK,060362166851,NMA0643-U21
นครราชสีมา,15.306944,101.433333,NT,,,060364141037,UBN0203-L23,,
นครราชสีมา,15.718332,102.235277,NT|TUC,,,060364143649,NMA0850-L23,060364055892,NMA0850
นครราชสีมา,14.957777,102.043888,NT|TUC,,,060364143674,RM-NMA0510/E-L23,060361169551,RM-NMA0510/E-U21
นครราชสีมา,14.953055,102.045833,NT|TUC,,,060364143676,RM-NMA0511/D-L23,060361173613|060360217596,RM-NMA0511/D-U21|NKR8505
นครราชสีมา,15.233888,102.495555,NT|TUC,,,060364165005,NMA0854-L23,060368044680|060364120127,NKR0854|NMA0854
นครราชสีมา,14.849166,101.57111,NT|TUC,,,060364165021,NMA0857-L23,060364143618,NMA0857
นครราชสีมา,14.929166,102.107222,NT|TUC,,,060364118493,NMA0841-L23,060363120484,NMA0841
ชัยภูมิ,15.546388,101.612777,NT|TUC,,,060365024730,CYP7118,060362131661,CYP7118
นครราชสีมา,14.993055,102.122777,NT|TUC,,,060365024762,NKR7002,060363074389,NKR7002
นครราชสีมา,14.698055,102.005277,NT|TUC,,,060365024764,NKR7245,060367026583|060362030227,NKR7245|NKR7245
นครราชสีมา,14.988055,102.119999,NT|TUC,,,060365024771,NKR8220,060360204191,NKR8220
นครราชสีมา,14.568054,102.19111,NT,,,060364141035,NMA0199-L23,,
นครราชสีมา,14.957777,102.045833,NT|TUC,,,060364143672,RM-NMA0510/A-L23,060361169549,RM-NMA0510/A-U21
นครราชสีมา,14.907777,102.111111,AWN|NT|TUC,060364040657,874501บ้านหนองไผ่-โพธิ์กลาง,060364118492,NMA0770-L23,060362005256,NMA0770-U21
นครราชสีมา,14.543055,101.319999,NT|TUC,,,060365024767,NKR7291,060367026577|060362030234,NKR7291|NKR7291
นครราชสีมา,14.947221,102.014722,NT|TUC,,,060365024770,NKR7917,060367026569|060363123447,NKR7917|NKR7917
นครราชสีมา,15.070277,102.139999,NT|TUC,,,060364165020,NMA0681-L23,060368044549|060364148591,NKR0681|NMA0681-U21
ชัยภูมิ,15.817777,102.098055,NT|TUC,,,060364118383,CPM0149-L23,060359046447,CPM0149-U21
นครราชสีมา,15.18861,102.284721,NT|TUC,,,060364118397,NMA0641-L23,060360237982,NMA0641-U21
นครราชสีมา,15.177777,101.813888,NT|TUC,,,060364157398,NMA0746-L23,060361173652,NMA0746-U21
นครราชสีมา,15.001388,102.561666,NT|TUC,,,060364157411,NMA0058-L23,060356035291,NMA0058-U21
ชัยภูมิ,16.29361,102.261111,NT|TUC,,,060364157441,CPM0243-L23,060364055889,CPM0243
นครราชสีมา,14.706111,101.216666,AWN|NT,060358027461,230159 ฉิมกุล,060365027518,230159_CIMKM,,
นครราชสีมา,14.719166,101.236666,AWN|NT,060357006677|060365089457,230192 ค่ายลูกเสือนวภพ|230192 ค่ายลูกเสือนวภพ,060365027519,230192_NWPCM,,
นครราชสีมา,14.459444,101.905555,NT|TUC,,,060364157450,NMA0156-L23,060356029777,NMA0156-U21
นครราชสีมา,14.569721,101.293055,NT|TUC,,,060364157451,NMA0235-L23,060357000925|060368044691,NMA0235-U21|NKR0235
นครราชสีมา,14.555833,101.272499,NT,,,060364157452,NMA0311-L23,,
นครราชสีมา,14.334999,102.450555,NT,,,060364157453,NMA0851-L23,,
นครราชสีมา,14.800277,102.192777,NT|TUC,,,060363157819,NMA0501-L23,060368044341|060360261892,NMA0501|NMA0501-U21
นครราชสีมา,14.940277,101.782499,NT,,,060363157860,NMA0229-L23,,
นครราชสีมา,14.983888,102.1025,NT|TUC,,,060363157894,NMA0831-L23,060363102788|060363019613,NMA0831|NKR7433
นครราชสีมา,14.543333,101.335833,NT|TUC,,,060364062975,RM-NMA0414/F-L23,060362166453,RM-NMA0414/F-U21
นครราชสีมา,14.985833,102.098333,NT|TUC,,,060363157820,NMA0820-L23,060363114136,NMA0820
นครราชสีมา,14.740277,102.217499,NT|TUC,,,060363157877,NMA0839-L23,060363102777,NMA0839
นครราชสีมา,14.844721,101.589444,NT|TUC,,,060364062974,RM-NMA0411/E-L23,060361173611,RM-NMA0411/E-U21
นครราชสีมา,15.105833,102.428054,NT|TUC,,,060363157856,NMA0793-L23,060361169740,NMA0793-U21
นครราชสีมา,15.166943,101.733333,NT|TUC,,,060363144113,NMA0803-L23,060362013448,NMA0803-U21
นครราชสีมา,14.883333,101.9,AWN|NT,060363100197|060359059081,878625 โรงงานแคนนอน นวนคร นครราชสีมา|878625 โรงงานแคนนอน นวนคร นครราชสีมา,060363059820,878625_CNNMP,,
นครราชสีมา,14.975277,102.098333,AWN|NT,060357045829,878803 ประตูชุมพล,060363059834,878803_CPGAT,,
นครราชสีมา,14.847499,101.879443,AWN|NT,060365087721|060357045834,878809กุดขมิ้น-สูงเนิน|878809กุดขมิ้น-สูงเนิน,060363059835,878809_KMNSG,,
นครราชสีมา,14.973054,102.104444,AWN|NT,060357045837,878817 สุรนารีการสุรา,060363059836,878817_SNKSR,,
นครราชสีมา,14.665555,102.051944,AWN|NT,060365068557|060357038168,878841 นางเหริญ-ปักธงชัย|878841 นางเหริญ-ปักธงชัย,060363059837,878841_NRPTC,,
นครราชสีมา,14.714166,102.022221,AWN|NT,060357083994,878985 หน้าโลตัสปักธงชัย,060363059850,878985_LTPTC,,
ชัยภูมิ,16.367777,102.127777,NT|TUC,,,060362269026,CPM0198-L23,060362252605,CPM0198-U21
นครราชสีมา,14.973054,102.099166,NT|TUC,,,060362268937,NMA0821-L23,060362252478,NMA0821
นครราชสีมา,14.938333,102.272499,NT|TUC,,,060363038222,BRR6436,060362194249,BRR6436
ชัยภูมิ,16.414444,102.418332,NT|TUC,,,060363038253,CYP7219,060362211326,CYP7219
นครราชสีมา,14.951388,102.044166,AWN|NT,060358078873,870825 ปริชาติทันตแพทย์,060363059138,870825_PRCDT,,
นครราชสีมา,14.871943,101.850277,AWN|NT,060358079555,870828 โรงงาน NK แม็คคาทรอนิกส์ 2 สูงเนิน,060363059140,870828_NKMSG,,
นครราชสีมา,14.927499,101.783054,AWN|NT,060358078879,870845บ้านแปะโนนไฮ-สูงเนิน,060363059145,870845_PNHSN,,
ชัยภูมิ,15.39861,101.865555,NT,,,060363059147,870848_KSMDK,,
นครราชสีมา,14.975832,102.076943,AWN|NT,060358078892,870866 มีวิจิตร อพาร์ทเม้นท์-ถนนมุขมนตรี,060363059154,870866_MWJMT,,
นครราชสีมา,15.32361,102.727499,AWN|NT,060359033021,870870 ใกล้วิทยาลัยการอาชีพชุมพวง,060363059156,870870_KACMP,,
นครราชสีมา,14.788333,101.930554,AWN|NT,060359044728,870890 บริษัท กระเบื้องหลังคาซีแพค-ปักธงชัย,060363059161,870890_KBLCP,,
นครราชสีมา,14.431388,102.475832,AWN|NT,060358079638,870895 FM.94.75MHz เสิงสาง,060363059163,870895_FMMSG,,
นครราชสีมา,14.759444,101.448055,AWN|NT,060359052082,870920 โรงงานฟูไน-ปากช่อง,060363059165,870920_FNPCF,,
นครราชสีมา,14.874721,101.568332,AWN|NT,060359022626,870949 วัดประสิทธิ์บูรพาราม-คลองไผ่),060363059170,870949_WPSKP,,
นครราชสีมา,14.745833,102.164166,AWN|NT,060359022629,870952ข้างปั้มคาลเท็กซ์-โชคชัย,060363059172,870952_PCTKC,,
นครราชสีมา,14.796388,102.216943,AWN|NT,060359022643,870967 กุดจอกน้อย-โชคชัย,060363059179,870967_KCNCC,,
นครราชสีมา,15.103611,102.775554,AWN|NT,060359022646,870970 หลังวัดเจริญราษฎร์บำรุง,060363059181,870970_LWCRB,,
นครราชสีมา,14.986388,102.104722,AWN|NT,060363087229|060359022652,870977 ภัทริน อพาร์ทเมนท์|870977 ภัทริน อพาร์ทเมนท์,060363059186,870977_PTRAP,,
นครราชสีมา,14.980554,102.096666,NT|TUC,,,060363037873,NKR9300,060360048029,NKR9300
นครราชสีมา,14.550833,101.459444,NT|TUC,,,060363073937,NMA0307-L23,060357039903|060368044737,NMA0307-U21|NMA0307
นครราชสีมา,14.571388,102.151388,NT|TUC,,,060363073939,NMA0478-L23,060360215385,NMA0478-U21
นครราชสีมา,15.209166,102.475554,AWN|NT,060359022620,870934 บจก.พิมายเมืองใหม่),060363059168,870934_PMNCT,,
นครราชสีมา,15.359722,102.363333,AWN|NT,060359022622,870943 วัดบ้านหนองตาไก้-โนนสูง,060363059169,870943_WTKNS,,
นครราชสีมา,15.120832,101.711388,AWN|NT,060359022647,870971หนองระมัง-ตะเคียนด่านขุนทด,060363059182,870971_NRMTK,,
นครราชสีมา,15.359444,102.934999,AWN|NT,060359046652,870973 บ้านลำทะเมนชัย-ชุมพวง,060363059183,870973_LTMCP,,
นครราชสีมา,15.498333,102.367777,AWN|NT,060359022649,870974ข้างวัดบ้านไร่-โนนทองหลาง,060363059184,870974_WBRTL,,
นครราชสีมา,15.102222,102.771943,AWN|NT,060359022650,870975 ข้างวัดเจริญราษฎร์บำรุงฯ,060363059185,870975_WCRCP,,
นครราชสีมา,14.708333,101.419999,NT|TUC,,,060363073938,NMA0318-L23,060359156344,NMA0318-U21
นครราชสีมา,15.149166,102.260555,NT|TUC,,,060363073940,NMA0610-L23,060360261734,NMA0610-U21
นครราชสีมา,14.541666,101.374721,NT|TUC,,,060363037126,NKR7154,060367026557|060360218818,NKR7154|NKR7154
นครราชสีมา,14.55,101.433054,NT|TUC,,,060363037723,NKR2060,060367026876|060357068334,NKR2060|NKR2060
นครราชสีมา,15.254444,102.409444,NT|TUC,,,060363013206,NMA0690-L23,060363005141,NMA0690-U21
นครราชสีมา,15.309444,102.910833,NT|TUC,,,060363038413,NKR5900,060362181709,NKR5900
นครราชสีมา,15.048055,101.898888,NT|TUC,,,060363038415,NKR5931,060362186324,NKR5931
นครราชสีมา,14.839721,102.535555,NT|TUC,,,060363038424,NKR5969,060362211336,NKR5969
นครราชสีมา,14.981388,102.075832,AWN|NT,060360100274,878074 อพาร์เมนต์-เดอะมอลล์นครราชสีมา,060363059778,878074_AMTMN,,
นครราชสีมา,15.487499,102.416388,AWN|NT,060356016922|060365061614,878271 เสมาใหญ่)|878271 เสมาใหญ่),060363059793,878271_SEMYM,,
นครราชสีมา,15.592499,102.266388,AWN|NT,060356033944|060366077533,878280 หนองบัวสะอาด|878280 หนองบัวสะอาด,060363059794,878280_NBSAM,,
นครราชสีมา,15.273332,102.021943,AWN|NT,060365068552|060356016923,878281 สายออ|878281 สายออ,060363059795,878281_SAIOM,,
นครราชสีมา,14.946944,102.687221,AWN|NT,060367029018|060356016955,878473 โรงเรียนบ้านแสนสุขห้วยแถลง|878473 ร.ร.บ้านแสนสุขห้วยแถลง,060363059809,878473_SHTSM,,
นครราชสีมา,15.240277,102.579999,AWN|NT,060363120365|060356016956,878482 บ้านตะบองพิมาย|878482 บ้านตะบองพิมาย,060363059810,878482_BBPMM,,
นครราชสีมา,15.123054,102.451388,AWN|NT,060356028977|060363120366,878487โรงงานน้ำตาลพิมาย|878487,060363059811,878487_PSFTM,,
นครราชสีมา,15.110833,101.634166,AWN|NT,060356028980,878717หินดาด-ด่านขุนทด,060363059825,878717_HDKTM,,
นครราชสีมา,14.928332,102.139166,AWN|NT,060356028994,878743 สงวนการช่าง-หนองบัวศาลา,060363059826,878743_SGNBA,,
นครราชสีมา,14.980832,102.11861,AWN|NT,060356028996,878751 ชุมชนศาลาลอย,060363059827,878751_CSLLA,,
นครราชสีมา,15.53111,102.711944,AWN|NT,060356029000,878758 แยกประทาย,060363059829,878758_YPTIM,,
นครราชสีมา,15.252777,102.411666,AWN|NT,060365068558|060357055144,878868 ซอยเทศบาล 9-ตลาดแค|878868 ซอยเทศบาล9-ตลาดแค,060363059842,878868_STLKE,,
นครราชสีมา,14.965277,102.11,AWN|NT,060363100235|060357039334,878905 โรงเรียนหัวทะเล|878905 โรงเรียนหัวทะเล,060363059844,878905_HTLSC,,
นครราชสีมา,14.500833,102.241944,NT|TUC,,,060363057845,NMA0731-L23,060362027148,NMA0731-U21
นครราชสีมา,14.557777,101.286666,NT|TUC,,,060363037724,NKR5508,060367037195|060359142961,NKR5508|NKR5508
นครราชสีมา,14.596666,101.374999,NT,,,060363019431,NMA0172-L23,,
นครราชสีมา,14.981388,102.075554,AWN|NT,060360100275,878074 สำนักงาน-เดอะมอลล์นครราชสีมา,060363059780,878074_OFTMN,,
นครราชสีมา,15.421666,102.231943,AWN|NT,060365087687|060357021168,878228 หนองหัวฟาน|878228 หนองหัวฟาน,060363059791,878228_NHFNM,,
นครราชสีมา,15.135277,101.629721,AWN|NT,060356016925|060366031080,878283 บ้านหินดาด|878283 บ้านหินดาด,060363059796,878283_BHDAM,,
นครราชสีมา,14.548333,102.100277,AWN|NT,060365087700|060356027391,878398 ซับก้านเหลือง|878398 ซับก้านเหลือง,060363059805,878398_SKLNM,,
นครราชสีมา,15.110833,102.158888,AWN|NT,060365087702|060356027392,878413|878413หนองไข่น้ำ,060363059807,878413_KNAMM,,
นครราชสีมา,15.68861,102.656944,AWN|NT,060365068554|060356016964,878513|878513 อบต.วังไม้แดง-ประทาย,060363059814,878513_WDPTM,,
นครราชสีมา,15.458888,102.273332,AWN|NT,060365061630|060356016966,878526 ทองหลาง-เมืองคง|878526 ทองหลาง-เมืองคง,060363059816,878526_TLMKM,,
นครราชสีมา,14.903333,102.113333,AWN|NT,060363100198|060356016971,878631 หนองพลวงมะนาว|878631 หนองพลวงมะนาว,060363059821,878631_NPMNM,,
นครราชสีมา,14.37861,101.776666,AWN|NT,060368020866|060359033043,878696 เดินดินดูดาว|878696 เดินดินดูดาว,060363059823,878696_DDDWM,,
นครราชสีมา,14.511666,101.440833,AWN|NT,060363100216|060357055334,878759 วัดคลองเดื่อ|878759วัดคลองเดื่อ,060363059830,878759_WKDUM,,
นครราชสีมา,14.897777,101.899166,AWN|NT,060359059082,878794 หอพักแคนนอน นวนคร นครราชสีมา,060363059832,878794_CNANM,,
นครราชสีมา,14.965555,102.085555,AWN|NT,060359022638,870961หลังโรงพยาบาลค่ายสุรนารี,060363059176,870961_BKSRH,,
นครราชสีมา,14.877777,101.841388,AWN|NT,060359022639,870962 โรงแรมเสมานคร-สูงเนิน,060363059177,870962_SEMHS,,
นครราชสีมา,14.981943,102.091944,AWN|NT|TUC,060357002437,878138 บิ๊กซี นครราชสีมา,060363037726|060363059783,NKR9001|878138_PBCNP,060357063731,NKR9001
ชัยภูมิ,16.179721,102.213888,AWN|NT,060356023367|060365061583,877067|877067,060363059557,877067_PDHKM,,
ชัยภูมิ,16.166388,102.248888,AWN|NT,060365068546|060358046807,877165 หนองแก แก้งคร้อ|877165 หนองแก แก้งคร้อ,060363059564,877165_NKKLM,,
ชัยภูมิ,16.079166,101.79861,AWN|NT,060364062874|060356016904,877186 การประปา หนองบัวแดง|877186การประปา หนองบัวแดง,060363059566,877186_NBWTM,,
ชัยภูมิ,15.77861,102.025554,AWN|NT,060357084256,877255 บิ๊กซี ชัยภูมิ,060363059568,877255_BCYPM,,
ชัยภูมิ,15.907222,102.315555,AWN|NT,060365083198|060358004347,877293 โนนโพธิ์-คอนสวรรค์|877293โนนโพธิ์-คอนสวรรค์,060363059573,877293_NPKSW,,
ชัยภูมิ,15.783333,101.896666,AWN|NT,060358078903,877395 บ้านหนองปอ-บ้านเขว้า,060363059584,877395_NPBKW,,
ชัยภูมิ,16.24361,101.927499,NT|TUC,,,060363037501,CYP7136,060360048161,CYP7136
นครราชสีมา,15.040277,102.311666,NT|TUC,,,060363037526,NKR7207,060360048398,NKR7207
ชัยภูมิ,16.366388,102.133333,AWN|NT,060359033042,877478 ร้านชูชัยเทเลคอม-ตำบลผักปัง,060363059768,877478_CCTLP,,
ชัยภูมิ,16.432499,102.316111,AWN|NT,060359104970,877522 บ้านหินลาด-สามสวน,060363059770,877522_BHLSS,,
นครราชสีมา,15.057222,102.166388,NT|TUC,,,060362268812,NMA0654-L23,060361111063,NMA0654-U21
นครราชสีมา,14.81,101.99611,NT|TUC,,,060363037528,NKR7227,060360113900,NKR7227
นครราชสีมา,14.873888,101.763055,NT|TUC,,,060363037529,NKR8656,060367026773|060360048315,NKR8656|NKR8656
ชัยภูมิ,16.361944,102.117499,AWN|NT,060359126477,877397 โรงเรียนเทคโนโลยีภูเขียวบริหารธุรกิจ,060363059763,877397_TNPKB,,
ชัยภูมิ,15.882221,102.105,AWN|NT,060359022593,877401 ซับพระไวซ์-ชัยภูมิ,060363059764,877401_SPWCP,,
ชัยภูมิ,16.243888,102.297499,AWN|NT,060365103307|060359015368,877430|877430 หนองศาลา-แก้งคร้อ,060363059765,877430_NSLKK,,
ชัยภูมิ,15.842499,102.063055,AWN|NT,060359015449,877444 รุ่งนภาหัตถเวช-เมืองชัยภูมิ,060363059766,877444_RHWCP,,
ชัยภูมิ,15.92611,101.989999,AWN|NT,060358079391,877450 โนนสะอาด-นาฝาย,060363059767,877450_NSANF,,
ชัยภูมิ,16.048055,101.767499,NT|TUC,,,060363037500,CYP7119,060360113884,CYP7119
นครราชสีมา,14.784444,101.821943,NT|TUC,,,060363037527,NKR7217,060360113899,NKR7217
ชัยภูมิ,15.815,102.035555,AWN|NT,060358078904,877396 หน้าโรงแรมเลิศนิมิตร,060363059762,877396_LNMHT,,
นครราชสีมา,14.970554,102.063611,NT|TUC,,,060363038126,NKR7128,060360240786,NKR7128
ชัยภูมิ,15.914166,102.272221,NT|TUC,,,060363038094,CYP1802,060360204244,CYP1802
ชัยภูมิ,16.006944,101.746944,NT|TUC,,,060363038095,CYP8532,060360218657,CYP8532
ชัยภูมิ,15.563055,102.019443,NT|TUC,,,060363038096,CYP8534,060360218658,CYP8534
นครราชสีมา,14.585833,101.37111,NT|TUC,,,060363038127,NKR7401,060367037222|060361079391,NKR7401|NKR7401
นครราชสีมา,14.6025,101.370832,NT|TUC,,,060363038128,NKR7403,060367037223|060361079392,NKR7403|NKR7403
นครราชสีมา,15.004444,102.59611,NT|TUC,,,060363038417,NKR5937,060362181710,NKR5937
นครราชสีมา,15.021388,102.663888,NT|TUC,,,060363038419,NKR5943,060362181711,NKR5943
นครราชสีมา,15.568332,102.581388,NT|TUC,,,060363038420,NKR5947,060362181712,NKR5947
นครราชสีมา,14.984166,102.179721,NT,,,060361156492,NMA0626-L23,,
นครราชสีมา,15.019443,102.065555,NT,,,060361156494,NMA0628-L23,,
นครราชสีมา,15.049444,102.122221,NT|TUC,,,060361156501,NMA0657-L23,060360261548,NMA0657-U21
นครราชสีมา,14.887777,101.639444,AWN|NT,060359104919,870903 วิทยาลัยเกษตร-สีคิ้ว,060361156454,NMA0144-L23,,
นครราชสีมา,14.745555,102.030832,NT,,,060361156455,NMA0146-L23,,
นครราชสีมา,14.929721,101.681666,NT,,,060361156456,NMA0148-L23,,
นครราชสีมา,14.983888,102.097221,NT,,,060361156471,NMA0346-L23,,
นครราชสีมา,14.877499,101.766666,NT,,,060361156473,NMA0360-L23,,
นครราชสีมา,14.991388,102.089444,NT|TUC,,,060361156487|060368039507,NMA0608-L23|NKR8579,060360219008|060367026833,NKR8579|NKR8579
นครราชสีมา,15.065833,102.109444,NT|TUC,,,060361156488,NMA0616-L23,060368044694|060360249268,NMA0616|NMA0616-U21
นครราชสีมา,14.901388,102.055,NT,,,060361156489,NMA0622-L23,,
นครราชสีมา,15.01861,102.011111,NT,,,060361156490,NMA0623-L23,,
ชัยภูมิ,15.804166,102.026388,NT|TUC,,,060361160214,CYP6510,060367128527,CYP2346
นครราชสีมา,14.42111,102.464444,AWN|NT,060356033383,878153 เสิงสาง,060361170108,NMA0053-L23,,
นครราชสีมา,14.678054,101.911388,NT,,,060361156544,NMA0166-L23,,
นครราชสีมา,14.772777,101.982221,NT,,,060361156546,NMA0269-L23,,
นครราชสีมา,14.973332,102.1125,NT,,,060361156635,NMA0025-L23,,
นครราชสีมา,15.216666,102.075277,NT,,,060361183842,NMA0030-L23,,
นครราชสีมา,15.089999,101.718888,NT,,,060361170109,NMA0063-L23,,
นครราชสีมา,14.379166,101.871666,NT,,,060361170110,NMA0071-L23,,
นครราชสีมา,14.610833,101.442221,NT,,,060361170111,NMA0140-L23,,
นครราชสีมา,14.534999,101.392221,NT,,,060361156548,NMA0354-L23,,
นครราชสีมา,14.842221,101.610833,NT,,,060361156549,NMA0411-L23,,
นครราชสีมา,14.533888,101.370277,NT,,,060361156550,NMA0414-L23,,
นครราชสีมา,14.975832,102.086388,NT|TUC,,,060361156551,NMA0570-L23,060360262071|060368071734,NMA0570-U21|NKR7453
นครราชสีมา,15.08361,102.251111,AWN|NT|TUC,060359121718,870905 โรงงานจัสโมเดิร์น,060361156877,NMA0243-L23,060368044732|060357061995,NMA0243|NMA0243-U21
นครราชสีมา,15.215833,102.551666,NT,,,060361154623,NMA0168-L23,,
นครราชสีมา,15.559166,102.412222,NT,,,060361154625,NMA0347-L23,,
นครราชสีมา,14.677777,101.461388,NT|TUC,,,060361179813,NMA0142-L23,060356033525,NMA0142-U21
นครราชสีมา,15.005833,102.27611,NT,,,060361156873,NMA0074-L23,,
นครราชสีมา,14.942499,102.2625,NT,,,060361156874,NMA0185-L23,,
นครราชสีมา,14.989721,102.653888,NT,,,060361156875,NMA0194-L23,,
นครราชสีมา,15.153333,101.694444,NT,,,060361156876,NMA0214-L23,,
นครราชสีมา,15.411944,102.554444,AWN|NT|TUC,060359104926,871027 หนองโจด-โนนแดง,060361154619,NMA0055-L23,060356031666,NMA0055-U21
นครราชสีมา,15.185833,102.339999,NT,,,060361154620,NMA0066-L23,,
นครราชสีมา,14.979999,102.076388,NT,,,060361179833,NMA0340-L23,,
นครราชสีมา,14.961944,102.03861,NT|TUC,,,060361179834|060362180578,NMA0551-L23|NKR8540,060360219002|060360100622|060367026820,NKR8540|NMA0551-U21|NKR8540
นครราชสีมา,14.98111,102.091666,NT,,,060361173421,NMA0335-L23,,
นครราชสีมา,15.108055,102.291666,NT,,,060361173422,NMA0344-L23,,
นครราชสีมา,14.877499,102.015833,NT|TUC,,,060361154624,NMA0249-L23,060367037255|060357075270,NKR1904|NKR1904
นครราชสีมา,14.955833,102.100555,NT,,,060361179812,NMA0097-L23,,
นครราชสีมา,14.980277,102.07611,NT|TUC,,,060361179835,NMA0592-L23,060363015016,NMA0592-U21
นครราชสีมา,14.794444,102.172777,NT,,,060361173419,NMA0139-L23,,
นครราชสีมา,15.01861,102.131388,NT,,,060361169892,NMA0189-L23,,
นครราชสีมา,15.005555,102.134999,NT,,,060361169891,NMA0125-L23,,
นครราชสีมา,15.003611,102.080277,NT,,,060361169893,NMA0200-L23,,
นครราชสีมา,14.979999,102.116666,NT|TUC,,,060361169898|060361156486,NMA0605-L23|NMA0605-L23,060368163891|060360040713,NKR0605|NMA0605-U21
นครราชสีมา,15.036944,102.187499,NT,,,060361156450,NMA0128-L23,,
นครราชสีมา,15.082499,102.220554,NT,,,060361156452,NMA0135-L23,,
นครราชสีมา,14.883054,101.974999,NT,,,060361156459,NMA0178-L23,,
นครราชสีมา,14.975832,102.052777,NT,,,060361156461,NMA0188-L23,,
นครราชสีมา,14.895277,102.18861,NT,,,060361156466,NMA0260-L23,,
นครราชสีมา,14.705555,101.442777,NT,,,060361156470,NMA0330-L23,,
นครราชสีมา,14.881943,101.854166,AWN|NT,060363100200|060356003150,878656 ฉัตรมงคลอพาร์ทเมนต์|878656 ฉัตรมงคลอพาร์ทเมนต์,060361156475|060360118881,NMA0404-L23|878656_CKAMM,,
นครราชสีมา,15.009722,101.993888,AWN|NT,060356003116|060365087678,878162 บ้านสีมุม|878162 บ้านสีมุม,060361156477|060362226937,NMA0581-L23|878162_BSIMM,,
นครราชสีมา,14.977499,102.108333,AWN|NT,060363100167|060356049974,878375 ยมราช|878375 ยมราช,060361156484|060360205101,NMA0598-L23|878375_YORTM,,
นครราชสีมา,14.978054,102.149166,NT,,,060361156491,NMA0624-L23,,
นครราชสีมา,15.018332,102.1125,NT|TUC,,,060361156493,NMA0627-L23,060360215387,NMA0627-U21
นครราชสีมา,14.869443,102.161388,NT,,,060361156495,NMA0631-L23,,
นครราชสีมา,14.727777,102.015277,NT,,,060361156500,NMA0652-L23,,
นครราชสีมา,15.031666,102.040277,NT|TUC,,,060361156502,NMA0687-L23,060361078876,NMA0687-U21
นครราชสีมา,14.890277,102.02111,NT,,,060361169894,NMA0343-L23,,
นครราชสีมา,14.987499,102.123332,NT,,,060361169896,NMA0593-L23,,
นครราชสีมา,14.940277,102.140277,NT|TUC,,,060361169897,NMA0602-L23,060360130697,NMA0602-U21
นครราชสีมา,14.933333,102.190833,NT,,,060361156448,NMA0122-L23,,
นครราชสีมา,15.033333,102.111944,NT,,,060361156449,NMA0127-L23,,
นครราชสีมา,14.942499,102.158333,NT,,,060361156462,NMA0209-L23,,
นครราชสีมา,14.703611,101.408055,NT,,,060361156463,NMA0227-L23,,
นครราชสีมา,14.659444,101.385555,NT,,,060361156464,NMA0240-L23,,
นครราชสีมา,14.635555,101.24111,NT,,,060361156465,NMA0248-L23,,
นครราชสีมา,15.03611,102.123054,NT,,,060361156479,NMA0585-L23,,
นครราชสีมา,14.992499,102.108888,NT,,,060361156480,NMA0591-L23,,
นครราชสีมา,14.963611,102.066943,NT,,,060361156481,NMA0594-L23,,
นครราชสีมา,14.912222,101.938333,NT,,,060361156482,NMA0595-L23,,
นครราชสีมา,14.734721,101.429166,NT|TUC,,,060361156496,NMA0636-L23,060360218387,NMA0636-U21
นครราชสีมา,14.877777,101.714166,NT|TUC,,,060361156497,NMA0645-L23,060368044695|060360267497,NMA0645|NMA0645-U21
นครราชสีมา,15.013055,102.08611,NT,,,060361156498,NMA0646-L23,,
นครราชสีมา,15.008055,102.069721,NT,,,060361156499,NMA0649-L23,,
นครราชสีมา,14.524166,101.481943,NT,,,060361170162,NMA0281-L23,,
ชัยภูมิ,15.926666,102.281943,NT,,,060361157059,CPM0008-L23,,
ชัยภูมิ,16.409444,102.355833,NT,,,060361157061,CPM0018-L23,,
ชัยภูมิ,16.521943,101.997499,NT,,,060361157066,CPM0060-L23,,
ชัยภูมิ,16.493888,102.050555,NT,,,060361157068,CPM0070-L23,,
นครราชสีมา,14.5,102.169721,NT,,,060361157077,NMA0241-L23,,
ชัยภูมิ,16.317499,102.196666,NT,,,060361157062,CPM0034-L23,,
ชัยภูมิ,15.781666,102.200277,NT|TUC,,,060361157063,CPM0037-L23,060356032884|060368044666,CPM0037-U21|CPM0037
ชัยภูมิ,16.538888,101.901388,NT,,,060361157064,CPM0052-L23,,
ชัยภูมิ,16.331388,102.271943,NT,,,060361157065,CPM0057-L23,,
ชัยภูมิ,15.807777,102.024721,AWN|NT,060356033378|060363087291,877149หน้ากองช่างชัยภูมิ|877149กองช่างชัยภูมิ,060361144480,877149_NKCPM,,
นครราชสีมา,14.844166,102.192221,AWN|NT,060356016221,878076 ด่านเกวียน,060361144489,878076_DNKNM,,
นครราชสีมา,14.739444,102.152222,AWN|NT,060365069266|060356001400,878133 ขนส่งโชคชัย|878133 ขนส่งโชคชัย,060361144491,878133_CCTTM,,
นครราชสีมา,14.743333,102.035833,AWN|NT,060364092995|060357009731,878826 โคกเห็ดไคล-ปังธงชัย|878826 โคกเห็ดไคล-ปังธงชัย,060361144498,878826_HEDKP,,
นครราชสีมา,14.727499,102.017777,AWN|NT,060365087469|060356003124,878261วัดโพธิ์เมืองปัก|,060361144492,878261_WPMPM,,
นครราชสีมา,14.810833,102.345555,AWN|NT,060365087709|060356016958,878497ลุงเขว้าหนองบุญมาก|878497 ลุงเขว้าหนองบุญมาก,060361144494,878497_LKBMM,,
นครราชสีมา,14.799166,102.191388,AWN|NT,060365008420|060356001605,878640 หนองโสน โชคชัย|878640 หนองโสน โชคชัย,060361144495,878640_NNCCM,,
ชัยภูมิ,15.772777,102.024443,NT,,,060361183975,CPM0083-L23,,
นครราชสีมา,15.242221,102.388333,NT,,,060361173418,NMA0023-L23,,
นครราชสีมา,14.623332,102.007777,NT,,,060361173420,NMA0151-L23,,
นครราชสีมา,14.526666,102.250833,NT,,,060361156996,NMA0040-L23,,
ชัยภูมิ,16.1125,102.253055,NT,,,060361157060,CPM0014-L23,,
ชัยภูมิ,16.046666,102.163888,NT,,,060361157067,CPM0064-L23,,
นครราชสีมา,14.546944,101.506666,NT,,,060361157078,NMA0302-L23,,
นครราชสีมา,14.994999,102.072777,NT,,,060361150307,NMA0518-L23,,
นครราชสีมา,15.024166,102.14111,NT|TUC,,,060361150309,NMA0520-L23,060359038551,NMA0520-U21
นครราชสีมา,14.950555,101.95,NT,,,060361150304,NMA0413-L23,,
นครราชสีมา,14.963333,102.133054,NT,,,060361150305,NMA0436-L23,,
นครราชสีมา,15.006666,102.101388,NT,,,060361150306,NMA0439-L23,,
นครราชสีมา,14.961944,102.107777,NT|TUC,,,060361150308,NMA0519-L23,060360100621,NMA0519-U21
นครราชสีมา,14.667499,101.427499,NT|TUC,,,060361150310,NMA0523-L23,060360267114,NMA0523-U21
นครราชสีมา,14.744444,102.185555,AWN|NT,060358026030,870466 กม.55ถนนโชคชัย-เดชอุดม,060361144474,870466_KMCDR,,
นครราชสีมา,14.734166,102.173054,AWN|NT,060356046376,878702 ชุมชนสระประทุม,060361144497,878702_CSPMM,,
นครราชสีมา,15.018888,101.774166,NT,,,060361160733,UBN0034-L23,,
นครราชสีมา,14.958055,102.148888,NT|TUC,,,060361150168,NMA0521-L23,060360238036,NMA0521-U21
นครราชสีมา,15.033333,102.166388,NT|TUC,,,060361150173,NMA0556-L23,060361090578,NMA0556-U21
นครราชสีมา,15.347777,101.851666,AWN|NT,060365087575|060359000058,870601 ไทรงาม-ด่านขุนทด|870601 ไทรงาม-ด่านขุนทด,060361127421,870601_SNGDK,,
นครราชสีมา,15.596388,102.659444,AWN|NT,060365087592|060359059424,870989 หันห้วยทราย- ประทาย|870989 หันห้วยทราย-ประทาย,060361127444,870989_HHSPT,,
นครราชสีมา,14.982221,102.109444,NT|TUC,,,060361114577,NMA0587-L23,060360247961,NMA0587-U21
นครราชสีมา,14.947221,102.051666,NT,,,060361114579,NMA0613-L23,,
นครราชสีมา,14.866111,101.708611,NT,,,060361114507,NMA0007-L23,,
นครราชสีมา,14.706388,101.421388,NT|TUC,,,060361114508,NMA0010-L23,060357061993,NMA0010-U21
นครราชสีมา,14.964722,102.089444,NT,,,060361114574,NMA0186-L23,,
นครราชสีมา,14.987499,102.194999,NT,,,060361114575,NMA0221-L23,,
นครราชสีมา,14.921943,102.171388,NT,,,060361114576,NMA0412-L23,,
นครราชสีมา,14.993888,102.103333,NT|TUC,,,060361114578,NMA0603-L23,060360249267,NMA0603-U21
นครราชสีมา,15.039444,102.148333,NT,,,060361114580,NMA0630-L23,,
นครราชสีมา,14.651944,101.354722,NT|TUC,,,060361139382,NMA0327-L23,060356036047,NMA0327-U21
นครราชสีมา,14.48361,101.601666,AWN|NT,060365103310|060356024051,878410|หนองคุ้ม,060360257702,878410_NGKUM,,
นครราชสีมา,14.509722,101.414444,AWN|NT,060357021182,878506 วัดโต่งโต้นเขาใหญ่),060360257709,878506_WTOTM,,
นครราชสีมา,14.51861,101.372777,AWN|NT,060363100192|060356002607,878542 บ้านคลองเพล-ปากช่อง|,060360257711,878542_KPPCM,,
นครราชสีมา,14.711944,101.409166,AWN|NT,060363100211|060356001840,878672 หนองกะจะ ปากช่อง|,060360257716,878672_NKJPM,,
นครราชสีมา,14.556944,101.394999,AWN|NT,060363100217|060357045832,878807 บ้านใหม่สามัคคี-หมูสี|878807 บ้านใหม่สามัคคี-หมูสี,060360257718,878807_MSKEM,,
นครราชสีมา,14.704444,101.411388,AWN|NT,060363100224|060357038172,878846 สถานีรถไฟปากช่อง|878846 สถานีรถไฟปากช่อง,060360257720,878846_PCTSI,,
นครราชสีมา,14.624999,101.441666,AWN|NT,060363100240|060357045843,878964 บ้านขนงพระใต้-ปากช่อง|878964 บ้านขนงพระใต้-ปากช่อง,060360257727,878964_KNTPC,,
นครราชสีมา,15.652777,102.161388,NT|TUC,,,060360247170,NKR6805,060360048962,NKR6805
นครราชสีมา,14.54111,101.597777,AWN|NT,060357084204,870240 เพิ่มสมบัติ-ปากช่อง,060360257654,870240_PSBPC,,
นครราชสีมา,14.640555,101.355555,AWN|NT,060363087205|060358008849,870338 รร.มัธยมวชิราลงกรณ์วราราม|870338 หน้า รร.มัธยมวชิราลงกรณ์ฯ,060360257656,870338_WCRLK,,
นครราชสีมา,14.651944,101.28861,NT,,,060360257657,870361_BDKDG,,
นครราชสีมา,14.713888,101.337499,AWN|NT,060356001824,878128 ภูพิมาน รีสอร์ท,060360257689,878128_PMRSM,,
นครราชสีมา,14.994444,102.072499,AWN|NT,060363100180|060356001413,878445 โรงเรียนสุรนารีวิทยาสอง|,060360257705,878445_SRNWM,,
นครราชสีมา,14.6625,101.394166,AWN|NT,060356011902,878479 โลตัส ปากช่อง,060360257707,878479_LSPCP,,
นครราชสีมา,14.670832,101.380554,AWN|NT,060363100227|060357055140,878857 บันไดไม้ ปากช่อง|878857 บันไดไม้ ปากช่อง,060360257721,878857_BDMPC,,
นครราชสีมา,14.580277,101.561944,AWN|NT,060364151752|060357060947,878872 บ้านเขาจันทร์หอม ปากช่อง|878872 บ้านเขาจันทร์หอมปากช่อง,060360257722,878872_KCHPC,,
นครราชสีมา,14.738055,101.424166,AWN|NT,060363100234|060357039333,878901 คุ้มไทรเอน2-ซับม่วง|878901คุ้มไทรเอน2-ซับม่วง,060360257723,878901_KSESM,,
นครราชสีมา,14.463333,101.652222,AWN|NT,060357039335,878906 บ้านบุเนิน-ปากช่อง,060360257724,878906_BUNPC,,
นครราชสีมา,15.691388,102.661944,NT|TUC,,,060361098783,,060358041859,NKR6755
นครราชสีมา,15.01861,102.134999,NT|TUC,,,060360259036|060366066567,NKR6788|NMA0900-L23,060366059344|060367026725|060357053634,NMA0900-U21|NKR6788|NKR6788
นครราชสีมา,14.951111,102.208333,NT,,,060360239274,NKR6813,,
นครราชสีมา,14.536944,101.248055,NT|TUC,,,060360239279,NKR6872,060360048970,NKR6872
นครราชสีมา,15.034444,102.126388,NT|TUC,,,060360239313,NKR6741,060367026767|060360217972,NKR6741|NKR6741
นครราชสีมา,14.938055,102.03361,NT|TUC,,,060360239315,NKR6757,060364042374|060357068940,NKR6757|NKR6757
ชัยภูมิ,15.656388,101.655,NT|TUC,,,060360239410,,060360241126,CYP6801
นครราชสีมา,14.639999,101.260555,NT,,,060360256724,NKR0068,,
ชัยภูมิ,15.935555,102.022777,NT|TUC,,,060360256136,CYP1602,060360132531|060358018956,CYP1602|CYP1602
นครราชสีมา,15.495277,102.463888,NT,,,060360247172,NKR6802,,
ชัยภูมิ,16.074999,101.808611,AWN|NT,060364151723|060359022591,877381 การไฟฟ้าหนองบัวแดง|877381 การไฟฟ้าหนองบัวแดง,060360119842,877381_KFNBD,,
ชัยภูมิ,16.087777,101.895833,AWN|NT,060359015359|060365087665,877420หนองบัวน้อย-เกษตรสมบูรณ์|877420หนองบัวน้อย-เกษตรสมบูรณ์,060360119844,877420_NBNSB,,
นครราชสีมา,14.631388,102.438333,AWN|NT,060357032170|060364100948,878460 บ้านหนองยายเทียม|878460 บ้านหนองยายเทียม,060360119858,878460_NYTMM,,
นครราชสีมา,14.942221,101.783054,AWN|NT,060364151746|060356033392,878495 เหมือดแอ่สูงเนิน|878495เหมือดแอ่สูงเนิน,060360119860,878495_MUEDM,,
นครราชสีมา,14.957777,102.12111,AWN|NT,060362248311|060357045825,874307หมู่บ้านมงคลชัยนิเวศน์-หัวทะเล|878798 หมู่บ้านมงคลนิเวศร์,060360119867,878798_MKNWV,,
นครราชสีมา,14.894999,101.848055,AWN|NT,060357008018,878909โรงงานเคเทค-สูงเนิน,060360119869,878909_KTFSN,,
นครราชสีมา,15.050277,101.965277,AWN|NT,060357038190|060365055941,878996 พันดุง-ขามทะเลสอ|878996 พันดุง-ขามทะเลสอ,060360119876,878996_PDKTS,,
ชัยภูมิ,15.732221,101.82611,AWN|NT,060359015361|060367029012,877422 โนนเชือก-จัตุรัส|877422 โนนเชือก-จัตุรัส,060360119845,877422_NCKCR,,
ชัยภูมิ,16.103055,102.205,AWN|NT,060359015362|060367001279,877423บ้านเซียม-แก้งคร้อ|877423 บ้านเซียม-แก้งคร้อ,060360119846,877423_BSMKK,,
ชัยภูมิ,16.123332,101.931943,AWN|NT,060365103309|060359015376,877446|877446หนองแต้-เกษตรสมบูรณ์,060360119848,877446_NTKSB,,
นครราชสีมา,15.247221,102.348055,AWN|NT,060365087710|060356056652,878500บ้านหลุมข้าวโนนสูง|878500 บ้านหลุมข้าวโนนสูง,060360119862,878500_LKNSM,,
นครราชสีมา,15.189999,102.284721,AWN|NT,060364136812|060356016961,878502 บ้านเพิกโนนสูง|878502 บ้านเพิกโนนสูง,060360119863,878502_PONSM,,
นครราชสีมา,14.923332,102.179999,AWN|NT,060363100190|060356012029,878514 ตลาด เจวีซี|878514 ตลาด เจวีซี,060360119864,878514_TJVCM,,
นครราชสีมา,14.73111,101.389721,AWN|NT,060357061022,878541 บริษัท ทองสมบูรณ์ คลับ จำกัด,060360119865,878541_TSBNM,,
ชัยภูมิ,16.619999,101.866666,NT|TUC,,,060360235789,CYP6779,060368161172,CYP6779
ชัยภูมิ,15.764722,101.917499,AWN|NT,060364151722|060358004349,877295 บ้านเขว้า หมู่ 14|877295 บ้านเขว้า หมู่14,060360119836,877295_BKWMO,,
ชัยภูมิ,16.060555,102.199444,AWN|NT,060365068549|060358078817,877385|877385 หนองรอก-แก้งคร้อ,060360119843,877385_NRKGK,,
ชัยภูมิ,16.23861,102.169999,AWN|NT|TUC,060359015379|060365096444,877451บ้านหนองกุงใหม่-ภูเขียว|877451,060360119850,877451_BNPKW,060361182064,CPM0224-U21
นครราชสีมา,14.712222,101.545555,AWN|NT,060357032172,878483 วัดโคกสง่าปากช่อง,060360119859,878483_WKSPM,,
นครราชสีมา,15.185555,102.075832,AWN|NT,060366021375|060356016957,878496 โรงพยาบาลโนนไทย|878496 โรงพยาบาลโนนไทย,060360119861,878496_NTHAM,,
ชัยภูมิ,16.139721,102.211388,AWN|NT,060358069226|060365061592,877333ปรางค์กู่-แก้งคร้อ|877333 ปรางค์กู่-แก้งคร้อ,060360119837,877333_PGGKK,,
ชัยภูมิ,16.085833,102.088888,AWN|NT,060358069227|060366037536,877334 หนองพีพวน-แก้งคร้อ|877334 หนองพีพวน-แก้งคร้อ,060360119838,877334_NPPKK,,
ชัยภูมิ,16.173332,101.957222,AWN|NT,060358069228,877336 บ้านสระ-เกษตรสมบูรณ์,060360119839,877336_BSKSB,,
นครราชสีมา,14.84361,101.615833,NT,,,060360119854,878167_LBKOM,,
นครราชสีมา,15.22111,102.499444,AWN|NT,060365069043|060356003125,878275 ชุมชนวังบูรพา|878275 ชุมชนวังบูรพา,060360119855,878275_CCWPM,,
นครราชสีมา,15.078332,102.538333,AWN|NT|TUC,060365087705|060356016946,878441 บ้านหนองปรือ|878441 บ้านหนองปรือ,060360119856,878441_NPUEM,060362166571,NMA0485-U21
นครราชสีมา,15.003611,102.127221,AWN|NT,060363100181|060356001600,878446 บ้านเก่า|878446 บ้านเก่า,060360119857,878446_AKAOM,,
นครราชสีมา,14.592221,102.001388,AWN|NT,060357038180,878938 บ้านหลุมหิน-ปักธงชัย,060360119871,878938_LHPTC,,
นครราชสีมา,14.901666,102.055555,AWN|NT,060363100236|060357038181,|878941หน้าโรงเรียนสารสาสน์,060360119873,878941_FOSRS,,
ชัยภูมิ,15.836388,101.366388,NT,,,060360235734,CYP6730,,
นครราชสีมา,14.939444,101.853055,AWN|NT,060357007970|060367072064,870051บ้านดอน-สูงเนิน|870051 บ้านดอน-สูงเนิน,060360193484,870051_BDSGN,,
นครราชสีมา,15.52111,102.464444,AWN|NT,060358005275,870347กระเบื้องใหญ่-บัวใหญ่),060360193493,870347_KBYBY,,
นครราชสีมา,14.571666,102.451666,AWN|NT,060365087585|060358058061,870743สุขไพบูลย์-เสิงสาง|870743 สุขไพบูลย์-เสิงสาง,060360193500,870743_SPBSG,,
นครราชสีมา,15.221388,102.679166,AWN|NT,060359194306,871150 บ้านโคกผงาด-ชุมพวง,060360193507,871150_BKPHC,,
ชัยภูมิ,15.835833,102.166388,AWN|NT,060365087466|060356028971,877169บ้านหนองโมง-ชัยภูมิ|877169บ้านหนองโมง-ชัยภูมิ,060360193543,877169_NMCPM,,
ชัยภูมิ,15.880554,102.190277,AWN|NT,060357012616|060369024848,877211ห้วยหว้าเหนือ-ชัยภูมิ|877211 ห้วยหว้าเหนือ-ชัยภูมิ,060360193545,877211_HWNCP,,
ชัยภูมิ,15.534166,101.6575,AWN|NT,060365079507|060359046662,877509|877509 วังพระทราย-บำเหน็จณรงค์,060360193554,877509_WPSBN,,
ชัยภูมิ,15.557777,101.985833,AWN|NT,060365061828|060356040104,877028 เนินสง่า|877028 เนินสง่า,060360193533,877028_NSGAM,,
ชัยภูมิ,15.987499,101.445555,AWN|NT,060357038155|060366037535,877235 บ้านแหลมทอง-ภักดีชุมพล|877235,060360193546,877235_LTPDC,,
ชัยภูมิ,15.671943,101.961111,AWN|NT,060358004350|060367029008,877296 บ้านลี่-จัตุรัส|877296 บ้านลี่-จัตุรัส,060360193549,877296_BLCTR,,
ชัยภูมิ,16.4075,102.018888,AWN|NT,060356027213|060365087655,877107 บ้านแก้ง|877107 บ้านแก้ง,060360193538,877107_KAENM,,
ชัยภูมิ,16.121666,102.087777,AWN|NT,060357055209|060367012541,877135 ท่ามะไฟหวาน|877135 ท่ามะไฟหวาน,060360193540,877135_TMFWM,,
ชัยภูมิ,16.500277,102.058611,AWN|NT,060365069263|060356023376,877139 บ้านโนนคูณ|877139 บ้านโนนคูณ,060360193541,877139_AKHNM,,
นครราชสีมา,15.681666,102.57861,AWN|NT,060356005371|060365061595,878052 หนองจาน|878052 หนองจาน,060360193555,878052_NGCNM,,
นครราชสีมา,15.344999,102.384721,NT,,,060360193542,877152_SRTSM,,
ชัยภูมิ,16.363611,102.144721,AWN|NT,060364151721|060356023380,877179 บ้านแข้ ภูเขียว|877179 บ้านแข้ ภูเขียว,060360193544,877179_BKPKM,,
ชัยภูมิ,16.278332,101.953333,AWN|NT,060365068550|060358078822,877391|877391 สถานีตำรวจเกษตรสมบูรณ์,060360193553,877391_SNTKB,,
นครราชสีมา,14.569443,101.347221,NT|TUC,,,060360186814,NKR5550,060367026893|060359178856,NKR5550|NKR5550
ชัยภูมิ,15.562777,101.844444,AWN|NT,060364151714|060356039898,877025 จัตุรัส|877025 จัตุรัส,060360205055,877025_JTTRM,,
นครราชสีมา,14.962222,102.011944,AWN|NT,060356003139|060365087694,878352 บ้านมะขามเฒ่า|878352 บ้านมะขามเฒ่า,060360205094,878352_BKTUM,,
นครราชสีมา,14.890555,102.021388,AWN|NT,060363100174|060356027390,878397 หนองบง|878397 หนองบง,060360205103,878397_NBNGM,,
นครราชสีมา,14.975554,102.057777,AWN|NT,060363100176|060357045815,|878407โรงเรียนโคราชพิทยาคม,060360205105,878407_KRPKM,,
นครราชสีมา,14.986388,102.121666,AWN|NT,060363100191|060356001838,878519 หลังเทคโนโคราช|,060360205110,878519_TKRTM,,
นครราชสีมา,14.560555,102.405,NT,,,060360205112,878565_MOOSM,,
นครราชสีมา,14.924721,102.011388,AWN|NT,060363100213|060356016977,878723 ยางใหญ่)|878723 ยางใหญ่),060360205121,878723_YGYIM,,
นครราชสีมา,14.9625,102.086666,AWN|NT,060357055335,878783 โรงแรมขวัญเรือน,060360205128,878783_KWNRH,,
นครราชสีมา,14.869166,102.003888,AWN|NT,060357038161,878790 มทส.บ้านสะพานหิน,060360205130,878790_SUBSP,,
นครราชสีมา,14.977499,102.111388,AWN|NT,060357038166,878833 สี่แยกวัดอีสาน,060360205135,878833_SYWES,,
นครราชสีมา,14.751944,102.463888,AWN|NT,060358027412,878920 บ้านสระนาง หนองบุญนาค,060360205144,878920_SNBNK,,
นครราชสีมา,14.972499,102.096666,AWN|NT,060359051967,878056 คลังพลาซ่า,060360205059,878056_KPZAM,,
นครราชสีมา,14.957222,102.065833,AWN|NT,060356033382,878137 สืบศิริ,060360205072,878137_SBSRM,,
นครราชสีมา,14.978332,102.07111,AWN|NT,060356011901,878141 โลตัส นครราชสีมา,060360205073|060366000587,878141_PLTNP|870002_BTKAH,,
นครราชสีมา,14.638333,101.858888,AWN|NT,060356003114|060365061603,878142 บ้านตะขบ|878142 บ้านตะขบ,060360205074,878142_BTKBM,,
นครราชสีมา,14.987777,102.114444,AWN|NT,060356001411,878418 หน้าเทคโนนครราชสีมา,060360205106,878418_FTNRM,,
นครราชสีมา,14.973054,102.097221,AWN|NT,060356057142|060364028814|060361180415,878424 ศูนย์การค้าคลังพลาซ่าจอมสุรางค์|872102 มาโครเซล คลังพลาซ่า จอมสุรางค์|872102 มาโครเซล คลังพลาซ่า จอมสุรางค์,060360205107|060364012944,878424_PCKPP|872102_MCKCS,,
นครราชสีมา,14.956111,102.074443,AWN|NT,060363100187|060356002604,878471 บอชอรอ 2|878471 บอชอรอ 2,060360205108,878471_BCRSM,,
นครราชสีมา,14.9025,102.012222,AWN|NT,060363100189|060356001416,878488 หนองบง อ่างห้วยยาง|,060360205109,878488_NBAHM,,
นครราชสีมา,14.985833,102.123054,AWN|NT,060356016980,878731 หอพักหญิงเสาวลักษณ์,060360205123,878731_SWLDA,,
นครราชสีมา,14.982499,102.122777,AWN|NT,060356028993,ชุมชนมหาชัย-เทคโนนครราชสีมา,060360205124,878742_MHCNA,,
นครราชสีมา,14.991944,102.105277,AWN|NT,060363100214|060357083991,878752 ถนนช้างเผือก นครราชสีมา|878752 ถนนช้างเผือก นครราชสีมา,060360205125,878752_TCPKN,,
นครราชสีมา,14.995555,102.109722,AWN|NT,060356028997,878753,060360205126,878753_SCKNA,,
นครราชสีมา,14.716111,101.373332,NT,,,060360205139,878859_SSBNP,,
นครราชสีมา,14.9525,102.049166,AWN|NT,060357008000|060367092106,878860 บ้านคฤหาสน์ทอง|878860 บ้านคฤหาสน์ทอง,060360205140,878860_KRHAD,,
นครราชสีมา,14.944721,102.028054,AWN|NT,060363100230|060357055143,878865 ซอยสามยอด 6|878865 ซอยสามยอด 6,060360205141,878865_SSAMY,,
นครราชสีมา,14.952222,102.05,NT,,,060360205142,878870_UBRCS,,
นครราชสีมา,14.937777,102.100277,AWN|NT,060358079632,870298 บ้านหนองไผ่-โพธิ์กลาง,060360193489,870298_TBNPK,,
นครราชสีมา,15.113333,102.533888,AWN|NT,060359022524,870981 หนองหัวช้าง-พิมาย,060360193506,870981_NHCPM,,
นครราชสีมา,14.871666,101.640277,AWN|NT,060356001832|060365087691,878337 บ้านใหม่สำโรง|878337 บ้านใหม่สำโรง,060360205088,878337_BMSRM,,
ชัยภูมิ,16.33861,102.177221,NT,,,060358061879,CYP6527,,
ชัยภูมิ,15.774166,101.376666,NT|TUC,,,060358046912,CYP6747,060360033960|060358032280,CYP6747|CYP6747
นครราชสีมา,14.539999,102.1075,NT|TUC,,,060358047091,NKR6712,060360048955,NKR6712
นครราชสีมา,14.660555,101.338888,NT,,,060359044211,NKR6512,,
นครราชสีมา,14.608888,101.405833,NT,,,060359044213,NKR6515,,
นครราชสีมา,14.98361,102.168888,NT,,,060359044220,NKR6545,,
นครราชสีมา,15.048888,102.138055,NT,,,060359044222,NKR6550,,
นครราชสีมา,14.905833,102.068888,NT,,,060359044227,NKR6562,,
นครราชสีมา,15.441666,102.331943,NT,,,060359044229,NKR6566,,
ชัยภูมิ,16.181388,102.216111,NT,,,060358061880,CYP6529,,
นครราชสีมา,15.227777,102.49111,NT,,,060359044209,NKR6502,,
นครราชสีมา,15.536944,102.54611,NT,,,060359044210,NKR6508,,
นครราชสีมา,14.94361,101.993888,NT,,,060359044224,NKR6558,,
นครราชสีมา,14.991944,102.043055,NT,,,060359044225,NKR6560,,
นครราชสีมา,14.866943,101.83611,NT,,,060358056951,NKR6531,,
นครราชสีมา,14.85,102.186944,NT,,,060358056952,NKR6559,,
นครราชสีมา,14.841388,102.065,NT,,,060358056953|060366071353,NKR6563|NMA058,,
นครราชสีมา,15.230554,101.963611,NT,,,060358061891,NKR6641,,
นครราชสีมา,15.192499,101.94111,NT,,,060359199840,NKR6620,,
นครราชสีมา,14.635555,102.436944,NT,,,060359199842,NKR6627,,
นครราชสีมา,14.987499,102.015277,NT|TUC,,,060359199844|060363120639,NKR6644|NMA0715-L23,060362166282,NMA0715-U21
นครราชสีมา,15.164166,101.724443,NT,,,060359199845,NKR6645,,
นครราชสีมา,14.961944,102.118054,NT,,,060359050976,NKR6547,,
นครราชสีมา,15.603888,102.127499,NT,,,060359050977|060365118163,NKR6555|NMA038,,
นครราชสีมา,14.958611,102.076943,NT,,,060359050978,NKR6568,,
นครราชสีมา,15.528332,102.716111,NT|TUC,,,060359136688,NKR2406,060364042366|060357068151,NKR2406|NKR2406
นครราชสีมา,14.638333,101.256944,NT,,,060359044212,NKR6513,,
นครราชสีมา,14.556666,101.41,NT,,,060359044214,NKR6516,,
นครราชสีมา,15.003888,102.136944,NT,,,060359044221,NKR6549,,
นครราชสีมา,15.009722,102.08111,NT,,,060359044228,NKR6564,,
นครราชสีมา,14.895833,101.893888,NT,,,060359044230|060367093026,NKR6569|NMA070,,
นครราชสีมา,15.346388,102.741666,NT,,,060359044114,NKR6533,,
นครราชสีมา,15.308888,101.969999,NT,,,060359044216,NKR6529,,
นครราชสีมา,14.753611,102.164166,NT,,,060359044217,NKR6534,,
นครราชสีมา,15.215555,101.766943,NT,,,060359044218,NKR6535,,
ชัยภูมิ,15.633333,101.896944,NT,,,060358032068,PCB6718,,
นครราชสีมา,15.046388,102.764166,NT|TUC,,,060357079918|060357079989,BRR6775|NKR6878,060360048971,NKR6878
นครราชสีมา,14.897499,102.521943,NT,,,060357079986,NKR6876,,
นครราชสีมา,15.5025,102.832777,NT,,,060357079988,NKR6877,,
นครราชสีมา,15.412222,102.713888,NT|TUC,,,060357079997,NKR6725,060360048957,NKR6725
นครราชสีมา,14.996666,102.223888,NT,,,060357080045,NKR6787,,
นครราชสีมา,14.921943,102.178888,NT,,,060357080265,NKR6936,,
ชัยภูมิ,15.559444,101.408888,NT|TUC,,,060357080329,CYP6750,060360218008,CYP6750
ชัยภูมิ,15.345277,101.388055,NT,,,060357080331,CYP6737,,
นครราชสีมา,14.570554,102.469721,NT|TUC,,,060357080345,NKR6858,060357068030,NKR6858
นครราชสีมา,14.976388,102.101944,NT,,,060357080063,NKR7712,,
นครราชสีมา,14.989721,102.115555,NT|TUC,,,060357080146,NKR1504,060356007264,NMA0098-U21
นครราชสีมา,14.701388,101.442777,NT,,,060357080266,NKR6778,,
นครราชสีมา,14.889166,102.036666,NT,,,060357080269,NKR6816,,
ชัยภูมิ,16.024443,102.023054,NT,,,060357080316,CYP6724,,
นครราชสีมา,15.09611,101.418054,NT|TUC,,,060357080333,NKR6722,060360217999,NKR6722
นครราชสีมา,14.569166,101.92611,NT|TUC,,,060357080334,NKR6773,060360218003,NKR6773
นครราชสีมา,14.595833,102.256944,NT|TUC,,,060357080336,NKR6716,060360217998,NKR6716
นครราชสีมา,14.975554,102.124999,NT|TUC,,,060357067408,NKR6786,060367026754|060356057726,NKR6786|NKR6786
นครราชสีมา,14.727221,101.700277,NT,,,060357067426,NKR6854,,
นครราชสีมา,14.881666,102.07111,NT,,,060357079801,NKR6736,,
ชัยภูมิ,16.124721,101.478332,NT,,,060357079837,CYP6788,,
นครราชสีมา,14.659166,102.312777,NT,,,060357079880,NKR6808,,
นครราชสีมา,14.94361,102.137221,NT|TUC,,,060358008268,NKR6828,060367026765|060360034196,NKR6828|NKR6828
นครราชสีมา,14.529443,102.189999,NT|TUC,,,060358008270,NKR6783,060360211576,NKR6783
นครราชสีมา,14.727499,101.700277,NT,,,060358008277,NKR6854,,
นครราชสีมา,14.965833,101.57111,NT|TUC,,,060358008279,NKR6859,060360048969,NKR6859
ชัยภูมิ,16.290833,101.989721,NT,,,060358008293,CYP6774,,
ชัยภูมิ,16.499166,101.748888,NT,,,060357080064,CYP6742,,
ชัยภูมิ,15.656388,101.565833,NT,,,060357080098,CYP6731,,
นครราชสีมา,15.484166,102.673888,NT|TUC,,,060358008272,NKR6795,060367026740|060360048243,NKR6795|NKR6795
นครราชสีมา,15.380277,102.318888,NT|TUC,,,060358008273,NKR6815,060367026719|060357068043,NKR6815|NKR6815
นครราชสีมา,14.715555,102.223332,NT,,,060358008274,NKR6817,,
นครราชสีมา,14.696388,102.007777,NT,,,060358008275,NKR6819,,
ชัยภูมิ,15.792499,101.345277,NT,,,060358008291,CYP6703,,
นครราชสีมา,14.990277,102.654444,NT|TUC,,,060357079917,NKR6776,060367026731|060357068942,NKR6776|NKR6776
นครราชสีมา,14.584721,101.357222,NT|TUC,,,060357080070,NKR6873,060360217859,NKR6873
ชัยภูมิ,15.79111,101.84861,NT|TUC,,,060360014944,CYP1637,060360132542,CYP1637
นครราชสีมา,14.914444,101.880277,NT|TUC,,,060359181739,NKR1916,060364042358|060358036940,NKR1916|NKR1916
นครราชสีมา,15.140555,102.273054,NT|TUC,,,060359181746,NKR1925,060358041283|060367026692,NKR1925|NKR1925
นครราชสีมา,15.688055,102.33361,NT|TUC,,,060359181748,NKR1630,060367026679|060357063818,NKR1630|NKR1630
นครราชสีมา,14.313888,102.446666,NT|TUC,,,060359181757,NKR1649,060360132606|060358041652,NKR1649|NKR1649
นครราชสีมา,15.114166,101.506111,NT|TUC,,,060359181762,NKR1999,060360132617|060367026785,NKR1999|NKR1999
นครราชสีมา,14.825277,102.388888,NT,,,060359181764,NKR2029,,
นครราชสีมา,14.633333,101.543888,NT|TUC,,,060359181807,NKR1966,060360132614,NKR1966
นครราชสีมา,15.22611,102.575277,NT|TUC,,,060359181812,NKR1940,060360132609|060367026783,NKR1940|NKR1940
นครราชสีมา,14.929443,102.14111,NT,,,060359178785,NKR0505,,
นครราชสีมา,14.756111,102.322499,NT,,,060359178787,NKR2460,,
ชัยภูมิ,16.315,102.19861,NT|TUC,,,060359178792,CYP1617,060357067871,CYP1617
นครราชสีมา,15.549721,102.622499,NT|TUC,,,060359181741,NKR1603,060367026670|060357067983,NKR1603|NKR1603
นครราชสีมา,14.715833,101.586944,NT|TUC,,,060359181742,NKR2052,060367026869|060357068002,NKR2052|NKR2052
นครราชสีมา,14.692499,102.180554,NT,,,060359181743|060367021155,NKR2051|NKR2051,,
นครราชสีมา,14.653611,101.353888,NT|TUC,,,060359181758,NKR0067,060368044321|060368161206,UBR1961|NKR0067
นครราชสีมา,14.780277,101.9575,NT|TUC,,,060359181759,NKR1611,060360211849,NKR1611
นครราชสีมา,14.711944,102.151944,NT|TUC,,,060359181760,NKR1905,060366058803,NKR1905
นครราชสีมา,15.468888,102.798055,NT|TUC,,,060359181761,NKR2001,060360132618,NKR2001
นครราชสีมา,15.281666,102.648055,NT|TUC,,,060359181809,NKR1941,060360132610|060367026784,NKR1941|NKR1941
นครราชสีมา,15.114166,102.178054,NT|TUC,,,060359181810,NKR1950,060367026533|060357067995,NKR1950|NKR1950
นครราชสีมา,15.039999,102.201944,NT|TUC,,,060359181811,NKR1951,060360048858,NKR1951
ชัยภูมิ,16.423332,101.894721,NT|TUC,,,060359143087,CYP6705,060360217979,CYP6705
ชัยภูมิ,15.879999,101.663055,NT|TUC,,,060359143088,CYP6708,060360218106,CYP6708
ชัยภูมิ,15.763333,101.519166,NT|TUC,,,060359143089,CYP6712,060360217980,CYP6712
ชัยภูมิ,15.909444,101.826388,NT|TUC,,,060359143090,CYP6717,060360217981,CYP6717
นครราชสีมา,15.070832,101.582499,NT|TUC,,,060359143107,NKR6770,060360034173,NKR6770
ชัยภูมิ,15.831666,102.017499,NT,,,060360005195,CYP6552,,
ชัยภูมิ,15.78861,101.960277,NT,,,060360005196,CYP6562,,
นครราชสีมา,15.398333,102.02111,NT|TUC,,,060359181813,NKR1953,060360132545,NKR1953
ชัยภูมิ,15.828888,101.500277,NT|TUC,,,060359143091,CYP6783,060360034036,CYP6783
นครราชสีมา,15.0025,102.528888,NT|TUC,,,060359178786,NKR3201,060360240741,NKR3201
ชัยภูมิ,15.823054,101.5625,NT|TUC,,,060359062648,CYP6701,060360218137,CYP6701
นครราชสีมา,14.416111,102.212777,NT,,,060359199841|060367093028,NKR6626|NMA083,,
นครราชสีมา,14.520832,101.523888,NT,,,060359199843|060367021108,NKR6632|NMA089,,
นครราชสีมา,15.379721,102.46,NT|TUC,,,060359178788,NKR0055,060360211846,NKR0055
นครราชสีมา,15.283054,102.418332,NT|TUC,,,060359178789,NKR0054,060364042341|060360211845,NKR0054|NKR0054
นครราชสีมา,15.040555,102.348888,NT|TUC,,,060359178791,NKR0079,060367026880|060357068096,NKR0079|NKR0079
นครราชสีมา,15.036666,101.698333,NT,,,060359053752,NKR6510,,
นครราชสีมา,14.847221,101.643055,NT,,,060359053753,NKR6521,,
นครราชสีมา,14.641666,101.495277,NT,,,060359053754|060367092939,NKR6575|NMA069,,
นครราชสีมา,14.535277,101.585277,NT|TUC,,,060358010414,NKR6720,060360048956,NKR6720
นครราชสีมา,15.366111,102.634166,NT|TUC,,,060358010416,NKR6794,060358030838,NKR6794
นครราชสีมา,14.871943,101.638888,NT|TUC,,,060358010421,NKR6823,060364042376|060358022958,NKR6823|NKR6823
นครราชสีมา,15.350555,101.693333,NT|TUC,,,060358010423,NKR6842,060367026729|060357068070,NKR6842|NKR6842
นครราชสีมา,15.059722,102.242777,NT,,,060357079804,NKR6785,,
ชัยภูมิ,16.238333,101.493055,NT|TUC,,,060357079838,CYP6706,060360049019,CYP6706
นครราชสีมา,14.727499,101.762222,NT|TUC,,,060357079877,NKR6711,060360048954,NKR6711
นครราชสีมา,14.345833,102.324443,NT,,,060357079879,NKR6735,,
นครราชสีมา,14.852777,102.067777,NT,,,060358041939,NMA_097,,
นครราชสีมา,15.415,102.478054,NT,,,060358008269,NKR6779,,
นครราชสีมา,15.370832,101.539999,NT,,,060358008271,NKR6789,,
นครราชสีมา,14.775277,101.720554,NT,,,060358008276,NKR6851,,
นครราชสีมา,14.945833,101.505,NT,,,060358008278,NKR6856,,
ชัยภูมิ,16.513333,102.022499,NT,,,060358008292,CYP6723,,
นครราชสีมา,14.728332,101.382777,NT|TUC,,,060357079824,NKR6810,060360048963|060367026798,NKR6810|NKR6810
นครราชสีมา,14.446944,102.084999,NT|TUC,,,060357079876,NKR6731,060367026749|060358030831,NKR6731|NKR6731
ชัยภูมิ,15.955555,101.891666,NT|TUC,,,060357079908,CYP6725,060360217982,CYP6725
ชัยภูมิ,15.736388,102.02361,NT,,,060359009037,CYP6512,,
นครราชสีมา,14.92111,101.958611,NT,,,060359009060,NKR6541,,
นครราชสีมา,15.0025,102.5625,NT,,,060359009062,NKR6548,,
นครราชสีมา,15.668054,102.509722,NT,,,060359009144|060366017528,NKR6552|NMA028,,
นครราชสีมา,14.631388,101.582499,NT|TUC,,,060358010413,NKR6719,060357068936,NKR6719
นครราชสีมา,14.576943,101.436944,NT|TUC,,,060358010422,NKR6834,060367026743|060357068068,NKR6834|NKR6834
นครราชสีมา,14.63611,101.432777,NT|TUC,,,060358010424,NKR6847,060360048967,NKR6847
นครราชสีมา,15.575277,102.545277,NT|TUC,,,060358010417,NKR6800,060358030834,NKR6800
นครราชสีมา,15.610555,102.33861,NT|TUC,,,060358010418,NKR6804,060360048961,NKR6804
นครราชสีมา,14.910277,101.838888,NT|TUC,,,060358010419,NKR6820,060358022956,NKR6820
นครราชสีมา,15.089166,102.2575,NT|TUC,,,060358010420,NKR6822,060367026724|060360033974,NKR6822|NKR6822
นครราชสีมา,14.994721,102.465,NT|TUC,,,060358008145,NKR6730,060360048958,NKR6730
นครราชสีมา,14.378888,101.869999,NT|TUC,,,060358008146,NKR6844,060360048966|060367026803,NKR6844|NKR6844
นครราชสีมา,15.479721,102.761111,NT|TUC,,,060357080478,NKR6840,060367026769|060357068069,NKR6840|NKR6840
ชัยภูมิ,15.406388,101.595555,NT|TUC,,,060357067579,CYP6810,060360049024,CYP6810
นครราชสีมา,15.264444,101.687777,NT|TUC,,,060357067560,NKR6775,060360048959|060367026776,NKR6775|NKR6775
นครราชสีมา,15.721432596022,102.200159407441,NT*,,,030347003397|030347006269|030347006089,||,,
นครราชสีมา,15.3542250905715,102.619577384879,NT*,,,030347003414|030347006296|030347006125|030347006007,|||,,
นครราชสีมา,15.3493494135301,102.102559813497,NT*,,,030347003391|030347006884|030347006032,||,,
นครราชสีมา,14.3255294728973,102.551309691384,NT*,,,030347003393|030347006905,|,,
นครราชสีมา,15.5708303997152,102.107041588004,NT*,,,030347003398|030347006096,|,,
นครราชสีมา,15.6991398293513,102.472466511493,NT*,,,030347003407,,,
นครราชสีมา,15.2473992029883,102.727307410688,NT*,,,030347003409,,,
นครราชสีมา,15.1261107605063,102.522979520869,NT*,,,030347003416|030347007055,|,,
นครราชสีมา,14.9108619568318,101.851674453479,NT*,,,030347003418|030347006047|030347006159,||,,
ชัยภูมิ,16.118332,102.264722,NT|TUC,,,060367068601|060364042966,CPM0217-U21|CPM0217-L23,060364042936,CPM0217-U21
ชัยภูมิ,16.105,102.198055,NT|TUC,,,060367068602,CPM0252,060364157939,CPM0252
นครราชสีมา,15.6612396840365,102.236455051528,NT*,,,030347003405|030347006271|030347006088|030347006097|030347006094,||||,,
นครราชสีมา,14.9016413894885,102.056613825424,NT*,,,030352003498|030350001477,NMA057/โคราช-ปักธงชัย|โคราช-ปักธงชัย,,
นครราชสีมา,15.3525321492026,102.882342811563,NT*,,,030352003500|030350001459|030347006136|030347006015|030347006017|030347006138,NMA031/ก.ลำทะเมนชัย|ก.ลำทะเมนชัย||||,,
นครราชสีมา,15.2924692560624,101.997598612206,NT*,,,030347007195,,,
ชัยภูมิ,15.7529091416083,101.779354724681,NT*,,,030351002959|030345007965|030349001606,CPM012||ชุมสายหนองบัวระเหว,,
นครราชสีมา,15.1800466937191,102.255833645578,NT*,,,030351003060|030341001981|030351002737,NMA055||NMA016,,
ชัยภูมิ,15.517993370417,101.653367316982,NT*,,,030351003008|030344004159,CPM008|,,
นครราชสีมา,15.0223943595459,102.634069125968,NT*,,,030351003078,NMA020,,
นครราชสีมา,15.179166,102.842499,NT,,,060367122125|060361036567,NKR1984|NKR1984,,
นครราชสีมา,15.3472987676255,102.749477403859,NT*,,,030351002980|030347007092|030345008075|030342004307|030349001598|030349001599,NMA003||||ชุมสายโนนทัย|ชุมสายชุมพวง,,
ชัยภูมิ,15.829166,101.508888,NT|TUC,,,060367092887,CPM0039,060357028739,CPM0039-U21
นครราชสีมา,15.526349163392,102.775413579517,NT*,,,030347006880,,,
นครราชสีมา,14.7533727297229,102.39973895053,NT*,,,030347006882|030350001468,|หนองบุญมาก,,
นครราชสีมา,14.5277753289642,102.382878549555,NT*,,,030347006896,,,
นครราชสีมา,14.3013211244617,102.196119335319,NT*,,,030347006898,,,
นครราชสีมา,14.6044274980454,102.048892182732,NT*,,,030347006921|030347006928,|,,
นครราชสีมา,14.492044900471,101.968345363277,NT*,,,030347006930|030347007127|030345008231|030347006935,|||,,
นครราชสีมา,14.7914986973709,102.035371706399,NT*,,,030347006932|030347007022,|,,
ชัยภูมิ,15.4039131271058,101.61566978667,NT*,,,030347006937|030347007091,|,,
นครราชสีมา,14.6344815545875,101.80090159018,NT*,,,030347006939|030347007132|030347006942,||,,
นครราชสีมา,14.7753446757904,101.802388728036,NT*,,,030347006941|030347006167|030347006112|030347006053,|||,,
นครราชสีมา,14.6294985386305,102.20788110852,NT*,,,030347006946|030347007061,|,,
นครราชสีมา,14.6722573329286,102.058095980005,NT*,,,030347006948|030347006931,|,,
นครราชสีมา,14.6552009126696,102.39735774892,NT*,,,030347006955,,,
นครราชสีมา,14.8635679166895,102.188780276753,NT*,,,030347006957|030350001470|030352003503,|บ้านด่านเกวียน|NMA044/บ้านด่านเกวียน,,
นครราชสีมา,15.1911902727318,102.554643159545,NT*,,,030347006306,,,
นครราชสีมา,15.2339530348237,102.629441577233,NT*,,,030347006308|030347003415,|,,
นครราชสีมา,15.3676163252207,102.467029768878,NT*,,,030347006315|030347007051|030347006307,||,,
นครราชสีมา,14.774090142456,102.326457319136,NT*,,,030347007024|030342004264|030347006953,||,,
นครราชสีมา,14.8074238974405,102.245141844342,NT*,,,030347007026,,,
นครราชสีมา,15.0871202034028,102.393142735128,NT*,,,030347007053,,,
นครราชสีมา,15.5023782638027,102.280384038184,NT*,,,030347007099|030347003406|030347006149|030347007274|030347006021,||||,,
นครราชสีมา,14.7214475708538,101.362922692561,NT*,,,030347004974|030347000145|030343005139|030350001483|030347005613,|บท.ปากช่อง||หนองสาหร่าย|ชุมสายโทรศัพท์ปากช่อง,,
นครราชสีมา,14.8628633927123,101.550398363606,NT*,,,030347004975|030352004542|030347000144|030350001479|030347006252|030347003387,|NMA060/ลำตะคอง|สท.เขายายเที่ยง|ลำตะคลอง||,,
นครราชสีมา,14.9742044253399,102.082343268022,NT*,,,030347004953|030347000142|030347000311|030347000011|030347000080|030347000655|030343004935|030343003843|030343002161|030343004724|030350001484|030344000950|030344000964|030343005175|030346000885|030344002533|030344002115|030347005752|030347005753|030352004548|030341001978|030351002744,|บท.นครราชสีมา|โอสถสภา/นครราชสีมา|||สินมั่นคงประกันภัย/นครราชสีมา|||||บ้านหนองไผ่ล้อม)|||||||||NMA056/รัตนพงศ์อพาร์ทเมนท์||NMA025,,
นครราชสีมา,14.5338028351778,102.10304738403,NT*,,,030347007020|030347006899,|,,
นครราชสีมา,14.74439205056,102.091400139281,NT*,,,030347007021|030347007025,|,,
นครราชสีมา,14.9311085395199,102.285730714953,NT*,,,030347007023,,,
นครราชสีมา,15.0645238929057,102.551296950884,NT*,,,030347007054,,,
นครราชสีมา,15.1380724000476,102.26184863071,NT*,,,030347007056|030347006302,|,,
ชัยภูมิ,15.4876507878398,101.747707290854,NT*,,,030347007089,,,
ชัยภูมิ,15.4234531242089,101.758517607075,NT*,,,030347007090,,,
นครราชสีมา,15.0351423683128,101.568126220134,NT*,,,030347007104|030347006255|030347006057|030347007126,|||,,
นครราชสีมา,15.1710928317597,102.338772562096,NT*,,,030347007105|030347006312|030351002743,||NMA006,,
นครราชสีมา,14.2795424916981,102.398673867697,NT*,,,030347007106|030347006180|030347003394,||,,
นครราชสีมา,14.65243048219,102.08094935952,NT*,,,030347007027,,,
นครราชสีมา,15.3713028015696,102.406210130241,NT*,,,030347007052,,,
นครราชสีมา,15.4228509490591,102.632233894419,NT*,,,030347007075|030347007093|030347006123|030347006305,|||,,
นครราชสีมา,15.0079293048296,102.49438054945,NT*,,,030347007109,,,
นครราชสีมา,15.030959656701,102.433470869523,NT*,,,030347007111|030347006294|030344000965|030347000146|030342004265|030347006314|030349001601,|||สท.จักราช/ไปรษณีย์จักราช|||ชุมสายจักรราช,,
นครราชสีมา,14.7147622116197,102.189057251217,NT*,,,030347007028,,,
นครราชสีมา,14.6847730362436,102.035870945847,NT*,,,030347007062,,,
นครราชสีมา,15.30440551033,102.219501147284,NT*,,,030347007080|030347006147,|,,
นครราชสีมา,15.1492451774636,101.973527298398,NT*,,,030347007081,,,
นครราชสีมา,14.8470630169414,102.502976591226,NT*,,,030347007112|030347006950,|,,
นครราชสีมา,14.929995450701,102.508724120972,NT*,,,030347007113,,,
นครราชสีมา,15.6635372989799,102.161377807662,NT*,,,030347007131|030347006267,|,,
นครราชสีมา,14.955277,102.180554,AWN|NT,060366054688,808749,060367058165,808749_IARMU,,
นครราชสีมา,14.983333,102.089999,AWN|NT,060366054693,871287 โรงแรมเซนเตอร์พอยท์ เทอร์มินอล 21,060367058167,871287_CTPTN,,
นครราชสีมา,14.753888,101.524721,AWN|NT,060366018321,874352,060367058174,874352_MTRDC,,
นครราชสีมา,14.979999,102.116943,AWN|NT|TUC,060362271394,874452 หน้าวัดศาลาลอย-เมืองนครราชสีมา,060367058176,874452_WSLMN,060357079577,NKR0009
ชัยภูมิ,15.8079928541981,102.03423897313,NT*,,,030347000270|030347000147|030343004897|030345000476|030347005615|030341000581,ธนาคารกรุงไทย/ชัยภูมิ|บท.ชัยภูมิ||||,,
นครราชสีมา,14.640277,101.425832,AWN|NT,060365149008,800005,060367058249,800005_BUKPC,,
นครราชสีมา,14.885833,101.898333,AWN|NT,060365123712,โคราช2),060367058265,808172_SIFKK,,
นครราชสีมา,14.994999,102.118054,AWN|NT,060365123713,808239 คอนโด เอสเซ็นท์ นครราชสีมา,060367058266,808239_ESCNK,,
นครราชสีมา,14.98111,102.099444,AWN|NT,060366067650|060357055409|060366031089,870032 อาคาร 6 วิทยาลัยอาชีวศึกษานครราชสีมา|870032 วิทยาลัยอาชีวะนครราชสีมา-ลานต้นไทร|870032 อาคาร 6 วิทยาลัยอาชีวศึกษานครราชสีมา,060367058280|060361127395,870032_WACWN|870032_ACWLT,,
นครราชสีมา,15.019443,101.860555,AWN|NT,060359059425,871127 หินเหล็กไฟ- สูงเนิน,060367058281,871127_HFSGN,,
นครราชสีมา,14.713055,102.036388,AWN|NT,060359046695,871243 บ้านนาแค-ปักธงชัย,060367058282,871243_BKEPT,,
นครราชสีมา,14.493888,102.14611,AWN|NT,060360100372,871391 ที่ทำการเขื่อนลำมูลบน,060367058283,871391_LMBDS,,
นครราชสีมา,14.600555,101.490277,AWN|NT,060366031073,800007บ้านซับสวอง-ปากช่อง,060367058250,800007_BSWPC,,
ชัยภูมิ,15.387221,101.438333,AWN|NT,060365096457,807438 วะตะแบก-เทพสถิต,060367058261,807438_WATEK,,
นครราชสีมา,14.887499,101.909166,AWN|NT,060365123715,มหาชน)สาขานครราชสีมา,060367058268,808268_TMSWA,,
นครราชสีมา,14.541666,101.340277,AWN|NT,060365123717,808395 โรงแรมสแปนดิช แอด เขาใหญ่),060367058270,808395_SPDAK,,
นครราชสีมา,14.766388,101.344166,AWN|NT,060364151742|060356012022,878396บ้านหนองอีเหลอ|878396บ้านหนองอีเหลอ,060367058300,878396_BNELM,,
นครราชสีมา,15.0180586579344,102.077951368987,NT*,,,030347000143,อาคารชุมสาย TAC นครราชสีมา,,
นครราชสีมา,14.8723621882923,101.918852111448,NT*,,,030347000200|030350001527|030352003499|030341001985|030347006158|030347006046,ทิปโก้/นครราชสีมา|ตำบลนากลาง|SRN026/บ้านสะกาด|||,,
ชัยภูมิ,16.348316110823,102.13532329827,NT*,,,030346005691|030343004898,|,,
ชัยภูมิ,15.812222,102.024721,NT|TUC,,,060367087221,CYP9001,060366079264|060366016985|060359053652,CYP9001|CYP7400|CYP7400
นครราชสีมา,14.699444,101.420832,AWN|NT|TUC,060366033884,800149 ข้างกรมปศุสัตว์ปากช่อง,060367058254,800149_KPSPC,060367030132|060362064203,NKR5806|NKR5806
นครราชสีมา,14.973332,102.079443,AWN|NT,060367001265,800174 หน้าโรงเรียนมารีย์วิทยา-โคราช,060367058255,800174_FMARE,,
นครราชสีมา,14.609444,101.601944,NT,,,060367058257,800375_CNPNP,,
นครราชสีมา,15.498333,102.377221,NT,,,060367058258,800377_CCBYN,,
นครราชสีมา,14.697777,101.375554,NT,,,060367058271,808642_BNNPC,,
นครราชสีมา,14.78111,101.397777,AWN|NT,060365063337,808822 วัดธรรมดาราม-ปากช่อง,060367058272,808822_WTDRP,,
นครราชสีมา,14.892499,101.887221,AWN|NT,060365096459,808925,060367058274,808925_BTTSN,,
นครราชสีมา,15.044999,101.89361,AWN|NT,060362258521,874387,060367058288,874387_NKDKT,,
นครราชสีมา,14.869166,102.02111,AWN|NT,060365115481,874476 สวนพฤกศาสตร์-มทส.,060367058289,874476_BTNCG,,
นครราชสีมา,14.874999,102.021943,AWN|NT,060365115482,874476 ลานกิจกรรมสุรพัฒน์ 2-มทส.,060367058290,874476_PZSRP,,
นครราชสีมา,14.572221,101.399721,AWN|NT,060366067651|060364075963,874504 ฟาร์มโชคชัย 3 หมูสี|874504ฟาร์มโชคชัย3หมูสี,060367058291,874504_FCCMS,,
ชัยภูมิ,16.110277,102.161388,NT|TUC,,,060367087218,CYP6429,060366059432,CYP6429
นครราชสีมา,15.091944,102.381388,NT|TUC,,,060367087282,NKR5877,060366059435,NKR5877
นครราชสีมา,15.272221,101.604166,NT|TUC,,,060367087283,NKR5902,060367051068,NKR5902
นครราชสีมา,15.026943,102.518332,NT|TUC,,,060367087285,NKR5935,060362064205,NKR5935
นครราชสีมา,14.9525,102.601111,AWN|NT|TUC,060365087589|060358079559,870883หนองพลอง-ห้วยแถลง|870883 หนองพลอง-ห้วยแถลง,060367087286|060360120825,NKR5936|870883_NPHTL,060362064206,NKR5936
นครราชสีมา,14.560555,101.404722,NT|TUC,,,060367087300,NKR7638,060362060783,NKR7638
นครราชสีมา,14.5011684559892,101.401798649361,NT*,,,030347006263|030350001482|030350001474|030347000047|030347000194|030347006260|030347006035|030347006040,|หมูสี|ทางขึ้นเขาใหญ่)|ธนาคารกรุงไทย/สาขาปากช่อง|มิชชั่นฮิลเขาใหญ่)|||,,
นครราชสีมา,15.749795883089,102.324588880706,NT*,,,030347006276|030347006289,|,,
นครราชสีมา,15.535311033792,102.724526629846,NT*,,,030347006277|030350001466|030342004260|030352004474|030349001594,|ประทาย||NMA039/ประทาย|ชุมสายประทาย,,
นครราชสีมา,15.6298385414523,102.323368106461,NT*,,,030347006279,,,
นครราชสีมา,15.2064693267391,102.421884189819,NT*,,,030347006293|030347006298|030347006297,||,,
นครราชสีมา,15.223676064229,102.31199499208,NT*,,,030347006295|030347006300|030347006301|030347006299|030347006309|030347006313,|||||,,
ชัยภูมิ,15.808888,102.030554,AWN|NT,060367122530|060367046383,807162 ตลาดสดเทศบาล2-ชัยภูมิ|807162 ตลาดสดเทศบาล2-ชัยภูมิ,060367066622,807162_TLTBC,,
นครราชสีมา,15.2434676820661,101.862012265821,NT*,,,030347003392,,,
นครราชสีมา,15.5897509727765,102.537664298454,NT*,,,030347003408,,,
นครราชสีมา,15.4448643796361,102.40658246532,NT*,,,030347003417,,,
นครราชสีมา,14.8938788567147,102.018727779674,NT*,,,030347000654,มหาวิทยาลัยเทคโนโลยีสุรนารี,,
นครราชสีมา,14.925832,102.162777,AWN|NT,060363058419,874097,060367058172,874097_CHWSI,,
นครราชสีมา,14.808055,102.067499,AWN|NT,060366021380,808755 บริษัท เอสอีดับเบิ้ลยูที โคราช จำกัด,060367058166,808755_SEWTK,,
นครราชสีมา,15.001111,101.909444,AWN|NT,060361222836,872842 บ.โชคยืนยงอุตสาหกรรม จำกัด,060367058168,872842_CYYKS,,
นครราชสีมา,14.581666,101.44111,AWN|NT,060363058412,874264,060367058173,874264_BNZZO,,
นครราชสีมา,14.937221,102.143055,AWN|NT,060362256238,874437เอื้ออาทรหัวทะเลเมืองนครราชสีมา,060367058175,874437_EATHL,,
นครราชสีมา,14.592499,101.844166,NT|TUC,,,060367087201,NKR7257,060364028514,NKR7257
นครราชสีมา,14.911388,101.957222,AWN|NT,060367001304,800357 บริษัท ราชสีมา ผลิตเหล็ก จำกัด,060367058161,800357_RSMCL,,
นครราชสีมา,14.89611,102.013333,AWN|NT,060367001305|060367096553,800366 ข้างลานจอดรถโรงอาหารกาสะลองคำ-มทส.|800366 ข้างลานจอดรถโรงอาหารกาสะลองคำ-มทส.,060367058162,800366_HPSCS,,
นครราชสีมา,14.880832,102.016388,AWN|NT,060367001306|060367096554,800367 ข้างโรงอาหารอาคารเรียนรวม 1-มทส.|800367 ข้างโรงอาหารอาคารเรียนรวม 1-มทส.,060367058163,800367_SARRS,,
นครราชสีมา,14.88861,102.003333,AWN|NT,060368001360|060366047735,808671 ฟาร์ม มหาวิทยาลัยเทคโนโลยีสุรนารี|808671 ฟาร์ม มหาวิทยาลัยเทคโนโลยีสุรนารี,060367058164,808671_FSNRU,,
นครราชสีมา,14.652777,101.404722,AWN|NT,060366059364,874851 ไทวัสดุปากช่อง,060367058178,874851_TWSDP,,
ชัยภูมิ,15.808611,102.017499,AWN|NT,060363058427,877941,060367058179,877941_ISPEC,,
นครราชสีมา,14.919443,101.976943,AWN|NT,060364075964,878697หลังโรงงานศิริวิทย์-โคกกรวด,060367058180,878697_SRWKK,,
นครราชสีมา,14.527499,102.249444,AWN|NT,060367031248,800175 ข้างโรงพยาบาล-ครบุรี,060367087523,800175_KORNH,,
นครราชสีมา,15.458055,102.910555,NT|TUC,,,060367051613,NKR5923,060366014062,NKR5923
นครราชสีมา,14.997777,102.115555,AWN|NT|TUC,060368059380,874195 ลานจอดรถหน้าเซ็นทรัลนครราชสีมา,060367051615|060361113939,NKR7421|NMA0655-L23,060365096069|060363005149|060368195874,NKR7421|NMA0655-U21|NKR7448
นครราชสีมา,15.157222,102.024999,NT|TUC,,,060367051616,NKR7901,060364112121,NKR7901
นครราชสีมา,15.490277,102.237221,AWN|NT|TUC,060359194330,871035 โนนเต็ง-คง,060366005195,871035_NTEGK,060368044648|060356033615,NMA0210|NMA0210-U21
นครราชสีมา,15.379999,102.459166,AWN|NT,060359104932,871180 เทพาลัย-คง,060366005197,871180_TPLKG,,
นครราชสีมา,15.331666,102.677499,AWN|NT,060359104946,871196 เขว้า-ประสุข,060366005212,871196_KWPSK,,
นครราชสีมา,15.659444,102.622221,AWN|NT,060359104948,871198 หนองพลวงน้อย-วังไม้แดง,060366005213,871198_NPWMD,,
นครราชสีมา,14.733054,102.156944,AWN|NT,060365115480,874031,060366005230,874031_NCCHT,,
นครราชสีมา,14.984999,102.106388,AWN|NT,060358079460,870011 รร.สวนหม่อน,060366000588,870011_RSMON,,
นครราชสีมา,14.677777,101.6575,AWN|NT,060364093080|060357039318,870027 วังสีสด-ปากช่อง|870027 วังสีสด-ปากช่อง,060366000589,870027_WGSOD,,
นครราชสีมา,14.983333,102.115277,AWN|NT,060357083053,870188,060366000619,870188_CTORN,,
นครราชสีมา,14.982221,102.116943,AWN|NT,060357083054,870189,060366000620,870189_HPYRN,,
นครราชสีมา,14.984166,102.114722,AWN|NT,060357083055|060368179813,870190|870190 อาคาร 4 ราชภัฏนครราชสีมา,060366000621,870190_BDRNM,,
นครราชสีมา,15.208611,102.485555,AWN|NT,060364136794|060357084192,870224 เยื้องการไฟฟ้าพิมาย|870224เยื้องการไฟฟ้าพิมาย,060366000622,870224_PMELP,,
นครราชสีมา,14.674443,101.575832,AWN|NT,060359033000,870389 มายโอโซน คลับเฮ้าส์,060366000636,870389_OZOCH,,
นครราชสีมา,14.672221,101.579999,AWN|NT,060359033001,870390 มายโอโซน วิลเลจ,060366000637,870390_OZOVL,,
นครราชสีมา,14.921388,102.178054,AWN|NT|TUC,060358079466,870392 ป้อมตำรวจฯ,060366000638,870392_SRIPL,060364042380|060357072992,NKR6936|NKR6936
นครราชสีมา,14.918054,102.07861,AWN|NT,060359052074,870432 บ้านพัก ร.23 พัน1 ค่ายสุรธรรมพิทักษ์,060366000639,870432_BKSRT,,
นครราชสีมา,15.538888,102.54611,NT,,,060366000652,870541_PMTOS,,
นครราชสีมา,15.078054,102.619443,AWN|NT,060359000061,870604 หนองชุมแสง-ห้วยแถลง,060366000653,870604_NCGHL,,
นครราชสีมา,15.179999,101.813611,AWN|NT,060367028987|060359000063,870606 ดอนตะหนินน้อย-ด่านขุนทด|870606 ดอนตะหนินน้อย-ด่านขุนทด,060366000654,870606_DTNDK,,
นครราชสีมา,14.724166,102.021943,AWN|NT,060358078895,870869 ใกล้ตลาดสดเทศบาลตำบลเมืองปัก,060366000675,870869_TBMPK,,
นครราชสีมา,14.52111,102.140833,AWN|NT,060359022514|060365103287,870887 คลองยาง-ครบุรี|870887 คลองยาง-ครบุรี,060366000677,870887_KYKBR,,
นครราชสีมา,15.024721,102.276388,AWN|NT,060358079562|060365061811,870889 สมาแคว-เฉลิมพระเกียรติ|870889,060366000678,870889_SKWCL,,
นครราชสีมา,14.381666,101.910277,AWN|NT,060358079637,870894บ้านบุไทร วังน้ำเขียว,060366000679,870894_BUSWK,,
นครราชสีมา,14.722221,101.983333,AWN|NT,060359104928,871064 ครสาร-ปักธงชัย,060366000694,871064_KSPTC,,
นครราชสีมา,14.663888,101.521943,AWN|NT,060359044732,871235 บ้านหนองแก-ปากช่อง,060366000709,871235_BKEPC,,
ชัยภูมิ,15.806388,102.032499,AWN|NT,060363114349,807100 โรงเรียนชัยภูมิภักดีชุมพล,060366001282,807100_CYBDC,,
นครราชสีมา,14.922777,102.081943,AWN|NT,060360045730,870266 บ้านพักเพชรฆาต-กองบิน 1,060366001295,870266_BPCKB,,
นครราชสีมา,14.969721,102.097777,AWN|NT,060361118238,870514 ข้างวัดสุทธจินดา,060366001297,870514_SWSTJ,,
นครราชสีมา,15.206944,101.786388,AWN|NT,060359033006,870563 โรงเรียนมัธยมด่านขุนทด,060366001298,870563_DKTHS,,
นครราชสีมา,14.994721,102.16861,AWN|NT,060359017494,870623 กระทอน-มะเริง,060366001299,870623_KTMRG,,
นครราชสีมา,14.965277,102.087221,AWN|NT,060360206309,871601 อาคารเฉลิมพระเกียรติ-โรงพยาบาลค่ายสุรนารี,060366001329,871601_CLBSH,,
นครราชสีมา,14.720554,102.029999,AWN|NT,060360034374,871602 โรงเรียนปักธงชัยประชานิรมิต,060366001330,871602_PTCNS,,
นครราชสีมา,15.069443,101.975832,AWN|NT,060361059706,872013บ้านโตนด- ขามทะเลสอ,060366001332,872013_BTNKS,,
นครราชสีมา,14.953333,102.023054,AWN|NT,060362121333,872250 ร.ร.อุบลรัตนราชกัญญาราชวิทยาลัย-นครราชสีมา,060366001346,872250_URRWN,,
นครราชสีมา,14.762777,101.449721,AWN|NT,060362194472|060362194477,872851 ห้องคอนโทรล โรงงาน มาร์เพดแคร์ ปากช่อง|872851 บริษัท มาร์ส เพ็ทแคร์ จำกัด-ปากช่อง,060366001347|060366005040,872851_MPCPC|872851_CTMTC,,
นครราชสีมา,14.994166,102.123888,AWN|NT,060362027050,872878 ตลาดอาร์เอ็นยาร์ด-บ้านเกาะ,060366001348,872878_RNYMK,,
ชัยภูมิ,15.804722,102.014722,AWN|NT,060360092225,877609 อบจ.ชัยภูมิ,060366001379,877609_CPMAG,,
ชัยภูมิ,16.105,102.261388,AWN|NT,060363058426,877669 เทสโก้ โลตัส แก้งคร้อ,060366001380,877669_TLKKH,,
ชัยภูมิ,16.395277,102.188333,AWN|NT,060361098192,877703บ้านเรือ หมู่9-ภูเขียว,060366001381,877703_BRPKO,,
นครราชสีมา,14.646666,101.409444,AWN,060367122523,801535 ทางลงมอเตอร์เวย์ ปากช่อง,,,,
ชัยภูมิ,16.360555,102.11861,AWN|NT,060367122524,807780 ตรงข้ามวิทยาลัยเทคโนโลยีภูเขียว,060368036412,807780_OPKCT,,
นครราชสีมา,14.953055,102.04611,AWN|NT,060367122531|060358037202,870472 บิ้วตี้มาร์ท-เซฟวัน|870472 บิ้วตี้มาร์ท-เซฟวัน,060364012909,870472_BTMSO,,
ชัยภูมิ,15.579721,101.430277,AWN,060367122538,807772 สวนสวย 168 บ้านไร่ คาเฟ่),,,,
นครราชสีมา,14.643888,102.066388,AWN,060367122533|060362194473,874080 หนองตะแบก-สำโรง|874080หนองตะแบก-สำโรง,,,,
นครราชสีมา,15.043333,101.724166,AWN,060367122534|060362256255,874360 หนองไม้ตาย-สีคิ้ว|874360 หนองไม้ตาย-สีคิ้ว,,,,
นครราชสีมา,14.379443,101.871943,AWN|NT,060364093020,808254 วัดบุไผ่-วังน้ำเขียว,060367124311,808254_WBPWN,,
นครราชสีมา,14.532499,101.578332,AWN|NT,060360206313,871939 วัดป่าภูหายหลง-ปากช่อง,060367124315,871939_WPHLP,,
นครราชสีมา,14.647777,102.038888,AWN|NT,060362073398,874034 บ้านเชียงสา-ปักธงชัย,060367124287,874034_BCSPT,,
นครราชสีมา,14.736944,101.498333,AWN|NT,060365096458,808922,060367124312,808922_PTNSR,,
นครราชสีมา,14.572499,101.319166,AWN|NT,060367087671,800738 เขาวง-หนองน้ำแดง,060368000004,800738_KWNND,,
นครราชสีมา,14.978332,102.067777,AWN|NT,060367092096,800839 วัดโคกพรม-เมืองนครราชสีมา,060368000005,800839_WKPNR,,
ชัยภูมิ,16.313055,102.371666,AWN,060368001361|060359015358,877419 สว่างนิคม-บ้านแท่น|877419 สว่างนิคม-บ้านแท่น,,,,
นครราชสีมา,15.144721,102.675832,AWN,060368003662,801476 หลุ่งตะเคียน-ห้วยแถลง,,,,
นครราชสีมา,14.913611,102.0075,AWN,060368003657,800841 หนองบง-สุรนารี,,,,
นครราชสีมา,15.177221,102.768054,AWN,060368003658,800846 ทุ่งสว่าง-ชุมพวง,,,,
นครราชสีมา,15.521943,102.543888,AWN,060368003659,800854 บ้านสำโรงเหนือ-โนนแดง,,,,
นครราชสีมา,14.619999,101.890833,AWN,060368003660,801411 บ้านบ่อปลา-ปักธงชัย,,,,
นครราชสีมา,14.803611,102.093888,AWN,060368003656,800838 บ้านบุตาล-ไชยมงคล,,,,
นครราชสีมา,14.334999,102.342499,AWN,060368003661,801473 บ้านใหม่ลำเพียก-ครบุรี,,,,
นครราชสีมา,14.865833,101.703333,AWN,060368003663,801503 หลังวัดมิตรภาพ-สีคิ้ว,,,,
ชัยภูมิ,15.996388,101.51,AWN,060368008080,807779 วัดแจ้งตราด-ภักดีชุมพล,,,,
ชัยภูมิ,16.012777,101.523888,AWN,060368008081,807768 หนองหอยปังพัฒนา-หนองบัวแดง,,,,
นครราชสีมา,15.460277,102.068888,AWN,060368020849,800852 บ้านห้วยลึก-เมืองคง,,,,
นครราชสีมา,15.540833,102.44861,AWN,060368020851,801497 โนนใหญ่-บัวใหญ่),,,,
ชัยภูมิ,15.531666,101.954722,AWN,060368035647,807785 โสกคร้อพัฒนา-เนินสง่า,,,,
นครราชสีมา,15.372777,102.277777,AWN,060368020865|060362248586,874406 เสมาเมืองนาท-ขามสะแกแสง|874406เสมาเมืองนาท-ขามสะแกแสง,,,,
นครราชสีมา,14.439166,102.505833,AWN,060368022011,801545 อาคารโมดิฟาย-โรงงานแป้งมัน เอี่ยมเฮง,,,,
นครราชสีมา,14.71,101.836944,AWN,060368029901,801563 วัดห้วยไผ่-สูงเนิน,,,,
นครราชสีมา,14.984999,102.102777,AWN|NT,060368029903|060359052079,800801 อาคาร 60 ปี อายุรกรรม โรงพยาบาลมหาราชนครราชสีมา|870491 โรงพยาบาลมหาราช นครราชสีมา อาคารพัสดุ,060368054468,800801_SABMH,,
นครราชสีมา,14.409166,101.862222,AWN,060368029905,800842 บ้านปฏิรูป-วังน้ำเขียว,,,,
นครราชสีมา,14.8625,102.055555,AWN,060368020845,800835 หนองปลิง-เมืองนครราชสีมา,,,,
นครราชสีมา,15.258611,101.963888,AWN,060368020846,800840 โกรกช้างน้อย-พระทองคำ,,,,
นครราชสีมา,14.992499,102.060833,AWN,060368020847,800844 ตะคองเก่า-ปรุใหญ่),,,,
นครราชสีมา,15.190277,102.449166,AWN|NT,060368017200,801560 ตลาดเจียบ-พิมาย,060368054469,801560_TLJPM,,
นครราชสีมา,15.118332,101.503611,AWN|NT,060368017204,801561 ห้วยบง-ด่านขุนทด,060368170926,801561_HBGDT,,
นครราชสีมา,15.048888,102.066666,AWN,060368020848,800845 หนองยารักษ์-พุดซา,,,,
นครราชสีมา,15.405,102.738333,AWN,060368020850,800853 โนนสวน-ชุมพวง,,,,
นครราชสีมา,15.572777,102.760555,AWN,060368020864|060362246966,874316 หนองกวาง-ประทาย|874316 หนองกวาง-ประทาย,,,,
ชัยภูมิ,16.094721,101.870832,AWN,060368022010,807816 ลานจอดรถโรงงานน้ำตาลมิตรผลเกษตรสมบูรณ์,,,,
ชัยภูมิ,15.805833,102.028332,AWN|NT,060368017213|060358079481,877249 หน้าโรงเรียนสตรีชัยภูมิ|877249หน้า รร.สตรีชัยภูมิ,060366000767,877249_RSTCP,,
นครราชสีมา,15.451666,102.520554,AWN,060368033956,801750 หนองเดิ่น-โนนแดง,,,,
นครราชสีมา,14.991388,102.12611,AWN,060368020852,ซอย5/1-1)-เมืองนครราชสีมา,,,,
นครราชสีมา,14.58861,102.178054,AWN,060368020853,801647 บ้านโคกสะอาด-ครบุรี,,,,
นครราชสีมา,14.940833,101.98361,AWN,060368020854,801651 บ้านเดื่อ-โคกกรวด,,,,
นครราชสีมา,14.510277,101.534166,AWN,060368022007,801544 คาเฟ่-โรงแรมอินเตอร์คอนติเนนตัล เขาใหญ่ รีสอร์ต,,,,
นครราชสีมา,14.546666,101.344166,AWN,060368022008,801636 โรงแรมหรรษา เขาใหญ่),,,,
นครราชสีมา,15.114444,101.637221,AWN|NT,060368017210|060359022623,870944 ชุมชนบ้านหินดาด-ด่านขุนทด|870944ชุมชนบ้านหินดาด-ด่านขุนทด,060363120299,870944_CBHDK,,
นครราชสีมา,14.980277,102.108055,AWN|NT,060368017212|060362246939,874335 แยกประตูน้ำ-เมืองนครราชสีมา|874335 แยกประตูน้ำ-เมืองนครราชสีมา,060366002693,874335_YPTNM,,
นครราชสีมา,14.98611,102.09861,AWN|NT|TUC,060368029899,ศูนย์อุบัติเหตุและฉุกเฉิน) โรงพยาบาลมหาราช นครราชสีมา,060368039880|060368054471,NKR7434|874189_PMCSB,060365096068,NKR7434
นครราชสีมา,15.03861,102.2025,AWN,060368029900,800830 ลองตอง-เมืองนครราชสีมา,,,,
นครราชสีมา,14.469999,102.263333,TUC,,,,,060368035454,NKRS047
นครราชสีมา,14.518332,102.143055,TUC,,,,,060368035456,NKRA397
ชัยภูมิ,15.515833,101.434444,TUC,,,,,060368019681,CYP6427
นครราชสีมา,15.030554,102.598333,TUC,,,,,060368035438,NKR5945
นครราชสีมา,14.874166,102.504722,TUC,,,,,060368035440,NKR5976
นครราชสีมา,15.315277,101.477777,TUC,,,,,060368019634,NKR5989
นครราชสีมา,14.739721,101.316943,TUC,,,,,060368019636|060368019680,NKR5873|NKR5884
นครราชสีมา,14.605555,101.573332,TUC,,,,,060368019661,
ชัยภูมิ,15.927221,101.415277,TUC,,,,,060368017264,PCR7266
นครราชสีมา,14.956388,102.048888,TUC,,,,,060368035476|060365096313,NKRS038|NKRA234
นครราชสีมา,14.74111,102.218888,TUC,,,,,060368035434,NKRA231
นครราชสีมา,14.864166,102.267777,TUC,,,,,060368035435,NKRS009
นครราชสีมา,14.466943,102.554722,TUC,,,,,060368035436,NKR5857
นครราชสีมา,15.079443,102.603611,TUC,,,,,060368035437,NKR5939
นครราชสีมา,15.250277,101.478332,TUC,,,,,060368019633,NKR5881
นครราชสีมา,14.974999,102.099166,TUC,,,,,060368019686,NKR7745
นครราชสีมา,14.846944,101.713611,TUC,,,,,060368019704,NKRA293
นครราชสีมา,14.74361,101.853333,TUC,,,,,060368019638,NKR7112
นครราชสีมา,14.74111,102.218332,TUC,,,,,060368035453,NKRA230
นครราชสีมา,14.77611,102.340833,TUC,,,,,060368035455,NKRA396
นครราชสีมา,14.820832,102.481666,TUC,,,,,060368035439,NKR5968
นครราชสีมา,14.550833,102.346944,TUC,,,,,060368035441,NKR7984
นครราชสีมา,14.507222,101.697221,TUC,,,,,060368019635,NKRA193
นครราชสีมา,15.2625,101.528054,TUC,,,,,060368019637,NKR5991
นครราชสีมา,14.940555,102.149166,AWN|NT,,,060368036411,800359_OSPLM,,
นครราชสีมา,14.890555,101.717777,AWN|NT,060363114332,874834 เทศบาล11 ซอย3-สีคิ้ว,060368036413,874834_TBSIK,,
นครราชสีมา,14.833054,102.193333,AWN|NT,060367092257,800817 บ้านท่าอ่าง-โชคชัย,060368036408,800817_BTACK,,
ชัยภูมิ,16.400555,102.133054,NT|TUC,,,060368039632,CYP8525,060360211727,CYP8525
ชัยภูมิ,16.044999,102.182777,NT|TUC,,,060368039633,CYP8530,060360218656|060367048708,CYP8530|CYP8530
ชัยภูมิ,15.724999,102.021388,NT|TUC,,,060368039634,CYP8568,060360211894,CYP8568
ชัยภูมิ,15.809444,102.028888,NT|TUC,,,060368039635,CYP8580,060360218662|060367048711,CYP8580|CYP8580
นครราชสีมา,15.007222,102.136666,NT|TUC,,,060368039499,NKR8530,060360217925|060367026791,NKR8530|NKR8530
นครราชสีมา,15.038333,102.145277,NT|TUC,,,060368039500,NKR8538,060364042394|060360218639,NKR8538|NKR8538
นครราชสีมา,15.59111,102.429999,NT|TUC,,,060368039516,NKR8604,060358041559|060367037185,NKR8604|NKR8604
นครราชสีมา,15.03361,102.166388,NT|TUC,,,060368039518,NKR8619,060359150413|060367026842,NKR8619|NKR8619
นครราชสีมา,14.889166,101.685555,NT|TUC,,,060368039531,NKR8734,060360046715,NKR8734
นครราชสีมา,15.165833,102.549721,AWN|NT,060365079477|060359000064,870608|870608 นิคมสามัคคี-พิมาย,060360120808,870608_NKSMK,,
นครราชสีมา,15.647221,102.144999,AWN|NT,060365079480|060358058034,870635 ดอนไผ่-แก้งสนามนาง|870635 ดอนไผ่-แก้งสนามนาง,060363058890,870635_DPKSN,,
นครราชสีมา,15.285833,102.461666,AWN|NT,060365079482|060358058046,870681 โนนกระสัง-พิมาย|870681 โนนกระสัง-พิมาย,060360120817,870681_NKSGP,,
นครราชสีมา,15.126666,102.68611,AWN|NT,060365079484|060358079560,870884 ตระแกรง-ห้วยแถลง|870884 ตระแกรง-ห้วยแถลง,060360120826,870884_TKGHL,,
นครราชสีมา,15.228888,101.537221,AWN|NT,060365079485|060359022527,870984 วัดหนองแวง-เทพารักษ์|870984 วัดหนองแวง-เทพารักษ์,060361127442,870984_NWTPR,,
นครราชสีมา,15.017777,102.005,AWN|NT,060365079486|060359022528,870985|870985 พลกรัง-นครราชสีมา,060361127443,870985_PKGMA,,
นครราชสีมา,14.679721,102.184444,AWN|NT,060365079487|060359022663,871018 หน้าโรงงานคากิลล์-โชคชัย|871018 หน้าโรงงานคากิลล์-โชคชัย,060366000690,871018_CGLFC,,
นครราชสีมา,14.956111,102.140277,AWN|NT,060365079488|060362246973,874345|874345 บ้านหนองสองห้อง-หัวทะเล,060366002696,874345_NSHHT,,
นครราชสีมา,14.697777,102.451666,AWN|NT,060365079489|060362248584,874400|874400วัดหนองบุนนาก-หนองบุญมาก,060366002703,874400_WNBNN,,
ชัยภูมิ,16.160277,101.88111,AWN|NT,060365079503|060357038157,877251 หนองข่า-บ้านโจด|877251 หนองข่า-บ้านโจด,060361127679,877251_NKBCD,,
ชัยภูมิ,15.811666,102.251111,AWN|NT,060365087465|060356027216,877128 บ้านโนนสะอาด|877128 บ้านโนนสะอาด,060361127652,877128_ASATM,,
นครราชสีมา,14.843888,101.615833,AWN,060365087467|060356033385,878167 ลาดบัวขาว|878167 ลาดบัวขาว,,,,
นครราชสีมา,14.711111,102.452777,AWN|NT,060365087468|060356039899,878236 บ้านซับตะคร้อ|878236 บ้านซับตะคร้อ,060360118853,878236_BSTKM,,
นครราชสีมา,14.450277,102.074999,AWN|NT,060365087470|060357021172,878302 บ้านตลิ่งชัน|878302 บ้านตลิ่งชัน,060366000799,878302_BATCM,,
นครราชสีมา,14.607222,102.125277,AWN|NT,060365087471|060357045812,878308 บ้านโกรกสำโรง|878308 บ้านโกรกสำโรง,060367061879,878308_BKRRM,,
นครราชสีมา,14.620277,102.0075,AWN|NT,060365087472|060356003133,878340 บ้านปอแดง|878340 บ้านปอแดง,060362226947,878340_PORDM,,
นครราชสีมา,14.980277,101.977499,AWN|NT,060365087474|060357038185,878952หน้าโรงเรียนขามทะเลสอ|878952หน้าโรงเรียนขามทะเลสอ,060363059846,878952_NRKTL,,
นครราชสีมา,15.361388,102.970277,AWN|NT,060365087574|060358008858,870358บ้านไพล-ลำทะเมนชัย|870358 บ้านไพล-ลำทะเมนชัย,060363058820,870358_PLTMC,,
นครราชสีมา,15.069166,102.6525,AWN|NT,060365087576|060359000060,870603 โนนฤาษี-ห้วยแถลง|870603 โนนฤาษี-ห้วยแถลง,060360120806,870603_NLSHT,,
นครราชสีมา,15.072777,102.601388,AWN|NT,060365087577|060359000062,870605หนองโกสีย์-ห้วยแถลง|870605 หนองโกสีย์-ห้วยแถลง,060360120807,870605_NGSIH,,
นครราชสีมา,15.121666,102.562777,AWN|NT,060365087578|060358058031,870609หนองหญ้าขาว-พิมาย|870609 หนองหญ้าขาว-พิมาย,060360120809,870609_NYKPM,,
นครราชสีมา,14.963611,102.541666,AWN|NT,060365087579|060358058032,870626หัวสะพาน-ห้วยแถลง|870626 หัวสะพาน-ห้วยแถลง,060360120812,870626_HSPHT,,
นครราชสีมา,15.608611,102.217499,AWN|NT,060365087580|060358058033,870634ปรือโปร่ง-บ้านเหลื่อม|870634 ปรือโปร่ง-บ้านเหลื่อม,060361127425,870634_PPGBL,,
นครราชสีมา,14.63361,102.171943,AWN|NT|TUC,060365087581|060358057866,870676โนนปอแดง-โชคชัย|870676 โนนปอแดง-โชคชัย,060363128717|060366000658,NMA0658-L23|870676_NPDCC,060362166853,NMA0658-U21
นครราชสีมา,15.027221,102.518332,AWN|NT,060365087582|060358058045,870680ตะคร้อเหนือ-หินดาด|870680 ตะคร้อเหนือ-หินดาด,060360120816,870680_TKNHD,,
นครราชสีมา,15.659444,102.693333,AWN|NT,060365087583|060358058050,870688หนองช้างตาย-โนนเพ็ด|870688 หนองช้างตาย-โนนเพ็ด,060360192539,870688_NCGTN,,
นครราชสีมา,15.034721,102.559444,AWN|NT,060365087584|060358058054,870730หลุ่งประดู่-ห้วยแถลง|870730 หลุ่งประดู่-ห้วยแถลง,060360120819,870730_LGPDH,,
นครราชสีมา,15.010277,102.303888,AWN|NT,060365087586|060358058062,870744หนองเต็ง-เฉลิมพระเกียรติ|870744หนองเต็ง-เฉลิมพระเกียรติ,060366000663,870744_NTGCL,,
นครราชสีมา,15.660555,102.402777,AWN|NT,060365087588|060358078802,870806โคกสะอาด-บัวใหญ่)|870806 โคกสะอาด-บัวใหญ่),060360192543,870806_KSABY,,
นครราชสีมา,14.837499,102.070554,AWN|NT,060365087590|060359017412,870942โกรกตะคร้อ-ไชยมงคล|870942 โกรกตะคร้อ-ไชยมงคล,060360068116,870942_KTCMK,,
นครราชสีมา,15.731388,102.351666,AWN,060365087591|060359022523,870980 นาแก-แก้งสนามนาง|870980 นาแก-แก้งสนามนาง,,,,
นครราชสีมา,14.625277,101.463611,AWN,060365087593|060359104930,871071 ขนงพระ-ปากช่อง|871071 ขนงพระ-ปากช่อง,,,,
นครราชสีมา,15.104722,102.421666,AWN|NT,060365068827|060356033943,878270 บ้านหนองขาม|878270 บ้านหนองขาม,060360120864,878270_BOKHM,,
นครราชสีมา,15.069721,102.215,AWN|NT,060365089588|060357039319,870037|870037บ้านโนนหมัน-หนองงูเหลือม,060360119394,870037_NMGLU,,
นครราชสีมา,15.428888,102.347499,AWN|NT,060365089590|060359032897,870648 หนองบง-เมืองคง|870648 หนองบง-เมืองคง,060361127431,870648_NBMKG,,
นครราชสีมา,15.315833,102.267499,AWN|NT,060365089594|060358078801,870802 หญ้าคอ-โนนสูง|870802 หญ้าคอ-โนนสูง,060360068111,870802_YKNSG,,
นครราชสีมา,15.363611,102.796388,AWN|NT,060365089598|060358079387,870809 ยางใน-ชุมพวง|870809 ยางใน-ชุมพวง,060360120824,870809_YNICP,,
นครราชสีมา,15.372221,102.697499,AWN|NT,060365089600|060359046653,871226 แท่น-ชุมพวง|871226 แท่น-ชุมพวง,060364012930,871226_TENCP,,
นครราชสีมา,15.288333,102.737777,AWN|NT,060365089602|060359046654,871227|871227 หนองขาม-ชุมพวง,060366002614,871227_NGKPG,,
นครราชสีมา,15.224999,101.914166,AWN|NT,060365089604|060359044677,871228 บัลลังก์-โนนไทย|871228 บัลลังก์-โนนไทย,060360068121,871228_BLNTI,,
นครราชสีมา,15.198055,101.89111,AWN|NT,060365089606|060360006341,871503 โนนเจดีย์-โนนไทย|871503 โนนเจดีย์-โนนไทย,060366002636,871503_NJDNT,,
นครราชสีมา,15.433888,102.272221,AWN|NT,060365089608|060363005112,874391 โนนเต็ง-คง|874391 โนนเต็ง-คง,060366005233,874391_NOTKG,,
นครราชสีมา,15.611111,102.344721,AWN|NT,060365089610|060362248583,874395หนองบัวสะอาด-บัวใหญ่)|874395หนองบัวสะอาด-บัวใหญ่),060367061846,874395_NBSAB,,
ชัยภูมิ,15.774166,101.377777,AWN|NT,060365089627|060357061016,877098 วังทอง|877098 วังทอง,060366000758,877098_WATHM,,
นครราชสีมา,15.411111,102.477221,AWN|NT,060365089629|060356003102,878039 บ้านโคกสำโรง 1|,060360120846,878039_BKSRM,,
นครราชสีมา,15.025277,101.493888,AWN|NT,060365089631|060357032167,878303 ดอนเมือง|878303 ดอนเมือง,060366000800,878303_DOMGM,,
นครราชสีมา,15.411944,102.13111,AWN|NT,060365089633|060356016945,878440 บ้านโนนเมือง|878440 บ้านโนนเมือง,060361127812,878440_NONMM,,
ชัยภูมิ,16.030277,102.067777,AWN,060365089717,807433,,,,
นครราชสีมา,14.930832,102.099721,AWN,060365089718,808921,,,,
ชัยภูมิ,15.429443,101.615,AWN|NT,060365069264|060359015360,877421ปากจาบ-บำเหน็จณรงค์|877421 ปากจาบ-บำเหน็จณรงค์,060360205578,877421_PJBNR,,
ชัยภูมิ,16.224166,102.334721,AWN|NT,060365069265|060359139184,877559เตาถ่าน-แก้งคร้อ|877559 เตาถ่าน-แก้งคร้อ,060366002765,877559_TTKKO,,
นครราชสีมา,15.435833,102.579166,AWN|NT,060365069267|060356016948,878447 บ้านซาด|878447 บ้านซาด,060361127814,878447_NSADM,,
นครราชสีมา,14.878332,101.870554,AWN|NT,060365068527|060358046794,870444 เอื้ออาทร-สูงเนิน|870444 เอื้ออาทร-สูงเนิน,060360120803,870444_UTSGN,,
นครราชสีมา,14.423332,102.537221,AWN|NT,060365068529|060358058044,870679 ดอนโบสถ์-เสิงสาง|870679 ดอนโบสถ์-เสิงสาง,060363058895,870679_DBTSG,,
นครราชสีมา,14.947499,102.201111,AWN|NT,060365068531|060359022520,870948|870948 หนองม่วง-หนองระเวียง,060360068117,870948_NMNRV,,
นครราชสีมา,14.616111,101.265833,AWN|NT,060365068534|060363008481,874485 วัดเทพพิทักษ์ปุณณาราม|874485วัดเทพพิทักษ์ปุณณาราม,060366002710,874485_WTPPN,,
ชัยภูมิ,15.973888,102.025277,AWN|NT,060365068543|060357023285,877053 อุทยานแห่งชาติน้ำตกตาดโตน|877053 อุทยานแห่งชาติน้ำตกตาดโตน,060366000755,877053_TTNPM,,
ชัยภูมิ,15.944721,101.898055,AWN|NT,060365068544|060357055330,877146 บ้านชีลองเหนือ|877146 บ้านชีลองเหนือ,060366000762,877146_BCLNM,,
ชัยภูมิ,15.406111,101.593888,AWN|NT,060365068545|060356033379,877154|877154 โคกเริงรมย์ชัยภูมิ,060361127659,877154_KRCPM,,
ชัยภูมิ,15.868332,102.041388,AWN|NT,060365068547|060358005283,877285 โพธิ์ทอง-ชัยภูมิ|877285 โพธิ์ทอง-ชัยภูมิ,060363059570,877285_PTCYP,,
ชัยภูมิ,16.368054,102.256944,AWN|NT,060365068551|060359015367,877429 บ้านเพชร-ภูเขียว|877429 บ้านเพชร-ภูเขียว,060361127689,877429_BPTPK,,
นครราชสีมา,14.989166,102.65,AWN|NT,060365068553|060356016959,878499 ป่าเพชร ห้วยแถลง|878499 ป่าเพชร ห้วยแถลง,060366000811,878499_PTHLM,,
นครราชสีมา,14.950833,102.135277,AWN|NT,060365068555|060356001420,878668|,060360118885,878668_RSDRM,,
นครราชสีมา,15.558333,102.414722,AWN|NT,060365068556|060357045821,878785|878785 บ้านหัวหนอง-บัวใหญ่),060360120899,878785_BHNBY,,
นครราชสีมา,15.506388,102.751111,AWN|NT,060365068559|060357045684,878897|878897 บ้านธรรมจักรพัฒนา-ประทาย,060360120908,878897_BTMCP,,
นครราชสีมา,14.996666,102.107777,AWN|NT,060365139884|060358068981,870480 หอพักตึกส้ม ข้างซอยสวนมะพร้าว|870480 หอพักตึกส้ม ข้างซอยสวนมะพร้าว,060363058862,870480_HPTSP,,
ชัยภูมิ,16.458333,102.123054,AWN|NT,060365139886|060356032342,877043โรงงานน้ำตาลภูเขียว|877043 โรงงานน้ำตาลภูเขียว,060363059556,877043_PKSFM,,
ชัยภูมิ,15.545277,101.543055,AWN,060365098800,807354 คลองบงพัฒนา-บําเหน็จณรงค์,,,,
นครราชสีมา,15.29861,102.161388,AWN|NT,060365098835,808734 บ้านใหม่หมู่10-ขามสะแกแสง,060367061835,808734_BMKSS,,
ชัยภูมิ,16.490555,101.717499,AWN,060365063345,807420สถานีเพาะเลี้ยงสัตว์ป่าภูเขียว,,,,
นครราชสีมา,14.904722,101.98111,AWN|NT,060365149009,800039 วัดหนองรังกา-โคกกรวด,060367061830,800039_WNRKG,,
นครราชสีมา,14.881388,101.8625,AWN|NT,060365149010,808968,060367061836,808968_BYSSN,,
ชัยภูมิ,15.523054,101.737221,AWN,060365083178|060362263929,807048 ใหม่นาดี-จตุรัส|807048 ใหม่นาดี-จตุรัส,,,,
นครราชสีมา,14.514444,101.533333,AWN|NT,060365083180|060357084196,870231 หนองจอก-ปากช่อง|870231 หนองจอก-ปากช่อง,060360257648,870231_NCKPC,,
นครราชสีมา,15.218888,102.494721,AWN|NT,060365083182|060359032999,870353 เทเลวิช พิมาย|870353 เทเลวิช พิมาย,060363058819,870353_TLWPM,,
นครราชสีมา,14.644166,101.7025,AWN,060365083183|060358058047,870682 วัดโป่งวัวแดง|870682 วัดโป่งวัวแดง,,,,
นครราชสีมา,14.683888,102.065,AWN|NT,060365083186|060359022522,870979 หลุมข้าว-เกษมทรัพย์|870979 หลุมข้าว-เกษมทรัพย์,060363059187,870979_LKSAP,,
ชัยภูมิ,16.127499,101.477221,AWN,060365083196|060357038159,|877254บ้านวังทอง-ภัคดีชุมพล,,,,
ชัยภูมิ,15.850277,102.070554,AWN|NT,060365083197|060358005285,877290 นางเม้ง-ชัยภูมิ|877290 นางเม้ง-ชัยภูมิ,060363059572,877290_NMGCP,,
ชัยภูมิ,16.6,101.898333,AWN|NT|TUC,060365083200|060360206372,877376 คอนสาร-ชัยภูมิ|877376 คอนสาร-ชัยภูมิ,060361191788,CPM0084-L23,060356035333,CPM0084-U21
นครราชสีมา,15.321943,102.321943,AWN|NT,060365083202|060356027386,878223 พลสงคราม|878223 พลสงคราม,060361127792,878223_PHKMM,,
นครราชสีมา,14.520554,101.524166,AWN|NT,060365083203|060356027389,878394 บ้านหนองจอก|878394 บ้านหนองจอก,060360257700,878394_BNGCM,,
นครราชสีมา,15.578054,102.705833,AWN|NT,060365083204|060356028988,878735 หนองพลวง-ประทาย|878735หนองพลวง-ประทาย,060361127836,878735_NPRTM,,
ชัยภูมิ,15.822221,101.729166,AWN|NT,060365103303|060357072268,877242 ห้วยแย้-หนองบัวระเหว|877242 ห้วยแย้-หนองบัวระเหว,060361127676,877242_HYNBR,,
ชัยภูมิ,15.459444,101.64361,AWN|NT,060365103304|060358058072,877322|877322 จอมแก้ว-บำเหน็จณรงค์,060361127684,877322_JMKBN,,
ชัยภูมิ,16.103888,101.667499,AWN|NT,060365103305|060359022594,877403|877403 บ้านนารี-หนองบัวแดง,060367061868,877403_NREBD,,
ชัยภูมิ,16.489721,102.161388,AWN|NT,060365103306|060359015363,877424หนองไรไก่-ภูเขียว|877424 หนองไรไก่-ภูเขียว,060366002759,877424_NRKPK,,
ชัยภูมิ,16.348055,102.092777,AWN|NT,060365103308|060359015369,877431|877431 บ้านสว่าง-ภูเขียว,060361127690,877431_BSWPK,,
นครราชสีมา,15.126666,101.883333,AWN|NT,060365103311|060356028986,878732 ด่านใน-ด่านขุนทด|878732ด่านใน-ด่านขุนทด,060360118894,878732_DNDKM,,
นครราชสีมา,14.988055,102.012777,AWN|NT,060365103312|060357050453,878912|878912หมู่บ้านทุ่งกระโดน-สีมุม,060361127862,878912_TKDSM,,
นครราชสีมา,15.020832,101.946944,AWN|NT,060365103313|060357038179,878937 บึงอ้อ-ขามทะเลสอ|878937 บึงอ้อ-ขามทะเลสอ,060366000834,878937_BOKTL,,
นครราชสีมา,14.546388,102.221943,AWN|NT,060365103314|060357038189,878984 บ้านดอนกรด-ครบุรี|878984 บ้านดอนกรด-ครบุรี,060363059849,878984_BDKBR,,
นครราชสีมา,15.370277,101.537777,AWN|NT,060365103315|060357058405,878992|878992 วังยายทอง-เทพารักษ์,060361127874,878992_WYTTR,,
นครราชสีมา,14.500277,102.170832,AWN|NT,060365101295,808773 ข้างโรงงานน้ำตาลครบุรี,060366005177,808773_KBRSG,,
ชัยภูมิ,16.576943,101.84361,AWN,060365100698,807363วังปลาก้วน-คอนสาร,,,,
ชัยภูมิ,16.472221,101.772221,AWN,060365100699,807364น้ำทิพย์-คอนสาร,,,,
ชัยภูมิ,16.5125,101.819443,AWN,060365100700,807365,,,,
ชัยภูมิ,15.646388,101.529721,AWN,060365087334,807358 โนนเจริญ-เทพสถิต,,,,
นครราชสีมา,14.814722,102.225554,AWN|NT|TUC,060365087440|060358069309,870165 บ้านกุดจอกใหญ่)|870165 บ้านกุดจอกใหญ่),060361156653,NMA0258-L23,060357051537,NMA0258-U21
นครราชสีมา,14.868054,101.835555,AWN|NT,060365087441|060358001326,870226ชุมชนมิตรภาพร่วมใจ-สูงเนิน|870226ชุมชนมิตรภาพร่วมใจ-สูงเนิน,060360119398,870226_CMRSN,,
นครราชสีมา,15.160555,101.696666,AWN|NT,060365087442|060362248569,874344ตะเคียน-ด่านขุนทด|874344ตะเคียน-ด่านขุนทด,060366002695,874344_TKSKT,,
ชัยภูมิ,16.080277,102.221666,AWN|NT,060364143552,807042 โคกงาม-แก้งคร้อ,060367058260,807042_KNGKR,,
นครราชสีมา,15.294999,102.617221,AWN,060364143556,874338 ซาด-พิมาย,,,,
นครราชสีมา,14.857777,101.624166,AWN|NT,060364143557,874401 บ้านดอนวัว-สีคิ้ว,060366002704,874401_DWSIK,,
นครราชสีมา,14.734721,102.384721,AWN|NT,060365026151|060356049971,878089 หนองบุญนาค|878089 หนองบุญนาค,060360120850,878089_NBNKM,,
นครราชสีมา,15.039721,102.149721,AWN|NT,060364148494,808438 ศุภาลัย เบลล่า-จอหอ,060366002577,808438_SPLJH,,
นครราชสีมา,15.412777,102.325832,AWN,060364164895,808626 บ้านศรีนิมิตร-คง,,,,
นครราชสีมา,15.329999,102.090833,AWN,060364164896,808629 หนองโพธิ์-ขามสะแกแสง,,,,
นครราชสีมา,15.380554,102.921666,AWN,060364164897,808630 บ้านนางโท-เมืองยาง,,,,
ชัยภูมิ,15.771943,101.648055,AWN,060365008062,807333 ห้วยทับนาย-หนองบัวระเหว,,,,
ชัยภูมิ,16.624999,101.896944,AWN,060365008073,807338 บ้านห้วยไห-ทุ่งพระ,,,,
ชัยภูมิ,16.072499,101.518888,AWN,060364132711,807318 ห้วยคลองนา-หนองบัวแดง,,,,
นครราชสีมา,15.223054,102.140277,AWN,060365033711,808632 บ้านคู-โนนไทย,,,,
นครราชสีมา,15.141944,102.267221,AWN|NT,060365033712,808633บ้านใหม่-โนนสูง,060366005172,808633_BMNSK,,
นครราชสีมา,15.32111,102.227221,AWN,060365033713,808647 หนองพลอง-โนนสูง,,,,
นครราชสีมา,14.916111,101.700277,AWN|NT|TUC,060364151685|060357038147,870049 สีคิ้ว กม.3|870049 สีคิ้ว กม.3,060363128715|060360192529,NMA0530-L23|870049_SKOMO,060362166572,NMA0530-U21
นครราชสีมา,14.826943,102.185833,AWN|NT,060364151687|060358069223,870659ท่าอ่าง-ด่านเกวียน|870659 ท่าอ่าง-ด่านเกวียน,060361105096,870659_TADKN,,
นครราชสีมา,14.622777,101.244444,AWN|NT,060364151688|060359022519,870941 ชายเขา-กลางดง|870941 ชายเขา-กลางดง,060360257662,870941_CKGDG,,
นครราชสีมา,15.587499,102.391666,AWN|NT,060364151692|060359139182,871461 โนนมะเฟือง-บัวใหญ่)|871461 โนนมะเฟือง-บัวใหญ่),060364012937,871461_NMFBY,,
นครราชสีมา,14.992777,101.934721,AWN|NT,060364151695|060362121339,874131 หนองคูนอก-ขามทะเลสอ|874131 หนองคูนอก-ขามทะเลสอ,060366002683,874131_NKNKT,,
ชัยภูมิ,16.118332,102.251388,AWN|NT,060364151715|060356023363,877031 แก้งคร้อ|877031 แก้งคร้อ,060363059552,877031_KGKOM,,
ชัยภูมิ,16.28111,102.358333,AWN|NT,060364151719|060356032343,877075 หนองสังข์|877075 หนองสังข์,060361127636,877075_NGSNM,,
ชัยภูมิ,16.293888,101.908611,AWN|NT,060364151720|060356027217,877138 บ้านเมืองเก่า|877138 บ้านเมืองเก่า,060363059562,877138_BMGKM,,
ชัยภูมิ,15.784444,101.876666,AWN|NT,060364151724|060359141405,877573 บ้านหนองจันทิ-ตลาดแร้ง|877573,060364012982,877573_BNJTL,,
ชัยภูมิ,16.094721,101.8125,AWN|NT,060364151725|060361105942,877705 ราษฎร์ดำเนิน-หนองบัวแดง|877705 ราษฎร์ดำเนิน,060364056498,877705_RDNND,,
นครราชสีมา,15.125277,102.302222,AWN|NT,060364151727|060356003104,878043 แยกบ้านด่าน|878043 แยกบ้านด่าน,060360068135,878043_YBDNM,,
นครราชสีมา,15.580832,102.431666,AWN|NT,060364151730|060356016223,878093 บัวใหญ่)|878093 บัวใหญ่),060361127700,878093_BUAYM,,
นครราชสีมา,15.0575,102.166111,AWN|NT,060364151731|060356033934,878101 โรงเรียนมหิศราธิบดี|878101 โรงเรียนมหิศราธิบดี,060360068151,878101_MHRSM,,
นครราชสีมา,15.343333,102.733333,AWN|NT,060364151732|060356046374,878129 ชุมพวง|878129 ชุมพวง,060360120855,878129_CMPGM,,
นครราชสีมา,14.526666,102.245833,AWN|NT,060364151733|060356001401,878151 ครบุรี|878151 ครบุรี,060362226935,878151_KNBRM,,
นครราชสีมา,14.552777,102.365833,AWN|NT,060364151734|060357032165,878160 วัดประดู่งาม|878160 วัดประดู่งาม,060363059788,878160_WPDMM,,
นครราชสีมา,15.355277,102.917777,AWN|NT,060364151735|060356016914,878169 ลำทะเมนชัย|878169 ลำทะเมนชัย,060361127789,878169_LTMCM,,
นครราชสีมา,15.203333,101.797221,AWN|NT,060364151736|060356001405,878178วิทยาลัยเทคนิคหลวงพ่อคูณปริสุทโธ|,060361127790,878178_TNPKM,,
นครราชสีมา,15.580277,102.42111,AWN|NT,060364151738|060356001827,878258 ถนนรถไฟ|878258 ถนนรถไฟ,060360120863,878258_TNRFM,,
นครราชสีมา,14.736944,102.170277,AWN|NT,060364151739|060356001407,878272 ชุมชนบ้านสระประทุม|,060362226943,878272_CBSPM,,
นครราชสีมา,14.654722,102.315555,AWN|NT,060364151740|060357032168,878313 หนองไม้ไผ่)|878313 หนองไม้ไผ่),060366000802,878313_NOMPM,,
นครราชสีมา,14.61861,101.665,AWN|NT,060364151743|060357045814,878405 บ้านป่าเสียด|878405 บ้านป่าเสียด,060367061881,878405_BPSDM,,
นครราชสีมา,14.47861,101.767221,AWN|NT,060364151744|060357045816,878408 โนนสาวเอ้)|878408 โนนสาวเอ้),060366000807,878408_NNSAM,,
นครราชสีมา,15.216943,101.768888,AWN|NT,060364151745|060356001601,878457ที่ทำการไปรษณีย์โทรเลขด่านขุนทด|,060362226951,878457_PODTM,,
นครราชสีมา,15.594166,102.426943,AWN|NT,060364151747|060356001839,878610 ซอยเทศบาล1 บัวใหญ่)|878610 ซอยเทศบาล1 บัวใหญ่),060360120891,878610_STBYM,,
นครราชสีมา,14.519999,102.257777,AWN|NT,060364151748|060356001418,878612 คริสตจักร ครบุรี|878612 คริสตจักร ครบุรี,060362226957,878612_CDKBM,,
นครราชสีมา,15.222499,102.486944,AWN|NT,060364151749|060356003148,878615 สถานีตำรวจพิมาย|,060361127825,878615_PMPSM,,
นครราชสีมา,14.879166,101.915555,AWN|NT,060364151750|060356003151,878678 นาใหญ่-สูงเนิน|878678 นาใหญ่-สูงเนิน,060360120892,878678_NYSNM,,
นครราชสีมา,15.597777,102.415555,AWN|NT,060364151751|060356028989,878736 ชุมชนหนองแวง-บัวใหญ่)|878736 ชุมชนหนองแวง-บัวใหญ่),060360120896,878736_NWBYM,,
นครราชสีมา,14.98861,101.859166,AWN|NT,060364151753|060357023215,878971|878971,060367058301,878971_NKSGN,,
นครราชสีมา,14.869443,102.003611,AWN|NT,060364137153,874505 สะพานหิน-สุระนารี,060366002712,874505_SPHSR,,
ชัยภูมิ,16.016943,101.793333,AWN,060364137159,807317 โนนชุมแสง-หนองบัวแดง,,,,
นครราชสีมา,14.716943,101.438333,AWN|NT,060364137160,808144 โรงเรียนปากช่อง-ปากช่อง,060366005163,808144_PCSPC,,
ชัยภูมิ,16.615,101.926388,AWN|NT,060364137171|060356023365|060365087648,อาคารทันตกรรม)|877036 คอนสาร|877036 คอนสาร,060361127627,877036_KONSM,,
นครราชสีมา,15.422499,102.910277,AWN,060364137172,808022อาคารผู้ป่วยนอก รพ.เฉลิมพระเกียรติสมเด็จย่า100ปี,,,,
นครราชสีมา,14.984444,102.113611,AWN|NT,060364137173,808121อาคารเฉลิมพระเกียรติตึก9 ม.ราชภัฏนครราชสีมา,060366002571,808121_CLPKK,,
นครราชสีมา,15.298333,101.984166,AWN,060364137175,808437 โรงพยาบาลพระทองคำ เฉลิมพระเกียรติ 80 พรรษา,,,,
นครราชสีมา,14.584444,101.445555,AWN,060364137196,872884 พาโค่ คอนโดมิเนียม-เขาใหญ่),,,,
นครราชสีมา,14.721943,102.027221,AWN|NT,060364136795|060357084195,870229รร.ปักธงชัยประชานิรมิตร|870229ร.ร.ปักธงชัยประชานิรมิตร,060360119399,870229_PTPNS,,
ชัยภูมิ,15.79111,101.991388,AWN|NT,060364136805|060356027378,877024 ไร่ธีระสูต|877024 ไร่ธีระสูต,060363059551,877024_RTRSM,,
ชัยภูมิ,15.574721,101.857222,AWN|NT,060364136806|060356016905,877190 ตลาดหนองบัวใหญ่-จัตุรัส|ตลาดหนองบัวใหญ่-จัตุรัส,060361127663,877190_NYCRM,,
ชัยภูมิ,16.108055,102.261111,AWN|NT,060364136807|060356023381,877191 ซอยการไฟฟ้าแก้งคร้อ|877191ซอยการไฟฟ้าแก้งคร้อ,060361127664,877191_KFFKM,,
นครราชสีมา,15.529443,102.721388,AWN|NT,060364136808|060356003108,878115 ประทาย|878115 ประทาย,060360120853,878115_PTHIM,,
นครราชสีมา,14.82111,101.498055,AWN|NT,060364136810|060356016229,878392 จันทึก|878392 จันทึก,060360118872,878392_CHATM,,
นครราชสีมา,15.206666,101.768888,AWN|NT,060364136811|060356001602,878486 ตลาดเทศบาลด่านขุนทด|,060360205610,878486_TDKTM,,
นครราชสีมา,15.208333,101.784444,AWN|NT,060364136813|060356001603,878613 มัธยมด่านขุนทด|878613 มัธยมด่านขุนทด,060360257713,878613_DKTSM,,
นครราชสีมา,14.733054,102.069166,AWN|NT,060365050103|060358008865,870386 หัวนา-ปักธงชัย|870386 หัวนา-ปักธงชัย,060366000635,870386_HNPTC,,
นครราชสีมา,15.235277,101.953333,AWN|NT,060365050104|060358079557,870881 สระตะเฆ่-โนนไทย|870881 สระตะเฆ่-โนนไทย,060360068115,870881_STKNT,,
ชัยภูมิ,15.829166,102.097499,AWN|NT,060365050109|060356011591,877064 โรงเรียนบ้านผือวิทยายน|877064 รร.บ้านผือวิทยายน,060362226924,877064_BPYSM,,
ชัยภูมิ,15.619999,101.738055,AWN|NT,060365050110|060356033931,877123 ท่ากูบ|877123 ท่ากูบ,060366000760,877123_TAKPM,,
นครราชสีมา,15.492499,102.095833,AWN|NT,060365050111|060356028972,878188 บ้านปรางค์|878188 บ้านปรางค์,060361105109,878188_BPRNM,,
นครราชสีมา,15.235277,102.498888,AWN|NT,060365050112|060356016226,878209 ไทรงาม|878209 ไทรงาม,060361105110,878209_SIGMM,,
นครราชสีมา,15.246944,102.739166,AWN|NT|TUC,060365050113|060356033942,878245 ท่าลาด|878245 ท่าลาด,060360120862,878245_TLATM,060362166857,NMA0751-U21
นครราชสีมา,15.34611,101.928054,AWN|NT,060365050114|060356016938,878353 มาบกราด|878353 มาบกราด,060361127798,878353_MBGDM,,
นครราชสีมา,15.214166,102.430277,AWN|NT,060365050115|060356016952,878459 บ้านซึม|878459 บ้านซึม,060363059808,878459_BSUMM,,
นครราชสีมา,14.831388,102.223054,AWN|NT,060364165104|060358008859,870359 ละลมใหม่พัฒนา-โชคชัย|870359 ละลมใหม่พัฒนา-โชคชัย,060360119409,870359_LMPTC,,
นครราชสีมา,14.730554,101.543055,AWN|NT,060364165105|060358058056,870738 วัดคลองหินปูน-ปากช่อง|870738 วัดคลองหินปูน-ปากช่อง,060366000661,870738_WKHPC,,
นครราชสีมา,14.872777,102.196944,AWN|NT,060364165106|060358079561,870885 บ้านตูม-โชคชัย|870885 บ้านตูม-โชคชัย,060364012918,870885_BTMCC,,
นครราชสีมา,14.750277,102.028054,AWN|NT,060364165107|060359022521,870978 ฉัตรมงคล-ปักธงชัย|870978 ฉัตรมงคล-ปักธงชัย,060366000684,870978_CMKPT,,
นครราชสีมา,14.866388,101.869721,AWN|NT,060364165110|060359131198,871396 หนองโสน-สูงเนิน|871396 หนองโสน-สูงเนิน,060366002630,871396_NSNSN,,
นครราชสีมา,14.764166,101.454166,AWN|NT,060364165111|060362231480,874295 บ้านซับม่วง-จันทึกปากช่อง|874295 บ้านซับม่วง-จันทึกปากช่อง,060364012955,874295_BSMCP,,
ชัยภูมิ,16.18861,102.325554,AWN|NT,060364165112|060356023372,877112 บ้านแก้ง|877112 บ้านแก้ง,060361127644,877112_BAEGM,,
นครราชสีมา,14.761111,102.167499,AWN|NT,060364165113|060356001584,878028 เมนรูท โชคชัย|878028 เมนรูท โชคชัย,060362226931,878028_MCKCM,,
นครราชสีมา,15.590277,102.455,AWN,060365008008,808490 บ้านหนองพะเนียด-บัวใหญ่),,,,
นครราชสีมา,14.932499,102.450277,AWN|NT,060365008027,808491 บ้านโนนตาพรม-ศรีละกอ,060366005171,808491_BTSLK,,
นครราชสีมา,15.005555,101.604444,AWN,060365008041,808496 บ้านซับใต้-สีคิ้ว,,,,
นครราชสีมา,15.017777,101.529166,AWN,060365008042,808497 บ้านดงลำใย-สีคิ้ว,,,,
นครราชสีมา,14.928332,101.533333,AWN,060365008043,808499 บ้านไทรงาม,,,,
นครราชสีมา,14.955277,102.406944,AWN,060365008044,808539 วัดละกอ-จักราช,,,,
นครราชสีมา,14.517221,101.389721,AWN|NT,060364148566,808408,060366005168,808408_TMPPC,,
นครราชสีมา,15.183333,101.981388,AWN,060364148567,808476 หนองเขวา-โนนไทย,,,,
ชัยภูมิ,16.418888,101.821943,AWN,060364164907,807335 ห้วยหินลับ-เกษตรสมบูรณ์,,,,
นครราชสีมา,15.62861,102.230554,AWN|NT,060364164908,808495 หนองโคบาล-แก้งสนามนาง,060366002578,808495_NKBKN,,
นครราชสีมา,14.76,101.756666,AWN,060364164909,808625 วังรางน้อย-สูงเนิน,,,,
นครราชสีมา,15.476666,102.128888,AWN,060364164910,808628 บ้านประคำ-คง,,,,
นครราชสีมา,14.979443,102.122221,AWN|NT,060364143558,874404ชุมชนศาลาลอย-เมืองนครราชสีมา,060366002705,874404_SLLNS,,
นครราชสีมา,14.631943,101.28861,AWN,060365008412|060358008861,870361 บุญบันดาล-กลางดง|870361 บุญบันดาล-กลางดง,,,,
นครราชสีมา,15.497221,102.527221,AWN,060365008413|060359044673,870541 สน.ปตท.บจ.หมูทองออยล์ สีดา|870541 สน.ปตท.บจ.หมูทองออยล์ สีดา,,,,
นครราชสีมา,15.566666,102.739166,AWN,060365008414|060359001596,870689 โนนกลาง-หนองค่าย|870689 โนนกลาง-หนองค่าย,,,,
ชัยภูมิ,16.508888,101.819166,AWN,060365008417|060357006219,877181|เชียงรอดเหนือ-คอนสาร,,,,
นครราชสีมา,14.651666,101.64111,AWN|NT,060365008418|060356033388,878284 คลองม่วง|878284 คลองม่วง,060362061184,NMA0387-L23,,
นครราชสีมา,14.827221,101.598888,AWN|NT,060365008419|060357009797,878604 สนามกอล์ฟ เมาน์เท่น ครีก|878604 สนามกอล์ฟ เมาน์เท่น ครีก,060364056500,878604_GMTCM,,
นครราชสีมา,14.954722,102.024999,AWN,060365008423|060357012619,878870รร.อุบลรัตนราชกัญญาราชวิทยา|878870ร.ร.อุบลรัตนราชกัญญาราชวิทยา,,,,
นครราชสีมา,14.706388,101.413888,AWN|NT|TUC,060364016572|060357045672,870022 ตลาดกังวาฬ-ปากช่อง|870022 ตลาดกังวาฬ-ปากช่อง,060361127393,870022_TKWPC,060366066226,NKRA308
นครราชสีมา,14.974443,102.086666,AWN|NT,060364016573|060359022664,871019 โรงแรมศิริโฮเต็ล-ถนนโพธิ์กลาง|871019 โรงแรมศิริโฮเต็ล-ถนนโพธิ์กลาง,060363059196,871019_SRHPK,,
นครราชสีมา,14.983054,102.113888,AWN|NT,060364016574|060359022673,871089 ศูนย์ศิลปวัฒนธรรม ราชภัฏโคราช|871089 ศูนย์ศิลปวัฒนธรรม ราชภัฏโคราช,060363101386,871089_ACRBN,,
นครราชสีมา,14.509722,101.464722,AWN|NT,060364016575|060360100371,871359 ภูผาธารา เขาใหญ่)|871359 ภูผาธารา เขาใหญ่),060363059253,871359_PPTRK,,
นครราชสีมา,14.659444,101.402777,AWN|NT|TUC,060364016577|060363029719|060358069310,874518 มอสูง-ปากช่อง|874518|870180 บ้านมอสูง,060366002713,874518_MOSPC,060356028169,NMA0014-U21
นครราชสีมา,14.889166,101.900833,AWN|NT,060364016583|060357045838,878831 โรงงานชินเอ|878831 โรงงานชินเอ,060360118904,878831_SNEIF,,
นครราชสีมา,14.978332,102.092499,AWN|NT,060364016584|060357007995,878835 บขส.เก่า|878835 บขส.เก่า,060360205136,878835_OTSPN,,
นครราชสีมา,14.714722,101.204166,AWN,060364085911,874635 ค่ายเสือป่าแคมป์,,,,
นครราชสีมา,14.680832,101.399721,AWN|NT,060364032987,874393 อาคารผู้ป่วยนอก โรงพยาบาลปากช่อง นานา,060366002702,874393_OPDNN,,
ชัยภูมิ,15.932777,102.018332,AWN|NT,060364033024,807174ข้างมหาวิทยาลัยราชภัฏชัยภูมิ,060366002562,807174_BCYRU,,
ชัยภูมิ,15.516111,101.783333,AWN,060364033025,807238บ้านโนนฝายเหนือ-จัตุรัส,,,,
นครราชสีมา,15.208888,102.475832,AWN,060364033026,808002พิมายเมืองใหม่-ยูนิสันแพนเอเชีย,,,,
นครราชสีมา,15.346944,102.34361,AWN,060364033027,808025หน้าโรงเรียนบ้านหนองแจง-โนนสูง,,,,
นครราชสีมา,14.940833,101.984166,AWN|NT,060364033028,808028บ้านเดื่อหมู่8-โคกกรวด,060366002564,808028_BDUKK,,
นครราชสีมา,15.534444,102.710833,AWN|NT,060364033029,808030หัวดงเค็ง-ประทาย,060366002565,808030_HDKPT,,
นครราชสีมา,15.340277,102.597221,AWN|NT,060364033059,808088 ดงใหญ่หมู่ 1-พิมาย,060366002567,808088_DYPIM,,
นครราชสีมา,14.754722,101.327777,AWN,060364062853,808137,,,,
นครราชสีมา,14.539166,101.246388,AWN|NT,060364062854,808142บ้านซับใต้-ปากช่อง,060366002572,808142_BSTPC,,
นครราชสีมา,14.815277,102.155833,AWN,060364062855,808143,,,,
นครราชสีมา,15.392221,101.950277,AWN|NT,060360100269|060365061815,871504 ห้วยหุงเกลือ-พระทองคำ|871504,060366002637,871504_HHKPT,,
นครราชสีมา,14.927499,102.040555,AWN|NT,060360100270|060363087240,871522 ข้างสนามกีฬาเฉลิมพระเกียรติ80พรรษา|871522,060363059262,871522_STKBD,,
ชัยภูมิ,15.799166,102.024166,AWN,060360100273,877599 ตรงข้ามโรงเรียนพระยาแลวิทยาคม,,,,
นครราชสีมา,15.433333,102.752777,AWN|NT,060360006289|060365096440,871502 หนองกรด-ประทาย|871502 หนองกรด-ประทาย,060366002635,871502_NOKPT,,
นครราชสีมา,14.837221,101.605277,AWN|NT,060360006303,871237 ลานกิจกรรมเมาเท่นครีก,060363059233,871237_MTCAF,,
ชัยภูมิ,15.948055,101.517777,AWN,060360006306,877177โรงเรียนบ้านหลังสัน,,,,
นครราชสีมา,15.056944,102.451666,AWN,060360006319|060367055408,871252|871252 หนองพฤกษ์-จักราช,,,,
นครราชสีมา,14.659722,101.392777,AWN|NT,060360006321,871342 สตาร์บัค เอ้าเลทปากช่อง,060363059249,871342_SOLPK,,
นครราชสีมา,15.159166,101.503333,AWN,060360006322,871457 ศูนย์วิจัยมันห้วยบง,,,,
นครราชสีมา,14.983333,102.124443,AWN|NT,060363100157|060356001833,878358 ชุมชนมหาชัย|878358 ชุมชนมหาชัย,060360205097,878358_CCMCM,,
นครราชสีมา,14.932499,101.973054,AWN|NT,060363100158|060356003141,878359 คลองกระบือ|878359 คลองกระบือ,060360118862,878359_KGKEM,,
นครราชสีมา,14.761111,101.445555,AWN|NT,060363100159|060356002599,878361 บ้านซับม่วง|878361 บ้านซับม่วง,060360118863,878361_BSBMM,,
นครราชสีมา,14.920832,102.1575,AWN|NT,060363100160|060356001595,878363 บ้านหนองตะลุมพุก|,060360118864,878363_NTLPM,,
นครราชสีมา,14.964166,102.077777,AWN|NT,060363100161|060356002600,878364 สำนักงานประกันสังคม|,060360205098,878364_SSOFM,,
นครราชสีมา,14.977221,102.098888,AWN|NT,060363100162|060356003142,878367 สวนรัก|878367 สวนรัก,060360205099,878367_SRAKM,,
นครราชสีมา,14.993055,102.108333,AWN|NT,060363100163|060356002601,878369รร.เทคโนโลยีช่างกลพนิชยการนครราชสีมา|,060360205100,878369_KTECM,,
นครราชสีมา,14.922499,102.192499,AWN|NT,060363100164|060356001409,878370 หลังเขตอุตสาหกรรม|,060360118866,878370_LKUSM,,
นครราชสีมา,14.951944,102.056944,AWN|NT,060363100166|060356003143,878373 สามแยกปัก|878373 สามแยกปัก,060360118868,878373_SYPKM,,
นครราชสีมา,14.523888,101.480277,AWN|NT,060363100168|060357045813,878378 บ้านคลองดินดำ|878378 บ้านคลองดินดำ,060363101405,878378_BKDDM,,
นครราชสีมา,14.547221,101.46,AWN|NT,060363100172|060358001178,878388 เกาะแก้ว|878388 เกาะแก้ว,060360257699,878388_KOHWM,,
นครราชสีมา,14.943055,102.016666,AWN|NT,060363100173|060356016228,878389 มาบเอื้อง|878389 มาบเอื้อง,060360205102,878389_MBUGM,,
นครราชสีมา,14.7025,101.360833,AWN|NT,060363100175|060356032353,878399 หนองมะค่า|878399หนองมะค่า,060360257701,878399_NMAKM,,
นครราชสีมา,14.963333,102.133333,AWN|NT,060363100177|060356001410,878417 โรงเรียนบ้านดอนขวาง|,060360118874,878417_DKSCM,,
นครราชสีมา,15.004722,102.120832,AWN|NT,060363100178|060356001598,878425 บ้านขนาย|878425 บ้านขนาย,060360257703,878425_KNAIM,,
นครราชสีมา,14.942499,102.056944,AWN|NT,060363100182|060356002603,878450 โรงงานเป็บซี่)|878450 โรงงานเป็บซี่),060360120878,878450_PPSFM,,
นครราชสีมา,14.995277,102.132499,AWN|NT,060363100183|060356001835,878454 หมู่บ้านศิวาลัย|,060360118878,878454_SVLVM,,
นครราชสีมา,14.919443,102.179443,AWN|NT,060363100184|060356001415,878456 โรงงาน เจวีซี|878456 โรงงาน เจวีซี,060360120881,878456_JVCFM,,
นครราชสีมา,14.955,102.045277,AWN|NT,060363100185|060356003144,878464 ตลาด Save One|878464 ตลาด Save One,060360120882,878464_SOMTM,,
นครราชสีมา,14.887499,101.726388,AWN|NT,060363100186|060356001836,878467 ชุมชนบ้านกลาง|878467 ชุมชนบ้านกลาง,060360120883,878467_CCBKM,,
นครราชสีมา,14.677499,101.39861,AWN|NT,060363100188|060356001837,878480 ซอยเทศบาล 3 ปากช่อง|,060362226952,878480_STBPM,,
นครราชสีมา,14.986944,102.09361,AWN|NT,060363100193|060356011593,878557 หน้าโรงพยาบาลเซนต์แมรี่)|878557หน้า รพ. เซนต์แมรี่),060360205111,878557_FSMHM,,
นครราชสีมา,14.560555,101.405,AWN,060363100194|060356033951,878565 หมูสี|878565 หมูสี,,,,
นครราชสีมา,14.569443,101.346944,AWN|NT,060363100195|060363114331|060356048021,878568 บ้านเขาวง-ปากช่อง|874760 เขาวง-ปากช่อง|878568บ้านเขาวง-ปากช่อง,060361127820|060366005236,878568_KWPGM|874760_KWPCH,,
นครราชสีมา,14.571388,101.436666,AWN|NT,060363100196|060356002608,878598 คลองเสือ-ปากช่อง|878598 คลองเสือ-ปากช่อง,060360257712,878598_KGSPM,,
นครราชสีมา,14.666388,101.445277,AWN|NT,060363100202|060356002611,878660 ประดู่งาม ปากช่อง|,060360118882,878660_PDPCM,,
นครราชสีมา,14.977777,102.06861,AWN|NT,060363100204|060358041185,878663 มิตรภาพซอย 1|878663 มิตรภาพซอย 1,060360205116,878663_MPPSM,,
นครราชสีมา,14.989999,102.115,AWN|NT,060363100205|060356001419,878664 สุรนารายณ์ ซอย11|878664 สุรนารายณ์ ซอย11,060360205117,878664_SNRIM,,
นครราชสีมา,14.955,102.113055,AWN|NT,060363100209|060356001421,878669 ยุทธศาสตร์ ซอย10|,060360118886,878669_YTTSM,,
นครราชสีมา,14.586666,101.439166,AWN|NT,060363100212|060356028979,878716 สนามกอล์ฟโบนันซ่า|878716สนามกอล์ฟโบนันซ่า,060360257717,878716_SGBZM,,
นครราชสีมา,14.660833,101.391666,AWN|NT,060363100215|060356049975,878755 แมคโดนัลด์ เขาใหญ่)|878755 แมคโดนัลด์ เขาใหญ่),060363101407,878755_MDKYM,,
นครราชสีมา,14.998888,102.090277,AWN|NT,060363100218|060357069070,878815 แยกวัดหนองหญ้างาม|878815 แยกวัดหนองหญ้างาม,060360118903,878815_YWNYG,,
นครราชสีมา,15.0025,102.148333,AWN|NT,060363100219|060357055135,878818 สุรนารีวิลล์ บ้านเกาะ|878818 สุรนารีวิลล์บ้านเกาะ,060360120902,878818_SRVBK,,
นครราชสีมา,14.585833,101.342221,AWN|NT,060363100220|060357038164,878822 แยกธารมงคล-ปากช่อง|878822 แยกธารมงคล-ปากช่อง,060361127845,878822_YTMPC,,
นครราชสีมา,15.007222,102.108888,AWN|NT,060363100221|060357045681,878839 วัดประโดก|878839 วัดประโดก,060360118906,878839_WPDOK,,
นครราชสีมา,14.957222,102.148055,AWN|NT,060363100222|060357038169,878842 หมู่บ้านพาราไดซ์-หัวทะเล|878842 หมู่บ้านพาราไดซ์-หัวทะเล,060360118907,878842_PDVHT,,
นครราชสีมา,14.549721,101.432499,AWN|NT,060363100223|060357038170,878843 ท่าช้าง-ปากช่อง|878843 ท่าช้าง-ปากช่อง,060360257719,878843_TCGPC,,
นครราชสีมา,15.008333,102.069999,AWN|NT|TUC,060363100225|060357072270,878855 บ้านต่างตา|878855 บ้านต่างตา,060360118908,878855_BTNGT,060367030157|060360097807|060368163895,NMA0649_D|NMA0649-U21|NKR0649
นครราชสีมา,14.608333,101.414166,AWN|NT,060363100226|060357055139,878856 บ้านคลองชัย ปากช่อง|878856บ้านคลองชัย ปากช่อง,060361127849,878856_BKCPC,,
นครราชสีมา,15.035833,102.113333,AWN|NT,060363100228|060357007999,ข้างหลัง)|878858โรงเรียนบ้านกล้วย,060360118909,878858_BKYSC,,
นครราชสีมา,14.998333,102.124721,AWN|NT,060363100229|060357055142,878864 บ้านเก่าหมู่ 2|878864 บ้านเก่าหมู่2,060360120906,878864_BKMOO,,
นครราชสีมา,15.01861,102.102777,AWN|NT,060363100231|060357045841,878866 บ้านโพนสูง หมื่นไวย|878866 บ้านโพนสูง หมื่นไวย,060360118911,878866_PSMWI,,
นครราชสีมา,14.907777,101.927777,AWN|NT,060363100232|060357055146,878874 ห้วยตะคร้อ โคกกรวด|878874 ห้วยตะคร้อ โคกกรวด,060360120907,878874_HTKOK,,
นครราชสีมา,15.043333,102.149721,AWN|NT,060363100233|060357008003|060359044676,878875 หลังสำนักงานปศุสัตว์ จอหอ|878875หลังสำนักงานปศุสัตว์จอหอ|1) จอหอ,060361127851|060363058898,878875_BHJLS|870722_PPKJH,,
นครราชสีมา,14.94861,102.179443,AWN|NT,060363100237|060357038182,878942 มาบมะค่า-หนองระเวียง|878942มาบมะค่า-หนองระเวียง,060361127869,878942_MNRWG,,
นครราชสีมา,14.7075,101.431388,AWN|NT,060363100239|060357038187,878960 บ้านไร่-หนองสาหร่าย|878960บ้านไร่-หนองสาหร่าย,060360118917,878960_BRNSR,,
นครราชสีมา,15.020554,102.065555,AWN|NT,060363100241|060357072277,878973 บ้านนาตูมหนองกระทุ่ม|878973บ้านนาตูมหนองกระทุ่ม,060360118919,878973_BNTKT,,
นครราชสีมา,14.969721,102.114166,AWN|NT,060363100243|060357045845,878980 สะพานข้ามทางรถไฟ-หัวทะเล|878980 สะพานข้ามทางรถไฟ-หัวทะเล,060360205150,878980_SRFHL,,
ชัยภูมิ,16.316943,102.305,AWN,060362263928,807041 ดอนไก่เถื่อน-อำเภอภูเขียว,,,,
นครราชสีมา,15.656666,102.303611,AWN,060362263933,874350 หนองหญ้าปล้อง-บัวใหญ่),,,,
นครราชสีมา,15.471943,102.939999,AWN,060362263934,874373 โนนละกอ-เมืองยาง,,,,
ชัยภูมิ,15.673888,102.030277,AWN,060362258538,877991ท่าหว้า-เมืองชัยภูมิ,,,,
นครราชสีมา,14.749166,102.25,AWN|NT,060362258557,874433ภิญญดารีสอร์ท-โชคชัย,060366002706,874433_PYDCC,,
นครราชสีมา,15.59611,102.539999,AWN|TUC,060362258594,874030 บ้านแฝก-สามเมือง,,,060358035507,NMA0379-U21
นครราชสีมา,14.986944,102.076666,AWN|NT,060362248525,874343ชุมชนบุมะค่านครราชสีมา,060366002694,874343_BMKNK,,
นครราชสีมา,15.554722,102.422499,AWN|NT,060362248526|060368048070,874358หัวหนองพัฒนา-บัวใหญ่)|874358 หัวหนองพัฒนา-บัวใหญ่),060366002697,874358_HNPBY,,
นครราชสีมา,14.952777,101.955277,AWN|NT,060362248527,874359หนองน้ำขุ่น-ขามทะเลสอ,060366002698,874359_NNKKT,,
นครราชสีมา,14.730832,102.164722,AWN|NT,060362248528,874376ข้างเทศบาลโชคชัย-โชคชัย,060366002700,874376_TSBCC,,
ชัยภูมิ,16.47611,102.079721,AWN,060362248555,807031 กุดจอก-ภูเขียว,,,,
ชัยภูมิ,15.714722,101.741666,AWN,060362248556,807035โสกปลาดุก-หนองบัวระเหว,,,,
ชัยภูมิ,16.598888,101.956111,AWN,060362248557,807039 บ้านม่วง-คอนสาร,,,,
ชัยภูมิ,15.442777,101.543888,AWN,060362248558,807043หินเพิงพัฒนา-เทพสถิตย์,,,,
นครราชสีมา,14.543055,101.319443,AWN|NT,060362248563|060363087249,874308เหวปลากั้ง-ปากช่อง|874308 เหวปลากั้ง,060364012957,874308_HPKPC,,
นครราชสีมา,15.384999,102.659444,AWN,060362248564,874317บ้านมะกอกหมู่ 9-พิมาย,,,,
นครราชสีมา,15.458611,102.910277,AWN,060362248565,874324 โนนเพชร-เมืองยาง,,,,
นครราชสีมา,14.994166,102.286666,AWN,060362248566,874326บ้านหนองหอย-เฉลิมพระเกียรติ,,,,
นครราชสีมา,15.403888,102.088333,AWN,060362248567,874334บ้านสระแจ-ขามสะแกแสง,,,,
นครราชสีมา,15.329999,101.971666,AWN,060362248568,874336 สระพระ-พระทองคำ,,,,
นครราชสีมา,15.533054,102.388055,AWN,060362248570,874346หนองไผ่ล้อม-บัวใหญ่),,,,
นครราชสีมา,14.805,101.987777,AWN|NT,060362248571,874361หนองนมนาง-ปักธงชัย,060367058287,874361_NNPTC,,
นครราชสีมา,14.647499,101.980832,AWN,060362248572,874362หนองปรือ-ปักธงชัย,,,,
นครราชสีมา,14.808611,102.439721,AWN|NT,060362248573,874365สันติสุข-หนองบุญมาก,060366002699,874365_STSNB,,
นครราชสีมา,14.898888,102.430554,AWN,060362248574,874366 ลุงถ่อน-จักราช,,,,
นครราชสีมา,15.333333,102.86861,AWN,060362248575,874368วัดบ้านดงหนองไผ่-ลำทะเมนชัย,,,,
นครราชสีมา,15.18861,102.927777,AWN,060362248576,874370บ้านหินแร่-ลำทะเมนชัย,,,,
นครราชสีมา,15.252222,102.832499,AWN,060362248577,874372 หนองข่า-ชุมพวง,,,,
นครราชสีมา,15.446944,102.189721,AWN,060362248578,874382โนนมะเกลือหนองหัวฟาน-ขามสะแกแสง,,,,
นครราชสีมา,15.372499,101.916666,AWN,060362248579,874386 มาบกราด-พระทองคำ,,,,
นครราชสีมา,15.3,101.529721,AWN,060362248580,874389ทำนบเทวดา-เทพารักษ์,,,,
นครราชสีมา,15.030832,102.596388,AWN,060362248581,874392โนนสำราญ-ห้วยแถลง,,,,
นครราชสีมา,15.422777,101.953888,AWN,060362248582,874394โนนงิ้ว-พระทองคำ,,,,
นครราชสีมา,15.087221,102.685555,AWN,060362248585,874405หนองม่วงหวาน-ห้วยแถลง,,,,
นครราชสีมา,14.772499,102.22861,AWN|NT,060362248587,874407 โกลเด้นฟาร์ม-โชคชัย,060366005234,874407_GDFCC,,
ชัยภูมิ,16.36861,102.134166,AWN|NT,060362226350,877977 สนามกีฬาเทศบาลภูเขียว,060363122945,877977_PKMNS,,
นครราชสีมา,14.955833,102.116388,AWN,060362194474,874257ซอยโชคเจริญ6-หัวทะเล,,,,
นครราชสีมา,15.010833,102.101666,AWN|NT,060362194476|060366005021,874256วารุณีรีสอร์ท-ประโดก|874256 วารุณีรีสอร์ท-ประโดก,060364012953,874256_WRNRS,,
นครราชสีมา,14.851388,102.088055,AWN,060362194479,870132 บริเวณสวนน้ำ-สวนสัตว์นครราชสีมา,,,,
นครราชสีมา,14.855,102.089444,AWN|NT,060362194480,870132 สวนสัตว์โคราช-กรงเสือ,060366002591,870132_KRZTG,,
นครราชสีมา,14.852777,102.080554,AWN|NT,060362194481,870132 สวนสัตว์โคราช-โซนสวนสัตว์เด็ก,060366002592,870132_KRZZK,,
นครราชสีมา,14.966111,102.4575,AWN,060362179253|060365087599,874082 ลุงม่วง-จักราช|874082 ลุงม่วง-จักราช,,,,
นครราชสีมา,15.210277,102.543333,AWN|NT,060362179254|060365103293,874191รังกาใหญ่หมู่16-พิมาย|874191,060364012951,874191_RKYPM,,
นครราชสีมา,14.844166,101.592499,AWN|NT,060362179255|060365087600,874192 หนองบัว-สีคิ้ว|874192 หนองบัว-สีคิ้ว,060364012952,874192_NBSKH,,
นครราชสีมา,15.574443,102.543888,AWN,060362179256,874194โนนสมบูรณ์หมู่หก-สีดา,,,,
นครราชสีมา,14.967777,102.096944,AWN|NT,060362177422,874095 หลังจวนผู้ว่าฯ นครราชสีมา,060366002681,874095_BGVNN,,
นครราชสีมา,15.524443,102.542777,AWN|NT,060362177423,874096สำโรงเหนือ-โนนแดง,060366001351,874096_SROND,,
นครราชสีมา,14.980832,102.095277,AWN,060362177428,874251หน้าวัดปรก-เมืองนครราชสีมา,,,,
นครราชสีมา,15.211944,102.387499,AWN|NT,060362177429|060366043931,874254 สัมฤทธิ์-พิมาย|874254 สัมฤทธิ์-พิมาย,060366002685,874254_SRPMA,,
นครราชสีมา,14.983333,102.076666,AWN|NT,060362073377,874041 ตลาดหลังมอลล์,060366002679,874041_LMMKT,,
นครราชสีมา,14.974999,102.097777,AWN|NT,060363074980|060362231504,874266 บ้านย่าสเต็กเฮ้าส์-ลานย่าโม|874266 บ้านย่าสเต็กเฮ้าส์-ลานย่าโม,060364012954,874266_BYSLY,,
ชัยภูมิ,15.654444,102.013611,AWN,060363087602,807074หนองน้ำไข่-เนินสง่า,,,,
นครราชสีมา,14.606388,101.464722,AWN|NT|TUC,060363029720|060363131310,874519|874519 วัดขนงพระเหนือ-ปากช่อง,060363128720,NMA0829-L23,060363102795,NMA0829
นครราชสีมา,15.484999,102.716388,AWN|NT,060362248312,874315 หนองแสง-ประทาย,060366002691,874315_NSPTH,,
นครราชสีมา,14.774721,102.009166,AWN,060362248313,874320หนองหญ้าขาว-ปักธงชัย,,,,
นครราชสีมา,15.224443,102.653333,AWN,060362248314,874322ตะเคียดงาม-พิมาย,,,,
นครราชสีมา,15.176666,102.630277,AWN,060362248315,874332บ้านโนนสวรรค์-พิมาย,,,,
นครราชสีมา,14.984166,102.103055,AWN|NT,060362248318,874302 เอ็ม ปาร์ค โรงพยาบาลมหาราช นครราชสีมา,060366002690,874302_MPMHR,,
นครราชสีมา,14.990833,102.119999,AWN|NT,060362246937,874296 โรงพยาบาลสัตว์มหาชัย-นครราชสีมา,060366002689,874296_MHCAH,,
นครราชสีมา,14.810277,102.179721,AWN,060362246938,874299 บริษัทคาสิโอจำกัด,,,,
ชัยภูมิ,15.881388,101.6625,AWN,060357061015|060367076558,877093 บ้านห้วยแย้)|877093 บ้านห้วยแย้),,,,
ชัยภูมิ,16.497777,101.736944,AWN|NT,060357061017|060364100869,877099 ทุ่งลุยลาย|877099 ทุ่งลุยลาย,060366000759,877099_TULUM,,
ชัยภูมิ,15.682777,101.69861,AWN|NT,060357061019,877157 บ้านวังกุ้งซับใหญ่),060361127661,877157_WKSYM,,
นครราชสีมา,14.889166,101.724166,AWN|NT,060359168879,871157 แยกตลาดสีคิ้ว,060363059224,871157_YTLSK,,
นครราชสีมา,14.931666,102.546666,AWN|NT,060359168880,871284,060366002620,871284_BPNGK,,
นครราชสีมา,14.370277,101.754444,AWN|NT,060359168881,871289 ข้างรีสอร์ทคลองทราย-วังน้ำเขียว,060366002621,871289_KSRWK,,
ชัยภูมิ,16.245277,102.116943,AWN,060359168882,877484 บ้านตาดภูทอง,,,,
ชัยภูมิ,16.214444,102.111666,AWN,060359168883,877485 บ้านตาดรินทอง,,,,
นครราชสีมา,14.743333,101.49611,AWN|NT,060359168913,871233 โนนป่าติ้ว-หนองสาหร่าย,060366000708,871233_NPTNR,,
นครราชสีมา,14.665833,102.191944,AWN|NT,060360045719,870721,060366001300,,,
นครราชสีมา,14.937777,102.095555,AWN|NT,060360045728,870264 หัวสนามบิน-กองบิน 1,060366001294,870264_KBNAP,,
นครราชสีมา,14.922221,102.080277,AWN|NT,060360045729,870265 โรงพยาบาลกองบิน 1,060363122938,870265_KBNHL,,
นครราชสีมา,14.7,101.472499,AWN|NT,060360045731,871232 แยกบ้านซับหวาย-หนองสาหร่าย,060366001303,871232_YBNSR,,
ชัยภูมิ,15.930832,102.010555,AWN|NT,060360045735,877531 หอพักนักศึกษา-ราชภัฎชัยภูมิ,060366002762,877531_DMSCR,,
ชัยภูมิ,15.931388,102.005,AWN|NT,060360045736,877531 คณะวิศวกรรมศาสตร์-ราชภัฎชัยภูมิ,060366002763,877531_ENGCR,,
ชัยภูมิ,15.93111,102.016388,AWN|NT,060360045737,877531 คณะศิลปศาสตร์และวิทยาศาสตร์,060366001374,877531_FACRU,,
ชัยภูมิ,15.602777,101.408888,AWN,060360045738,877607 โรงเรียนบ้านโนนสำราญ-เทพสถิตย์,,,,
นครราชสีมา,14.457222,102.46,AWN,060359159035,871411 หนองไผ่น้อย-เสิงสาง,,,,
นครราชสีมา,14.993888,102.123332,AWN|NT,060358079461,870052 ตลาดไนท์ฯ,060366000592,870052_TLNBK,,
นครราชสีมา,14.440277,102.509166,AWN|NT,060358079462,870207 เอี่ยมเฮง-เสิงสาง,060366002593,870207_EHSSG,,
นครราชสีมา,14.92361,102.174443,AWN|NT,060358079463,870332 โรงงานโค้กฯ,060366000629,870332_CLFSI,,
นครราชสีมา,14.924721,102.161111,AWN|NT,060358079464,870333 โรงงานฯ,060366000630,870333_MQFSI,,
นครราชสีมา,14.920277,102.174999,AWN|NT,060358079465,870334 โรงงานฮอนด้าฯ,060366000631,870334_HDFSI,,
นครราชสีมา,14.913055,102.16,AWN|NT,060358079467,870422 ม.ภัทรานิต-นิคมสุรนารี,060363058837,870422_PTNSI,,
นครราชสีมา,14.434721,102.506666,AWN|NT,060358079468,870435 หน้าโรงงานแป้งมันเอี่ยมเฮง,060366000640,870435_FEMHG,,
นครราชสีมา,14.731943,101.505277,AWN,060358079469,870871 แยกวัดคลองยาง ปากช่อง,,,,
ชัยภูมิ,15.809166,102.023888,AWN|NT,060358079482,877252 ถนนคนเดิน-ชัยภูมิ,060366000768,877252_TNKDC,,
นครราชสีมา,14.616666,101.405555,AWN|NT,060358079483,878776 สโมคเฮาส์เขาใหญ่),060366000819,878776_SMHKY,,
นครราชสีมา,14.538888,101.4,AWN|NT,060358079484,878777 ปาลิโอ เขาใหญ่),060366000820,878777_PLOKY,,
นครราชสีมา,14.958055,102.045833,AWN|NT,060358079485,878778 เซฟวัน จุดที่ 1,060366000821,878778_SVONP,,
นครราชสีมา,14.957777,102.044166,AWN|NT,060358079486,878779 เซฟวัน จุดที่ 2,060366000822,878779_SAVPT,,
นครราชสีมา,14.973332,102.107222,AWN,060358079487,878786 ดอกไม้กาแฟ,,,,
นครราชสีมา,14.973054,102.09861,AWN,060358079488,878811 ลานหน้าศาลากลาง,,,,
นครราชสีมา,14.971388,102.099444,AWN|NT,060358079489,878812,060366000823,878812_NKRDO,,
นครราชสีมา,14.559722,101.302222,AWN|NT|TUC,060358079490,878876 แยกเขาวงศ์-ปากช่อง,060366000827,878876_YKWPC,060360015255,NKR7131
ชัยภูมิ,16.037221,102.2525,AWN|NT,060359015355,877416 ห้วยยาง-คอนสวรรค์,060366002758,877416_HYKSW,,
ชัยภูมิ,16.399721,102.186944,AWN,060359015364,877425 กุดศรีภูมิ-ภูเขียว,,,,
ชัยภูมิ,15.94611,101.437777,AWN,060359015372,877434 ชัยไกรทอง-ภักดีชุมพล,,,,
ชัยภูมิ,15.812222,101.396388,AWN,060359015373,877435 เจาเหนือ-ภักดีชุมพล,,,,
ชัยภูมิ,15.840833,101.360833,AWN|NT,060359015374|060365061594|060359051894,877436 บ้านผาทอง-ภักดีชุมพล|877436|877436บ้านผาทอง-ภักดีชุมพล,060366002760,877436_BPTPD,,
ชัยภูมิ,15.522777,101.905,AWN|NT,060359015378|060365079505,877449 บ้านไผ่ล้อม-จัตุรัส|877449,060361127695,877449_PLCTR,,
นครราชสีมา,14.299721,102.496388,AWN|NT|TUC,060360206362|060367029000,871519 บ้านราษฎร์-เสิงสาง|871519 บ้านราษฎร์-เสิงสาง,060366005224,871519_BLSSG,060360238115,NMA0499-U21
นครราชสีมา,14.571666,102.151388,AWN,060360206363|060365103292,871599 หนองรังกา-ครบุรีใต้)|871599,,,,
นครราชสีมา,15.301388,102.157222,AWN|NT,060360206364,871600 พะงาด-ขามสะแกแสง,060366005225,871600_PNGKS,,
ชัยภูมิ,16.189166,101.593333,AWN|TUC,060360206373|060369024850,877405 โนนเหม่า-หนองบัวแดง|877405 โนนเหม่า-หนองบัวแดง,,,060357049506,CPM0066-U21
ชัยภูมิ,16.317499,102.196944,AWN|TUC,060360206374,877406 หนองแวงใหญ่-ภูเขียว,,,060356033566,CPM0034-U21
ชัยภูมิ,15.396944,101.712222,AWN|NT,060360206376,877540 หนองกก-บ้านเพชร,060366005254,877540_NKKBP,,
ชัยภูมิ,15.461111,101.714166,AWN|NT,060360206377,877582 โคกสว่าง-บ้านเพชร,060366005255,877582_KSWBP,,
นครราชสีมา,15.013611,102.136388,AWN|NT,060357083988|060363087187,870030 เอื้ออาทร-บ้านเกาะ|870030เอื้ออาทร-บ้านเกาะ,060363100989,870030_UATBK,,
นครราชสีมา,14.965277,102.089166,AWN|NT|TUC,060357083989|060363087197,870129 หน้า รพ.ค่ายสุรนารี|870129 หน้า รพ.ค่ายสุรนารี,060368039497|060363100996,NKR8527|870129_FKSRH,060360219001|060367026817,NKR8527|NKR8527
นครราชสีมา,14.98861,102.093888,AWN|NT,060357084070,870078 ข้างนครชัยแอร์ บ.ข.ส.ใหม่ นครราชสีมา,060360192533,870078_SNKCA,,
นครราชสีมา,14.800277,102.158611,AWN|NT,060357084071,870155,060366000614,870155_RKHNU,,
นครราชสีมา,15.006944,102.125554,AWN|NT,060360100370,871326 ลานจอดรถโกบอลเฮ้าส์,060363059248,871326_GBHCP,,
นครราชสีมา,15.146388,101.790833,AWN,060360100373,871594 บ้านใหม่-อำเภอด่านขุนทด,,,,
นครราชสีมา,15.261111,102.870554,AWN|NT,060360100400,871544 วัดหนองมะเขือ-ลำทะเมนชัย,060363059265,871544_WNMKL,,
นครราชสีมา,14.363333,101.814166,AWN,060360100401,871606 เพลิน เพลิน รีสอร์ท-วังน้ำเขียว,,,,
ชัยภูมิ,15.54611,101.764722,AWN,060360100403,877585 บุญคลองทรัพย์ฟาร์ม-จัตุรัส,,,,
ชัยภูมิ,15.584721,101.995555,AWN,060360100404,877608 บ้านบะเสียว-เนินสง่า,,,,
ชัยภูมิ,16.112222,102.262777,AWN|NT,060360034375,877604 โรงเรียนแก้งคร้อวิทยา,060366001378,877604_KKOVS,,
นครราชสีมา,14.960277,102.638333,AWN|NT,060360006340|060365087595,871491 บ้านหนองเครือ-ห้วยแถลง|871491บ้านหนองเครือ-ห้วยแถลง,060366002634,871491_BNKHT,,
นครราชสีมา,14.891944,102.289444,AWN,060360006342,871505หนองบัวโคก-เฉลิมพระเกียรติ,,,,
นครราชสีมา,15.230554,101.584166,AWN|NT,060359168845,871268วัดบ้านหิ่งห้อย-เทพารักษ์,060360257665,871268_WHHTR,,
ชัยภูมิ,16.411388,102.371388,AWN|NT,060359168850|060365087668,877482 บ้านข่า-บ้านแท่น|877482บ้านข่า-บ้านแท่น,060361127696,877482_BKABT,,
ชัยภูมิ,16.624443,101.852777,AWN,060359168851,877483 บ้านสวนป่า-คอนสาร,,,,
ชัยภูมิ,16.614166,101.943888,AWN|NT,060359168852,877525 บ้านดงบัง-คอนสาร,060364012981,877525_BDBKS,,
นครราชสีมา,15.571666,102.104722,AWN|NT,060359136057|060367000156,870633 น้อยช่องโค-บ้านเหลื่อม|870633 น้อยช่องโค-บ้านเหลื่อม,060361105095,870633_NCCBL,,
ชัยภูมิ,16.361111,102.128332,AWN,060358079390,877428 ผักปัง-ภูเขียว,,,,
ชัยภูมิ,15.807777,102.033333,AWN,060358041270,877281 ศาลากลางจังหวัดชัยภูมิ,,,,
นครราชสีมา,15.004722,102.271388,AWN|NT,060360167054,870508 หน้าตลาดบ้านท่าช้าง,060366002596,870508_BTCMK,,
นครราชสีมา,14.993333,102.123888,AWN|NT,060360167055,878689 ไนท์บ้านเกาะ,,,,
นครราชสีมา,14.931388,102.055833,AWN|NT,060360167056,878761 แยกทางเข้าสนามกีฬาภาคตะวันออกเฉียงเหนือ,,,,
นครราชสีมา,14.909166,102.013611,AWN|NT,060357083010|060365124795,878789 มทส.บ้านหนองบง|878789 มทส.บ้านหนองบง,060360205129,878789_SUTNB,,
นครราชสีมา,14.533333,101.37111,AWN,060359194307,871323 กุดคล้า-ปากช่อง,,,,
นครราชสีมา,14.89611,101.722499,AWN|NT,060359194331,871153 ร้านโฟนเทค-ตลาดสี่คิ้ว,060364012926,871153_RPTSK,,
นครราชสีมา,14.565,101.540833,AWN|NT,060359194338,871276บ้านคุณยายชายเขา,060363059243,871276_BKYSK,,
นครราชสีมา,14.556111,101.471388,AWN|NT,060359194339,871324 เมรี่ โฮมสเตย์-เขาใหญ่),060363059247,871324_MRHKY,,
ชัยภูมิ,15.9075,102.269721,AWN,060359194342,877529โรงเรียนบ้านโสก-คอนสวรรค์,,,,
นครราชสีมา,15.247777,102.001944,AWN|NT,060359126451|060365050977,870599 ทองหลาง-พระทองคำ|870599 ทองหลาง-พระทองคำ,060366002597,870599_TLGPK,,
นครราชสีมา,14.97861,102.145277,AWN|NT,060359126452|060363087212,870619 พะไลหมู่6-หัวทะเล|870619,060360120810,870619_PLHTL,,
นครราชสีมา,15.1125,102.185277,AWN|NT,060359126453,870621 คอหนองบัว-หนองไข่น้ำ,060364012911,870621_KNBKN,,
นครราชสีมา,15.104722,102.142499,AWN|NT,060359126454,870622 บ้านโกรก-หนองไข่น้ำ,060363058889,870622_BKNKN,,
นครราชสีมา,14.954166,102.158333,AWN|NT,060359126455|060363087217,870732หนองตาคง-เฉลิมพระเกียรติ|870732,060360068106,870732_NTKCL,,
ชัยภูมิ,16.48361,102.121666,AWN|NT,060359126462,877331 สำนักงานโรงงานน้ำตาลภูเขียว,060366002756,877331_PKFTO,,
ชัยภูมิ,16.025277,101.559166,AWN,060359126476|060367076560,877349โนนถาวร-หนองบัวแดง|877349 โนนถาวร-หนองบัวแดง,,,,
นครราชสีมา,14.789166,102.042499,AWN|NT,060358079563|060365050979,870900 ปักธงชัยเหนือ|870900 ปักธงชัยเหนือ,060360192546,870900_PKTCN,,
นครราชสีมา,14.868332,102.161944,AWN,060358079564,870901 หนองสโมง-หนองบัวศาลา,,,,
นครราชสีมา,15.775277,102.292221,AWN|NT,060358079565|060365096437,871042 บ้านหินลาด-แก้งสนามนาง|871042,060360192547,871042_BHLKN,,
นครราชสีมา,14.916388,102.161388,AWN|NT,060358079633,870331,060366000628,870331_SEFSI,,
นครราชสีมา,15.350555,102.744721,AWN|NT,060358079634|060367096558,870873 บ้านตาทุ่ง หมู่ 1-ชุมพวง|870873 บ้านตาทุ่ง หมู่ 1-ชุมพวง,060363059158,870873_BTTCP,,
นครราชสีมา,15.351666,102.741666,AWN|NT,060358079635,870874 บ้านดอนสวรรค์-ชุมพวง,060363059159,870874_DSWCP,,
นครราชสีมา,14.832499,102.195555,AWN|NT,060358079636,870893 บ้านท่าอ่าง โชคชัย,060363059162,870893_BTACC,,
นครราชสีมา,15.419721,102.619166,AWN|NT,060358079639,870896 บ้านดงน้อย-พิมาย,060366002601,870896_BDNPM,,
นครราชสีมา,14.919999,102.14111,AWN|NT,060358033395,870396 หมู่บ้านอยู่สบายฯ,060363058828,870396_MYSNT,,
นครราชสีมา,14.532777,102.234999,AWN|NT,060358033396,870402 บ้านแซะ-ครบุรี,060363058832,870402_BSKBR,,
นครราชสีมา,14.890833,101.721388,AWN,060359017411,870433 ข้าง ร.ร.ประสานวิทยา-สีคิ้ว,,,,
ชัยภูมิ,15.627499,102.077777,AWN,060358004344|060365087660,877288 บ้านกุดเวียน-ชัยภูมิ|877288บ้านกุดเวียน-ชัยภูมิ,,,,
ชัยภูมิ,15.88861,102.050555,AWN|NT,060358004345,877289 เสี้ยวน้อยพัฒนา-ชัยภูมิ,060363059571,877289_SNPCP,,
ชัยภูมิ,15.963888,102.330832,AWN|NT,060358004346|060367029007,877292 หนองโก-คอนสวรรค์|877292 หนองโก-คอนสวรรค์,060361127681,877292_NGSWN,,
ชัยภูมิ,16.2525,101.96,AWN|NT,060358004348|060365087661,877294โนนโก-เกษตรสมบูรณ์|877294โนนโก-เกษตรสมบูรณ์,060363059574,877294_NGKSB,,
ชัยภูมิ,16.340555,102.136666,AWN|NT,060358004351,877297 หนองหว้าทอง-ภูเขียว,060361127682,877297_NWTPK,,
นครราชสีมา,14.868888,102.071943,AWN|NT,060358041178,870403 โคราชวิลเลจ 3,060363058833,870403_KRVLE,,
นครราชสีมา,14.979166,102.163888,AWN,060358069306,870152 บ้านพระ,,,,
นครราชสีมา,14.914722,102.148055,AWN,060358069307|060367096555,870153 นิคมอุตสาหกรรมสุรนารี|870153 นิคมอุตสาหกรรมสุรนารี,,,,
นครราชสีมา,14.556111,101.272499,AWN,060358069308,870164 บ้านโสกน้อย-ปากช่อง,,,,
นครราชสีมา,14.905555,102.109444,AWN,060358069312,870196 บ้านหนองไผ่-โพธิ์กลาง,,,,
นครราชสีมา,15.456111,102.504722,AWN|NT,060358069314,870242 โนนตาเถร-โนนแดง,060361183665,NMA0067-L23,,
นครราชสีมา,14.693888,101.543055,AWN|TUC,060358069315,870243 ซับน้อย-ปากช่อง,,,060356028173,NMA0295-U21
นครราชสีมา,14.792777,102.168332,AWN|TUC,060358069317,870281 ท่าอ่าง โชคชัย,,,060356028171|060368044644,NMA0139-U21|NMA0139
นครราชสีมา,14.618054,101.318888,AWN|NT|TUC,060358069318|060356002610,870415 สระกุด-ปากช่อง|878646 บุญบันดาน ปากช่อง,060360257715,878646_BDPCM,060356028177,NMA0326-U21
นครราชสีมา,14.568888,101.347221,AWN,060358069319,870417 เขาวง-ปากช่อง,,,,
ชัยภูมิ,15.689166,101.72861,AWN,060358069323,877325ท่าช้าง-หนองบัวระเหว,,,,
ชัยภูมิ,16.293055,101.985555,AWN|NT,060358005281|060365061590,877283ดอนนกเอี้ยงเก่า-เกษตรสมบูรณ์|877283,060363059569,877283_DNEKS,,
ชัยภูมิ,16.050277,102.189166,AWN,060358005312,877276 บ้านนาหนองทุ่ม,,,,
ชัยภูมิ,15.423054,101.436944,AWN,060358005313,877277 โรงเรียนบ้านซับหมี,,,,
นครราชสีมา,14.92611,102.047499,AWN|NT,060358001038,870070,060366001288,870070_HMSCH,,
นครราชสีมา,14.92611,102.04611,AWN|NT,060358001039,870071,060366001289,870071_HMLPL,,
นครราชสีมา,14.926943,102.048333,AWN|NT,060357053783|060367092101,870067 สนามฟุตบอล 80 พรรษา ฝั่งทิศตะวันตก|870067 สนามฟุตบอล 80 พรรษา ฝั่งทิศตะวันตก,060360120793,870067_SCFWT,,
นครราชสีมา,14.746388,101.199166,AWN,060357006676,230187 ค่ายลูกเสือชัยปิติ,,,,
นครราชสีมา,14.967221,102.105555,AWN|NT,060357012614|060363087190,870056วัดหัวสะพานจิระ|870056วัดหัวสะพานจิระ,060360192530,870056_WHSJR,,
นครราชสีมา,14.890833,102.039999,AWN,060357012650|060368179816,878426 บ้านหนองปรู|878426 บ้านหนองปรู,,,,
นครราชสีมา,15.252777,101.410555,AWN,060357012651|060368179817,878436 สะพานหิน|878436 สะพานหิน,,,,
นครราชสีมา,14.846666,101.425832,AWN,060357012652|060367072079,878438 บ้านสายชนวน|878438 บ้านสายชนวน,,,,
นครราชสีมา,14.596944,102.259722,AWN|NT,060357012653|060367012544,878443บ้านพนาหนองหิน|878443 บ้านพนาหนองหิน,060360118877,878443_PNNHM,,
นครราชสีมา,15.069999,102.513055,AWN|NT,060357012654,878733,060366000817,878733_MRHTM,,
นครราชสีมา,14.931388,102.145555,AWN|NT,060357003213,878729 หนองบัวศาลา 2,060360120895,878729_NBSSA,,
ชัยภูมิ,15.493333,101.687499,AWN|NT,060358058111,877321ธารธาราเรดิโอ-บำเหน็จณรงค์,060366001373,877321_TRBNT,,
ชัยภูมิ,15.59111,101.639721,AWN,060358058112,877326 โนนสมบรูณ์-ซับใหญ่),,,,
ชัยภูมิ,15.64611,101.470832,AWN,060358058113,877327คลองไทร-นายางกลัก,,,,
ชัยภูมิ,15.722221,102.126666,AWN,060358058114,877358 หนองแหน-หนองไผ่),,,,
นครราชสีมา,14.387499,102.272499,AWN|NT,060357073578|060365087712,878507 มาบกราดครบุรี|878507 มาบกราดครบุรี,060367061882,878507_MKDBM,,
นครราชสีมา,14.548333,101.913333,AWN,060357073579,878617 วังไทรรีสอร์ท,,,,
นครราชสีมา,15.059444,102.122221,AWN|NT,060357072261|060363087201|060357084210,870015หมู่บ้านบุญเหลือ|870283|870283หมู่บ้านบุญเหลือ-โคกสูง,060360119828,870283_MBLKS,,
นครราชสีมา,14.978054,102.044999,AWN|NT,060357072262|060363087185,870019 บ้านคำทวด-ตำบลบ้านใหม่)|870019 บ้านคำทวด-ตำบลบ้านใหม่),060360192525,870019_KTTBM,,
ชัยภูมิ,16.02111,101.5,AWN|NT,060357072266|060363120360,877079 บ้านเจียง|877079 บ้านเจียง,060361127639,877079_BJIGM,,
นครราชสีมา,15.433054,102.529443,AWN|NT,060357072272|060365087722,878898 บ้านดอนตัดเรือ-โนนแดง|878898บ้านดอนตัดเรือ-โนนแดง,060361127860,878898_BDTRN,,
นครราชสีมา,15.314166,101.473888,AWN|NT,060357072275|060364100875,878921 บ้านเกาะแหลม-เทพารักษ์|878921 บ้านเกาะแหลม-เทพารักษ์,060366000831,878921_KLTPR,,
นครราชสีมา,14.670832,101.808055,AWN|NT,060357072276|060364100876,878934บ้านน้ำซับ-ปักธงชัย|878934 บ้านน้ำซับ-ปักธงชัย,060367061883,878934_NSPTC,,
นครราชสีมา,14.816388,101.438333,AWN|NT,060357045673|060365061800,870029 วัดสอยดาว-จันทึก|870029 วัดสอยดาว-จันทึก,060366000590,870029_WSDJT,,
นครราชสีมา,15.286666,102.33611,AWN|NT,060357045674|060366022541,870036 บ้านหนองม้า-โนนสูง|870036 บ้านหนองม้า-โนนสูง,060360119393,870036_NGMNS,,
ชัยภูมิ,15.513055,101.823054,AWN|NT,060357045680|060365061589,877239 ป.ต.ท.เอ็นจีวี จัตุรัส|877239,060361127674,877239_NGVCR,,
นครราชสีมา,15.499444,102.852222,AWN|NT,060357045682|060364100874,878883 บ้านโนนสมบูรณ์-เมืองยาง|878883 บ้านโนนสมบูรณ์-เมืองยาง,060361127853,878883_NSBMY,,
นครราชสีมา,15.512777,102.325554,AWN|NT,060357045683|060365061632,878884 บ้านดอนหัน|878884 บ้านดอนหัน,060361105114,878884_BDHUN,,
นครราชสีมา,14.922499,101.967777,AWN|NT,060357045685,878987บ้านหนองหว้า-โคกกรวด,060360118920,878987_BNWKT,,
นครราชสีมา,14.574999,101.276666,AWN|NT,060357045729,870054สำนักสงฆ์เจริญธรรมฯ,060366000593,870054_CRTPC,,
ชัยภูมิ,15.898888,101.787499,AWN,060357045730|060367072075,877247 หว้าเฒ่า-ภูแลนคา|877247 หว้าเฒ่า-ภูแลนคา,,,,
นครราชสีมา,14.452777,102.291944,AWN,060358068976,870437 บ้านใหม่หนองกระโดน-ครบุรี,,,,
นครราชสีมา,14.977777,102.081388,AWN|NT,060358068977,870440 ย่าโมคอนโดมิเนียม,060363058842,870440_YAMOC,,
นครราชสีมา,14.991666,102.111944,AWN|NT,060358068978,870443 หลังสนามกีฬากลางฯ,060363058845,870443_BNMST,,
นครราชสีมา,15.2075,101.765833,AWN|NT,060358068979,870452 ข้างโรงเรียนด่านขุนทด,060363058849,870452_DKTSC,,
นครราชสีมา,14.958611,102.059166,AWN|NT,060358068980,870455 ชุมชนบ้านรุ่งเรือง-บุญเรือง,060363058851,870455_CBRBR,,
นครราชสีมา,14.704444,101.403611,AWN|NT,060358068982,870481 โรงแรม 99 อินน์ ปากช่อง,060360257659,870481_IPKCH,,
นครราชสีมา,14.97611,102.088333,AWN|NT,060358068983,870485 สามแยกซอยตรอกจันทร์,060361127417,870485_SYSTC,,
นครราชสีมา,14.982221,102.115555,AWN,060357083050,870185,,,,
นครราชสีมา,14.982221,102.113055,AWN|NT,060357083051,870186,060366000617,870186_DSORN,,
นครราชสีมา,14.981943,102.114166,AWN|NT,060357083052,870187,060366000618,870187_FOMRN,,
นครราชสีมา,14.892221,101.821666,AWN|NT,060358001327,870238 สำนักงานส่งเสริมการเกษตรสูงเนิน,060360120796,870238_SNAEO,,
ชัยภูมิ,16.015,101.99111,AWN|NT,060358001330|060365079504,877262 วังโพน-ท่าหินโงม|877262 วังโพน-ท่าหินโงม,060367061865,877262_WPTHG,,
ชัยภูมิ,16.001666,101.892221,AWN,060358037263,877122 อุทยานแห่งชาติภูแลนคา,,,,
นครราชสีมา,14.693888,101.388055,AWN,060357069300|060367085425,870128 บ้านหนองน้อย-ปากช่อง|870128 บ้านหนองน้อย-ปากช่อง,,,,
ชัยภูมิ,15.829999,101.493333,AWN|NT,060357055132|060365061586,877130 บ้านศิลาทอง|877130,060361127654,877130_SILTM,,
ชัยภูมิ,15.536666,101.808333,AWN|NT,060357055133,877210 ยางเครือ-จัตุรัส,060360120845,877210_YKCTR,,
นครราชสีมา,14.876666,102.030832,AWN|NT,060357055134,878793หมู่บ้านสุรสวัสดิ์แลนด์-2,060363059831,878793_SRLVT,,
นครราชสีมา,14.973888,102.119166,AWN,060357055136,878832 ชุมชนวัดทุ่งสว่าง,,,,
นครราชสีมา,14.865277,101.895833,AWN|NT,060357055137,878851 หนองบอน สูงเนิน,060360120904,878851_NBSGN,,
นครราชสีมา,14.911944,101.900555,AWN|NT,060357055141,878862 บ้านสลักได-สูงเนิน,060360120905,878862_BSLDS,,
นครราชสีมา,14.725554,101.566388,AWN|NT|TUC,060357055145,878869 วัดหินเพิง-ปากช่อง,060366017729,NKR5825,060362232938,NKR5825
นครราชสีมา,15.099721,102.629443,AWN|NT,060357032169|060365087695,|,060361127800,878362_THALM,,
นครราชสีมา,14.809166,101.539999,AWN|NT,060357032171|060365061629,878470 การไฟฟ้าฝ่ายผลิตลำตะคอง|878470 การไฟฟ้าฝ่ายผลิตลำตะคอง,060363101406,878470_ELTGM,,
นครราชสีมา,14.907777,102.084444,AWN|NT,060357032173|060363131313,878553|878553,060366001387,878553_FABLM,,
ชัยภูมิ,15.929999,102.019999,AWN|NT,060357023286,877207 มหาวิทยาลัยราชภัฏชัยภูมิ,060361127665,877207_MRBCM,,
นครราชสีมา,14.363055,102.436388,AWN|NT,060357023287|060365087707,878476 บ้านโนนสมบูรณ์|878476 บ้านโนนสมบูรณ์,060360120885,878476_NSMBM,,
นครราชสีมา,15.331666,102.683888,AWN,060359022516,870924 บ้านพะไลน้อย-ชุมพวง,,,,
นครราชสีมา,15.238888,102.4575,AWN|NT,060359022517|060365061812,870928 ตำแย-พิมาย|870928 ตำแย-พิมาย,060361105102,870928_TYPMI,,
นครราชสีมา,14.944999,102.049721,AWN|NT,060359022518|060363087228,870932ซอยพบสุข12-ปรุใหญ่)|870932 ซอยพบสุข 12,060360120827|060360120828,870924_PLNCP|870932_SPSPY,,
นครราชสีมา,15.506666,102.875832,AWN|NT,060359022526,870983หนองละหาน-เมืองยาง,060366002605,870983_NLHMY,,
นครราชสีมา,14.44361,101.872221,AWN,060359000977,870800 บุตะโก-วังน้ำเขียว,,,,
นครราชสีมา,14.935277,102.052222,AWN|NT,060359000978,870840 บ้านแสนสุข ซอยแสนสุข3/1ฯ,060363059142,870840_BSKPY,,
ชัยภูมิ,16.081943,101.810555,AWN|NT,060359000981,877361 รพ.หนองบัวแดง,060366000774,877361_NBDGH,,
นครราชสีมา,14.535833,101.383888,AWN|NT,060358004392,870095 โรงแรมเธมส์ แวลเลย์ เขาใหญ่),060363100994,870095_TVLKO,,
นครราชสีมา,14.366111,101.725554,AWN,060357084248,870006,,,,
นครราชสีมา,14.981388,102.100833,AWN|NT,060357084249,870167,060366000615,870167_ANBNS,,
นครราชสีมา,14.506388,101.504166,AWN|NT,060357084250|060363087199,870172 ทาวน์ สแควร์ ทอสคาน่า|870172 ทาวน์ สแควร์ ทอสคาน่า,060363100998,870172_TSTCN,,
นครราชสีมา,14.981943,102.100833,AWN,060357084252,870174,,,,
นครราชสีมา,15.116943,101.465277,AWN|NT,060357084253,870280 สวนป่าด่านขุนทด,060366002594,870280_SPDKT,,
นครราชสีมา,14.923888,102.043055,AWN|NT,060358001040,870072,060366001290,870072_HLPCE,,
นครราชสีมา,14.659722,101.394721,AWN|NT,060358001041,870075 โฮมโปรเขาใหญ่),060363100992,870075_HMPKY,,
นครราชสีมา,14.394721,101.794444,AWN|NT,060356012023|060364093085,878411 บ้านคลองอีแผ่ว|878411 บ้านคลองอีแผ่ว,060360118873,878411_BKIPM,,
นครราชสีมา,14.995555,101.683888,AWN|NT,060356001822|060365050994,878069 บ้านห้วยทราย|878069 บ้านห้วยทราย,060367061876,878069_BHSIM,,
นครราชสีมา,14.986666,102.18611,AWN|NT,060356001823|060365061596,878070 บ้านพะเนา|878070 บ้านพะเนา,060360068141,878070_BPNOM,,
นครราชสีมา,14.961666,101.753055,AWN|NT,060356001829,878306 บ้านหัน,060360120865,878306_BAHAM,,
นครราชสีมา,14.869721,101.723054,AWN|NT,060356001830,878324 หลวงพ่อโต,060360118857,878324_LOPTM,,
นครราชสีมา,14.625277,101.49111,AWN,060366072596,800393 หนองไม้เหลือง ผัง 16-ปากช่อง,,,,
ชัยภูมิ,16.08611,102.268054,AWN|TUC,060366072597,807531 หนองไฮ-แก้งคร้อ,,,060360218661,CYP8562
นครราชสีมา,14.72861,101.382499,AWN|NT,060357038146|060363087189,870039แยกภูตะวันรีสอร์ท-ปากช่อง|870039,060361127398,870039_YPRPG,,
นครราชสีมา,14.932777,102.159722,AWN,060357038148,870053หมู่บ้านเจเจเลควิวปาร์ค,,,,
นครราชสีมา,14.686666,101.406944,AWN|NT,060357038149|060363087191,870057ราชประชาซอย1-ปากช่อง|870057ราชประชาซอย 1-ปากช่อง,060361127401,870057_RCSPC,,
นครราชสีมา,14.97361,102.103611,AWN|NT,060357038150,870062 ไนท์พลาซ่า 01,060361127402,870062_NTPZA,,
นครราชสีมา,14.589166,101.424999,AWN,060357038160,878590 สนามแข่งรถโบนันซ่า,,,,
นครราชสีมา,14.98861,102.084166,AWN|NT,060357038163|060366077536,878819 ซอยวัดท่าตะโก|878819 ซอยวัดท่าตะโก,060360205134,878819_SWTKO,,
นครราชสีมา,14.879999,101.804722,AWN|NT,060357038165|060365055940,878827มะเกลือเก่า-สูงเนิน|878827 มะเกลือเก่า-สูงเนิน,060361127847,878827_MKKSN,,
นครราชสีมา,15.148333,102.324443,AWN|NT,060357038167|060367029021,878834 ดอนชมพู-โนนสูง|878834 ดอนชมพู-โนนสูง,060360118905,878834_DCPNS,,
นครราชสีมา,14.978332,102.105833,AWN|NT,060357038171,878844 แยก ศ.ว.ก.-ยมราช,060363059838,878844_YSWKR,,
นครราชสีมา,14.971943,102.106666,AWN|NT,060357038173,878848 ป.ปลาตากลม,060363059840,878848_POPLA,,
นครราชสีมา,15.6125,102.408611,AWN,060357038174,878913วัดประชานิคม-บัวใหญ่),,,,
นครราชสีมา,15.008611,102.136666,AWN,060357038175,878914 บ้านเกาะ-โคราช,,,,
นครราชสีมา,15.058611,102.245555,AWN|NT,060357038176|060365096448,878917บ้านโนนกราดเฉลิมพระเกียรติ|878917,060366000830,878917_NKCLP,,
นครราชสีมา,14.542777,101.962222,AWN|NT,060357038177,878927บ้านโนนสง่า-อุดมทรัพย์,060360205615,878927_NSUDS,,
นครราชสีมา,14.559444,101.274721,AWN,060357038178,878932 ซับทองหลาง-พญาเย็น,,,,
นครราชสีมา,14.739444,101.391388,AWN|NT,060357038184,878950 ปากช่อง-บ้านต่ำ,060366000836,878950_PCBNT,,
นครราชสีมา,15.520832,102.463055,AWN,060357038186,878955กระเบื้องใหญ่-ดอนตะหนิน,,,,
นครราชสีมา,14.714166,102.3075,AWN|NT,060357038188|060365061634,878972บ้านหนองบุกระโทก-หนองบุญมาก|878972,060361127873,878972_BKTBM,,
นครราชสีมา,14.979166,102.090833,AWN|NT,060356044987,878139 ราชพฤกษ์ แกรนด์ โฮเทล,060363059784,878139_PRCPP,,
ชัยภูมิ,15.49361,101.778888,AWN|NT,060357079634|060364100867,877042 บ้านขาม|877042 บ้านขาม,060363059555,877042_BKHMM,,
ชัยภูมิ,16.368332,101.975554,AWN|NT,060356032344|060365061832,877077 บ้านเป้า|877077 บ้านเป้า,060361127637,877077_NPAOM,,
นครราชสีมา,14.652777,101.535833,AWN|NT,060356032350|060365087679,878166 หนองสาหร่าย|878166 หนองสาหร่าย,060360120859,878166_NSRIM,,
นครราชสีมา,14.940555,102.140833,AWN|NT,060356032352|060363124181,878391 หนองบัวศาลา|878391 หนองบัวศาลา,060360118871,878391_NBUSM,,
นครราชสีมา,14.489444,101.314722,AWN,060356007639,219067 วัดนางรอง,,,,
ชัยภูมิ,15.763333,101.519443,AWN|NT,060357006229|060367012539,877125 โป่งนก|877125 โป่งนก,060361127650,877125_PGNKM,,
นครราชสีมา,14.980554,102.076388,AWN|NT,060357006230|060363106877|060361059721|060356039951,878074 เดอะมอลล์ นครราชสีมา|878074 เดอะมอลล์ นครราชสีมา|878074 อาคารจอดรถ-เดอะมอลล์นครราชสีมา|878074 เดอะมอลล์ นครราชสีมา,060364012985|060364056499|060363059779,878074_CPTMN|878074_MTMLA|878074_MTMLP,,
นครราชสีมา,14.946944,102.038055,AWN,060357006236,878854 มิตรภาพ ซอย 19,,,,
นครราชสีมา,15.17111,102.473054,AWN|TUC,060357007967|060367072062,870008บ้านดอนแซะ-พิมาย|870008 บ้านดอนแซะ-พิมาย,,,060362013470,NMA0659-U21
นครราชสีมา,14.97611,102.083054,AWN|NT,060357007968|060367072063,870012ตรอกหลังไฟฟ้าโคราช|870012 ตรอกหลังไฟฟ้าโคราช,060360257646,870012_TLFKR,,
ชัยภูมิ,16.364444,102.019999,AWN|NT,060357007991|060367072074,877229บ้านโนนหินลาด-เกษตรสมบูรณ์|877229 บ้านโนนหินลาด-เกษตรสมบูรณ์,060361127671,877229_NHLKS,,
นครราชสีมา,14.961944,102.209722,AWN|NT,060357007996,สระเพลง),060360205613,878838_TNSPL,,
นครราชสีมา,14.951666,102.063055,AWN,060357007997,878840 ซอยบ้านป๋าเปรม,,,,
นครราชสีมา,14.882499,101.854722,AWN|NT,060357007998,878849ฉัตรมงคลอพาร์ตเมนท์อาคาร4,060364012986,878849_CMKAB,,
นครราชสีมา,14.617499,101.271388,AWN|NT,060357008001,878867 เขาพระ กลางดง,060362219157|060361127850,NMA0534-L23|878867_KPKDG,,
นครราชสีมา,14.887499,101.852222,AWN,060357008017,878907หอพักทอรุ้ง-ซีเกท,,,,
นครราชสีมา,14.891388,101.879999,AWN,060357008027,878935 โรงฟักไข่-กุดจิก,,,,
นครราชสีมา,14.874999,101.905277,AWN,060357008032,878962 ไทรงาม-สีคิ้ว,,,,
นครราชสีมา,14.874721,101.7075,AWN|NT,060357008033,878963 โรงทอ สีคิ้ว,060360120910,878963_RGTSK,,
นครราชสีมา,14.989999,102.109722,AWN|NT,060357008036,,060360205149,878968_KSNKL,,
นครราชสีมา,14.807222,101.873054,AWN|NT,060357008040,878989 บ้านสานปา สูงเนิน,060366000839,878989_BSPSN,,
นครราชสีมา,14.636388,101.208888,AWN|NT,060356007529|060364097012,230031 มวกเหล็ก 1|230031 มวกเหล็ก 1,060360067955,230031_MLK1M,,
ชัยภูมิ,16.374443,102.128332,AWN|NT,060356023364|060364023293,877032 ภูเขียว|877032 ภูเขียว,060363059553,877032_PHKWM,,
นครราชสีมา,14.355833,102.544721,AWN,060367001266,800461 สระตะเคียน-เสิงสาง,,,,
นครราชสีมา,15.690277,102.536666,AWN,060367001267,800464 บ้านวังโพน-บัวลาย,,,,
นครราชสีมา,14.757222,101.433333,AWN,060367001269,800374 บ้านพรหมประดิษฐ์-ปากช่อง,,,,
ชัยภูมิ,16.620277,101.866388,AWN|NT,060367001277|060357032039,877208 ทุ่งพระ-คอนสาร|877208 ทุ่งพระ-คอนสาร,060361127666,877208_TPSNM,,
ชัยภูมิ,15.486388,101.960555,AWN|NT,060367001278|060357055331,877230 รังงาม-เนินสง่า|877230 รังงาม-เนินสง่า,060361127672,877230_RNSNG,,
นครราชสีมา,14.970832,102.065,AWN|NT,060367001280|060357055332,878226 ไพศาล แมนชั่น|878226 ไพศาล แมนชั่น,060360205079,878226_PIMSM,,
นครราชสีมา,14.816666,102.144166,AWN,060366031074,800114 วิทยาลัยเทคนิคสุรนารี,,,,
นครราชสีมา,15.36,102.827221,AWN|NT,060366031078|060356016912,878163 บ้านโนนยอ|878163 บ้านโนนยอ,060361127788,878163_BNYOM,,
นครราชสีมา,14.224166,102.239444,AWN,060366022526,242273,,,,
นครราชสีมา,14.631388,101.587221,AWN|NT,060356047888|060364092994,878415 บ้านแสนสุข|878415 บ้านแสนสุข,060366000808,878415_BSSKM,,
ชัยภูมิ,16.493055,101.932499,AWN,060367084101|060359015444,877439 หนองหล่มใต้-คอนสาร|877439 หนองหล่มใต้-คอนสาร,,,,
ชัยภูมิ,16.207777,101.553888,AWN,060367084102|060359104969,877508 คลองเตย-หนองบัวแดง|877508 คลองเตย-หนองบัวแดง,,,,
ชัยภูมิ,15.836666,102.167777,AWN,060367087672,807611 หนองโมง-เมืองชัยภูมิ,,,,
นครราชสีมา,14.889444,101.685277,AWN,060366054681,800108 ทัพม้า-สีคิ้ว,,,,
นครราชสีมา,14.95,102.063333,AWN,060366054687,800171 สืบศิริ-หนองจะบก,,,,
นครราชสีมา,14.454444,101.907222,AWN|NT,060356012025|060365079512,878430 บ้านห้วยน้ำเค็ม|878430 บ้านห้วยน้ำเค็ม,060360118875,878430_HYKMM,,
นครราชสีมา,14.588333,101.4,AWN|NT,060356012028,878491 กม.10 ปากช่อง-เขาใหญ่),060360120887,878491_KMPCM,,
นครราชสีมา,14.699444,101.329721,AWN|NT,060356012030|060365087714,ซับน้ำเย็นปากช่อง|878515ซับน้ำเย็นปากช่อง,060360257710,878515_NYPCM,,
นครราชสีมา,14.684444,101.218888,AWN,060356012031,878518 อบต.พญาเย็น ปากช่อง,,,,
นครราชสีมา,14.9025,101.815555,AWN|NT,060356005372|060365087697,878368 ตลาดสูงเนิน|878368 ตลาดสูงเนิน,060360120873,878368_TLSGM,,
นครราชสีมา,14.730554,102.026666,AWN|NT,060356003099|060364092993,878022 ปักธงชัย|878022 ปักธงชัย,060361144487|060362219155,878022_PTCIM|NMA0384-L23,,
นครราชสีมา,14.974443,102.105,AWN,060356003109,878124 หลักเมืองนครราชสีมา,,,,
นครราชสีมา,15.045277,102.046388,AWN|NT,060356003110|060365087675,878125 บ้านพุดซา|878125 บ้านพุดซา,060363128659|060360068160,NMA0390-L23|878125_BNPSM,,
นครราชสีมา,15.170277,102.248888,AWN|NT,060356003111|060364062876,878130 โนนสูง|878130 โนนสูง,060360120856,878130_NONSM,,
นครราชสีมา,15.216111,102.484999,AWN,060356003112,878131 พิมาย,,,,
นครราชสีมา,14.767777,102.040555,AWN,060356003113,878135 บ้านแหลมรวก,,,,
นครราชสีมา,15.203333,102.526943,AWN|NT|TUC,060356003115|060365061604,878146 บ้านรังกาใหญ่)|878146 บ้านรังกาใหญ่),060360120857,878146_BRGYM,060362166570,NMA0443-U21
นครราชสีมา,15.186388,102.339166,AWN|NT,060356003117|060365061606,|878165,060362226938,878165_BDRIM,,
นครราชสีมา,14.932777,101.808333,AWN|NT,060356003118|060365055936,878175 บ้านทะเล|878175 บ้านทะเล,060360120860,878175_BTLEM,,
นครราชสีมา,14.698888,102.05,AWN|NT,060356003119|060365087680,878176 นกออก|878176 นกออก,060362226940,878176_NOOKM,,
นครราชสีมา,14.61861,102.043888,AWN|NT,060356003120|060365087681,878181 สะแกราช|878181 สะแกราช,060366000792,878181_SKRHM,,
นครราชสีมา,15.343055,102.443055,AWN,060356003122,878233 แยกบ้านวัด,,,,
นครราชสีมา,14.682777,101.917777,AWN|NT,060356003127|060365079509,878314 สุขเกษม|878314 สุขเกษม,060367061880,878314_SUKSM,,
นครราชสีมา,14.825554,101.844999,AWN|NT,060356003128|060365061618,878318 บ้านสระเพลง|878318 บ้านสระเพลง,060360120866,878318_BSRPM,,
นครราชสีมา,14.738055,102.097777,AWN|NT,060356003129|060365061619,878320 บ้านหนองกระทุ่ม|878320 บ้านหนองกระทุ่ม,060362226945,878320_BNOTM,,
นครราชสีมา,14.911388,101.839166,AWN|NT,060356003130|060365087689,878321 บ้านหัวบึง|878321 บ้านหัวบึง,060360120868,878321_BAHBM,,
นครราชสีมา,15.488333,102.516666,AWN|NT,060356003131|060365050998,878332 บ้านแท่น|878332 บ้านแท่น,060360120872,878332_BATAM,,
นครราชสีมา,15.101111,102.27111,AWN|NT,060356003134|060365087692,|878341แยกบ้านหนองงูเหลือม,060360118858,878341_YBNLM,,
นครราชสีมา,15.23361,102.373054,AWN|NT,060356003135|060365061623,878343 บ้านปราสาท|878343 บ้านปราสาท,060362226948,878343_BAPSM,,
นครราชสีมา,14.66,102.088888,AWN|NT,060356003137|060365055938,878347 บ้านขุนละคร|878347 บ้านขุนละคร,060362226949,878347_BKLAM,,
นครราชสีมา,14.779721,101.720277,AWN|NT,060356003145|060364093086,|878517วะภูแก้ว สูงเนิน,060362226954,878517_WPKSM,,
นครราชสีมา,15.211111,102.5,AWN|NT,060356003149|060364023299,|878616วิทยาลัยการอาชีพพิมาย,060362226958,878616_PMIEM,,
ชัยภูมิ,16.018888,101.633054,AWN,060367072662|060357032034,877108 ท่าใหญ่)|877108 ท่าใหญ่),,,,
นครราชสีมา,14.773054,101.982221,AWN,060367072663|060357021176,878334 บ้านหนองนมนาง|878334 บ้าหนองนมนาง,,,,
นครราชสีมา,14.569166,101.701666,AWN|TUC,060367072664|060357021179,878376 บ้านระเริง|878376 บ้านระเริง,,,060364090321,NMA0422-U21
นครราชสีมา,14.509722,101.694166,AWN,060367072667|060357033343,878642 วังกะโล่ ปากช่อง|878642 วังกะโล่ ปากช่อง,,,,
นครราชสีมา,14.705833,101.406666,AWN,060366068786,800176 หนองกะจะ-ปากช่อง,,,,
ชัยภูมิ,15.591944,102.046666,AWN,060366068788,807528 หนองขาม-เนินสง่า,,,,
นครราชสีมา,14.62861,101.544999,AWN,060366068794,800384 โรงแรมเดอะปาซ เขาใหญ่),,,,
นครราชสีมา,14.679443,102.186388,AWN,060366047731,874649 FP4 คาร์กิลล์มีทส์-โชคชัย,,,,
นครราชสีมา,14.679166,102.185833,AWN,060366047732,874649 FP3 คาร์กิลล์มีทส์-โชคชัย,,,,
นครราชสีมา,14.681388,102.185277,AWN,060366047733,874649 PP2 คาร์กิลล์มีทส์-โชคชัย,,,,
นครราชสีมา,14.681943,102.186666,AWN,060366047734,874649 PP3 คาร์กิลล์มีทส์-โชคชัย,,,,
นครราชสีมา,15.549721,102.626943,AWN|NT,060356033384|060365061605,878164 บ้านดอนตะหนิน|878164 บ้านดอนตะหนิน,060366000789,878164_BNDTM,,
นครราชสีมา,15.031666,101.916388,AWN|NT,060356033386|060365096446,878278 บึงอ้อ|878278 บึงอ้อ,060366000797,878278_BUGOM,,
นครราชสีมา,15.255277,101.853888,AWN|NT,060356033389|060365061620,878328 หนองบัวละคร|878328 หนองบัวละคร,060363059800,878328_NBLKM,,
นครราชสีมา,14.534999,101.584721,AWN|NT,060356033390|060364093084,878382 บ้านซับสำราญ|878382 บ้านซับสำราญ,060363059804,878382_BSSRM,,
นครราชสีมา,15.076943,102.107777,AWN|NT,060356033393,878705 บ้านส่องเหนือ-บุญเหลือ,060361127831,878705_SNBLA,,
นครราชสีมา,15.013333,102.086666,TUC,,,,,060360114568|060367030153|060368163894,NMA0646-U21|NMA0646_D|NKR0646
นครราชสีมา,14.991666,102.119999,TUC,,,,,060360114585,NMA0537-U21
นครราชสีมา,15.018332,102.011666,TUC,,,,,060360102278,NMA0623-U21
นครราชสีมา,14.984999,102.179999,TUC,,,,,060360102279|060367030152|060368163893,NMA0626-U21|NMA0626_D|NKR0626
นครราชสีมา,14.729999,102.058333,TUC,,,,,060360102280,NMA0633-U21
ชัยภูมิ,16.271666,102.356666,TUC,,,,,060360015439,CPM0050-U21
ชัยภูมิ,15.893333,101.929999,NT|TUC,,,060367097604,CPM0055,060360015440,CPM0055-U21
ชัยภูมิ,16.328332,102.056666,TUC,,,,,060360015441,CPM0058-U21
ชัยภูมิ,15.553333,101.41,TUC,,,,,060360015442,CPM0062-U21
ชัยภูมิ,16.128332,101.898333,TUC,,,,,060360015443,CPM0068-U21
นครราชสีมา,15.303333,102.628332,TUC,,,,,060360046972,NMA0590-U21
นครราชสีมา,14.988333,102.123332,AWN|NT|TUC,060359033016,870832 โสภารัตรแมนชั่น,060364012912,870832_SPRMS,060360046973,NMA0593-U21
นครราชสีมา,15.129999,102.234999,NT|TUC,,,060363132393,NMA0597-L23,060360046974|060368044739,NMA0597-U21|NMA0597
นครราชสีมา,14.965,102.078332,TUC,,,,,060360046975,NMA0604-U21
นครราชสีมา,14.95,101.95,TUC,,,,,060360046995,NMA0413-U21
ชัยภูมิ,15.755,102.024999,TUC,,,,,060360047012,CPM0150-U21
นครราชสีมา,14.65,101.408333,TUC,,,,,060360047035,NMA0543-U21
นครราชสีมา,14.987221,102.084166,TUC,,,,,060359055922,NMA0441-U21
นครราชสีมา,14.535277,101.370554,TUC,,,,,060359061671|060368044723,NMA0414-U21|NMA0414
นครราชสีมา,15.160833,102.16861,NT|TUC,,,060363088610,NMA0374-L23,060358031059,NMA0374-U21
นครราชสีมา,14.876666,101.765833,TUC,,,,,060358018355|060368044686,NMA0360-U21|NKR0360
นครราชสีมา,15.59611,102.489166,TUC,,,,,060358023016,NMA0380-U21
นครราชสีมา,14.458333,101.663055,TUC,,,,,060357022697,NMA0179-U21
นครราชสีมา,14.611111,101.442499,TUC,,,,,060357022836,NMA0140-U21
นครราชสีมา,15.144999,102.716388,AWN|NT|TUC,060359104925,870914 โนนตูม-ชุมพวง,060367093025|060366005191,NMA0193|870914_NTMCP,060357022837,NMA0193-U21
นครราชสีมา,14.582499,101.714166,TUC,,,,,060357054311,NMA0262-U21
นครราชสีมา,14.968332,102.101111,TUC,,,,,060357015220|060367030147|060368163886,NMA0100-U21|NMA0100_D|NKR0100
นครราชสีมา,14.675554,101.914444,TUC,,,,,060357015221,NMA0166-U21
นครราชสีมา,14.634999,101.860277,TUC,,,,,060357015222,NMA0175-U21
นครราชสีมา,14.646666,102.069999,TUC,,,,,060357015223,NMA0203-U21
นครราชสีมา,15.378054,102.510555,TUC,,,,,060357015224,NMA0236-U21
นครราชสีมา,14.876943,102.01861,TUC,,,,,060357051472,NMA0249-U21
นครราชสีมา,15.1025,101.44611,TUC,,,,,060357051538,NMA0265-U21
นครราชสีมา,14.860833,102.222221,TUC,,,,,060357051539,NMA0275-U21
นครราชสีมา,14.590277,101.894999,TUC,,,,,060357051540|060368044738,NMA0331-U21|NMA0331
ชัยภูมิ,15.572499,101.8625,TUC,,,,,060357029499|060368044662,CPM0004-U21|CPM0004
ชัยภูมิ,15.464166,101.682221,TUC,,,,,060357029518,CPM0005-U21
ชัยภูมิ,16.067499,102.282499,TUC,,,,,060357029519,CPM0007-U21
นครราชสีมา,15.005833,102.635555,TUC,,,,,060357029526,NMA0017-U21
นครราชสีมา,15.216943,102.075554,TUC,,,,,060357029527,NMA0030-U21
นครราชสีมา,15.336388,102.735555,TUC,,,,,060357029528,NMA0035-U21
นครราชสีมา,14.659722,101.338888,NT|TUC,,,060361114240,NMA0051-L23,060356035995,NMA0051-U21
ชัยภูมิ,15.829443,102.052777,TUC,,,,,060356036044,CPM0001-U21
ชัยภูมิ,15.813333,102.03361,TUC,,,,,060356033511|060368044369,CPM0023-U21|CPM0023
นครราชสีมา,15.744999,102.261944,TUC,,,,,060356033524,NMA0061-U21
ชัยภูมิ,16.358611,102.137777,NT|TUC,,,060361183971,CPM0020-L23,060356033565,CPM0020-U21
นครราชสีมา,15.616111,102.123888,TUC,,,,,060356033577,NMA0062-U21
นครราชสีมา,15.090277,101.719166,TUC,,,,,060356033578,NMA0063-U21
นครราชสีมา,15.18611,102.340277,TUC,,,,,060356033579|060368044637,NMA0066-U21|NMA0066
นครราชสีมา,14.981388,102.077221,TUC,,,,,060357000888,NMA0340-U21
ชัยภูมิ,16.063888,102.036666,AWN|TUC,060359121732,877407 ท่าหินโงม-เมืองชัยภูมิ,,,060357000909,CPM0051-U21
ชัยภูมิ,16.021666,101.499444,NT|TUC,,,060367092889,CPM0059,060357000910,CPM0059-U21
ชัยภูมิ,16.046666,102.164166,TUC,,,,,060357000911,CPM0064-U21
นครราชสีมา,14.568054,102.191388,TUC,,,,,060357000924,NMA0199-U21
นครราชสีมา,14.524443,101.482221,TUC,,,,,060357000927,NMA0281-U21
นครราชสีมา,15.325554,101.678054,TUC,,,,,060356033874,UBN0027-U21
นครราชสีมา,14.526666,102.251111,TUC,,,,,060356033901,NMA0040-U21
นครราชสีมา,15.589999,102.42861,NT|TUC,,,060362061291,NMA0021-L23,060356031425,NMA0021-U21
นครราชสีมา,14.978888,102.071388,TUC,,,,,060356031426,NMA0339-U21
นครราชสีมา,14.380554,101.873054,TUC,,,,,060356031534,NMA0071-U21
นครราชสีมา,14.87861,102.030554,TUC,,,,,060356009127,NMA0015-U21
นครราชสีมา,14.908055,102.069999,TUC,,,,,060356009128,NMA0044-U21
นครราชสีมา,14.880832,101.861666,TUC,,,,,060356009130,NMA0069-U21
นครราชสีมา,14.962777,102.082499,TUC,,,,,060356009131,NMA0072-U21
นครราชสีมา,14.966388,101.949444,TUC,,,,,060356009132,NMA0073-U21
นครราชสีมา,15.007777,102.274721,TUC,,,,,060356009133,NMA0074-U21
นครราชสีมา,14.922499,102.08861,TUC,,,,,060356009134,NMA0113-U21
นครราชสีมา,14.887777,102.058055,TUC,,,,,060356009135,NMA0118-U21
นครราชสีมา,15.038333,102.188055,TUC,,,,,060356009136|060368044642,NMA0128-U21|NMA0128
นครราชสีมา,14.966111,102.089999,TUC,,,,,060356009137,NMA0186-U21
นครราชสีมา,15.111944,102.155277,TUC,,,,,060356009138|060368044345,NMA0205-U21|NMA0205
นครราชสีมา,14.924999,101.846388,TUC,,,,,060356009139,NMA0256-U21
นครราชสีมา,14.971943,102.138888,TUC,,,,,060356009153,NMA0137-U21
นครราชสีมา,15.029721,102.028054,TUC,,,,,060356009154,NMA0170-U21
นครราชสีมา,14.884444,101.975554,TUC,,,,,060356009155,NMA0178-U21
นครราชสีมา,14.943888,102.159444,TUC,,,,,060356009156|060368044763,NMA0209-U21|NKR0209
นครราชสีมา,14.896388,102.189444,TUC,,,,,060356009157,NMA0260-U21
นครราชสีมา,14.939999,101.905833,TUC,,,,,060356009158,NMA0272-U21
นครราชสีมา,14.906944,102.11,TUC,,,,,060356009178,NMA0292-U21
นครราชสีมา,14.841666,101.610833,TUC,,,,,060356028149,NMA0008-U21
นครราชสีมา,15.000555,102.092499,TUC,,,,,060356028150|060367030145|060368163899,NMA0026-U21|NMA0026_D|NKRC020
นครราชสีมา,14.53361,101.370832,TUC,,,,,060356028151,NMA0037-U21
นครราชสีมา,14.64361,101.494166,AWN|NT|TUC,060365055884|060359104921,870907 บ้านผัง8-ปากช่อง|870907 บ้านผัง8-ปากช่อง,060361156542,NMA0132-L23,060356028152,NMA0132-U21
นครราชสีมา,14.703055,101.362777,TUC,,,,,060356028153,NMA0134-U21
นครราชสีมา,15.18111,102.410277,TUC,,,,,060356028154,NMA0204-U21
นครราชสีมา,14.630832,102.219443,NT|TUC,,,060363125046,NMA0138-L23,060356028170,NMA0138-U21
นครราชสีมา,14.635833,101.24111,TUC,,,,,060356028172|060368044733,NMA0248-U21|NMA0248
นครราชสีมา,14.651944,101.303055,TUC,,,,,060356028174,NMA0305-U21
นครราชสีมา,14.658611,101.449166,TUC,,,,,060356028175,NMA0321-U21
นครราชสีมา,14.598333,101.394721,TUC,,,,,060356028176|060368044688,NMA0322-U21|NMA0322
นครราชสีมา,14.611111,101.404444,NT|TUC,,,060361114241,NMA0052-L23,060356028233|060368163900,NMA0052-U21|NKRC032
นครราชสีมา,14.810555,102.047221,TUC,,,,,060356028234,NMA0129-U21
นครราชสีมา,14.748055,101.511944,NT|TUC,,,060363124647,NMA0237-L23,060356028235|060368044731,NMA0237-U21|NMA0237
นครราชสีมา,14.729443,101.384999,TUC,,,,,060356028236|060368044346,NMA0310-U21|NMA0310
นครราชสีมา,14.971666,102.064166,TUC,,,,,060356028237|060368163889,NMA0336-U21|NKR0336
นครราชสีมา,14.584721,101.399721,TUC,,,,,060356028440,NMA0230-U21
นครราชสีมา,15.016943,101.629721,AWN|TUC,060359121972,870666 วังโรงน้อย-สีคิ้ว,,,060356028441,NMA0279-U21
นครราชสีมา,14.597499,101.374999,TUC,,,,,060356028454|060368044762,PLK0172-U21|NKR0172
นครราชสีมา,14.878888,101.859444,NT|TUC,,,060366066563,NMA0901-L23,060366059332|060357068049,NMA0901|NKR6941
นครราชสีมา,15.0075,102.414444,TUC,,,,,060356035347,NMA0013-U21
นครราชสีมา,15.242499,102.388333,TUC,,,,,060356035348,NMA0023-U21
นครราชสีมา,15.248888,102.902777,TUC,,,,,060356035349,NMA0181-U21
นครราชสีมา,15.055277,102.685555,TUC,,,,,060356035350,NMA0191-U21
นครราชสีมา,14.989999,102.653888,TUC,,,,,060356035351|060368044689,NMA0194-U21|NMA0194
นครราชสีมา,14.685555,102.388888,AWN|NT|TUC,060359121973,870906 หนองตะไก้-หนองบุญมาก,060366005189,870906_TKNBM,060356035352,NMA0206-U21
นครราชสีมา,14.427499,102.525277,NT|TUC,,,060363132077,NMA0208-L23,060356035353,NMA0208-U21
นครราชสีมา,15.266388,102.02361,TUC,,,,,060356035354|060368044650,NMA0219-U21|NMA0219
นครราชสีมา,15.262222,102.220832,TUC,,,,,060356035355|060368044727,NMA0224-U21|NMA0224
ชัยภูมิ,16.41,102.034166,NT|TUC,,,060361229432,CPM0073-L23,060357049507,CPM0073-U21
นครราชสีมา,15.343055,102.443888,TUC,,,,,060356032828,NMA0056-U21
ชัยภูมิ,15.810277,102.150833,TUC,,,,,060356032839,CPM0002-U21
ชัยภูมิ,15.773054,102.024443,TUC,,,,,060356032840,CPM0083-U21
ชัยภูมิ,15.861388,102.02111,TUC,,,,,060356032841,CPM0089-U21
ชัยภูมิ,16.227221,102.194166,TUC,,,,,060356032882,CPM0027-U21
ชัยภูมิ,15.765277,102.026943,TUC,,,,,060356032883,CPM0032-U21
ชัยภูมิ,15.828332,102.110833,NT|TUC,,,060363132059,CPM0054-L23,060356032886,CPM0054-U21
ชัยภูมิ,15.810833,102.010833,TUC,,,,,060356032888|060368044676,CPM0088-U21|CPM0088
นครราชสีมา,15.305,101.974721,TUC,,,,,060356032898,NMA0080-U21
นครราชสีมา,14.58361,101.993333,TUC,,,,,060356032899,NMA0090-U21
นครราชสีมา,15.644721,102.374721,TUC,,,,,060356032900,NMA0145-U21
นครราชสีมา,14.738055,102.098333,TUC,,,,,060356032901|060368044347,NMA0150-U21|NMA0150
นครราชสีมา,14.623332,102.0075,TUC,,,,,060356032902,NMA0151-U21
นครราชสีมา,15.417777,102.393055,TUC,,,,,060356032903,NMA0233-U21
นครราชสีมา,15.350555,102.100833,TUC,,,,,060356032904,NMA0245-U21
นครราชสีมา,15.677499,102.189999,TUC,,,,,060356032905,NMA0285-U21
นครราชสีมา,14.980277,102.096666,TUC,,,,,060356032906,NMA0334-U21
นครราชสีมา,15.558888,102.4125,TUC,,,,,060356032907|060368044692,NMA0347-U21|NMA0347
ชัยภูมิ,16.378332,101.977221,TUC,,,,,060356060666,CPM0048-U21
ชัยภูมิ,16.426666,101.963611,AWN|NT|TUC,060359117854,877374 หนองโพนงาม-เกษตรสมบูรณ์,060361191785,CPM0075-L23,060356060668,
นครราชสีมา,14.891666,102.021666,TUC,,,,,060356010168,NMA0343-U21
นครราชสีมา,14.946666,102.125554,TUC,,,,,060356010169,NMA0352-U21
นครราชสีมา,14.970277,102.037221,TUC,,,,,060356023779,NMA0114-U21
นครราชสีมา,14.942777,102.101111,NT|TUC,,,060363128783,NMA0190-L23,060356023780,NMA0190-U21
นครราชสีมา,15.083888,102.222221,TUC,,,,,060356023832,NMA0135-U21
นครราชสีมา,14.916111,102.14861,TUC,,,,,060356012474,NMA0048-U21
ชัยภูมิ,15.903888,102.316388,TUC,,,,,060365018429,CPM0265
ชัยภูมิ,16.532777,102.02361,TUC,,,,,060365018430,CPM0266
ชัยภูมิ,15.784721,101.87611,TUC,,,,,060365018431,CPM0267
ชัยภูมิ,16.360555,102.241944,TUC,,,,,060365018432,CPM0268
นครราชสีมา,14.924721,101.736388,TUC,,,,,060365096054,NKRA256
นครราชสีมา,14.93361,101.759722,TUC,,,,,060365096055,NKRA257
นครราชสีมา,14.643333,101.380554,TUC,,,,,060365096056,NKRA241
นครราชสีมา,14.642777,101.389444,TUC,,,,,060365096057,NKRA242
นครราชสีมา,14.909444,101.683054,TUC,,,,,060365096058|060366014093,NKRA255|NKRA255
ชัยภูมิ,15.614444,101.913055,TUC,,,,,060365096059,CYP6464
ชัยภูมิ,15.616666,101.705555,TUC,,,,,060365096060,CYP6459
นครราชสีมา,14.9,102.431666,TUC,,,,,060365096061|060366003920,NKRA351|NKRA316
นครราชสีมา,15.006666,102.102222,NT|TUC,,,060365077585,NMA0890-L23,060365096064|060365070449,NKR8767|NMA0890
นครราชสีมา,14.753611,102.048333,TUC,,,,,060365096065,NKRA336
นครราชสีมา,15.195277,102.069166,TUC,,,,,060365096066,NKR7446
นครราชสีมา,14.985277,102.099444,TUC,,,,,060365096067,NKR7435
นครราชสีมา,14.881388,102.016943,TUC,,,,,060365096070,NKR7420
นครราชสีมา,15.424721,102.3025,NT|TUC,,,060368039560,SRN7201,060365061747,SRN7201
ชัยภูมิ,15.810833,101.325832,TUC,,,,,060365045065,2728-2/2
นครราชสีมา,14.99861,102.1,TUC,,,,,060365054886|060357055751,NKR7006|NKR7006
นครราชสีมา,14.986944,102.093888,NT|TUC,,,060362174319,NKR7007,060365054887|060357079004,NKR7007|NKR7007
ชัยภูมิ,15.671666,102.033054,TUC,,,,,060365054901,CYP7230
นครราชสีมา,14.934721,102.045833,TUC,,,,,060365054904,NKRA286
นครราชสีมา,15.355555,102.765,NT|TUC,,,060366033108,NKRA288,060365054905,NKRA288
นครราชสีมา,14.616388,101.868888,TUC,,,,,060365054906,NKRA292
นครราชสีมา,14.598333,101.379721,TUC,,,,,060365054907,NKRS000
นครราชสีมา,14.594999,101.392499,TUC,,,,,060365054908,NKRS001
นครราชสีมา,14.673054,101.377221,TUC,,,,,060365054909,NKRS013
นครราชสีมา,14.746388,101.481388,TUC,,,,,060365054910,NKRS014
ชัยภูมิ,15.381943,101.440277,TUC,,,,,060365054968|060357055781,CYP1609|CYP1609
นครราชสีมา,15.493333,102.523054,TUC,,,,,060365054971|060360048318,NKR8701|NKR8701
นครราชสีมา,15.356111,102.764722,TUC,,,,,060364141618,NKRA233
ชัยภูมิ,16.144444,101.581943,TUC,,,,,060364166590,945-1/2
ชัยภูมิ,16.145277,101.577777,TUC,,,,,060364166591,945-2/2
ชัยภูมิ,16.172777,101.696666,TUC,,,,,060364166592,963-1/2
ชัยภูมิ,16.177221,101.696666,TUC,,,,,060364166593,963-2/2
ชัยภูมิ,16.114166,101.682221,TUC,,,,,060364166594,964-1/3
ชัยภูมิ,16.146666,101.681666,TUC,,,,,060364166595,964-2/3
ชัยภูมิ,16.144721,101.680554,TUC,,,,,060364166596,964-3/3
ชัยภูมิ,15.808888,101.579443,TUC,,,,,060364166597,971-1/1
ชัยภูมิ,15.793055,101.526666,TUC,,,,,060364166598,972-1/2
ชัยภูมิ,15.791666,101.526666,TUC,,,,,060364166599,972-2/2
ชัยภูมิ,15.806666,101.580832,TUC,,,,,060364166600,976-1/2
ชัยภูมิ,15.805277,101.582221,TUC,,,,,060364166601,976-2/2
ชัยภูมิ,15.787777,101.527221,TUC,,,,,060364166602,977-1/3
ชัยภูมิ,15.790277,101.526666,TUC,,,,,060364166603,977-2/3
ชัยภูมิ,15.785555,101.52861,TUC,,,,,060364166604,977-3/3
ชัยภูมิ,15.817221,101.656388,TUC,,,,,060364166605,981-1/1
ชัยภูมิ,15.883054,101.696944,TUC,,,,,060364166606,989-1/1
ชัยภูมิ,15.898333,101.638055,TUC,,,,,060364166607,990-1/1
นครราชสีมา,14.387221,102.224166,TUC,,,,,060364166608,1684-1/2
นครราชสีมา,14.383054,102.224166,TUC,,,,,060364166609,1684-2/2
นครราชสีมา,14.88611,102.449721,TUC,,,,,060364166610,1696-3/3
นครราชสีมา,15.222777,102.684721,TUC,,,,,060364166611,1709-1/2
นครราชสีมา,14.551944,101.742499,TUC,,,,,060364166612,1717-1/4
นครราชสีมา,14.542499,101.754166,TUC,,,,,060364166613,1717-2/4
นครราชสีมา,14.543055,101.754722,TUC,,,,,060364166614,1717-3/4
นครราชสีมา,14.544444,101.754722,TUC,,,,,060364166615,1717-4/4
นครราชสีมา,14.516943,101.681666,TUC,,,,,060364166616,1727-1/1
นครราชสีมา,15.033333,101.534166,TUC,,,,,060364166617,1744-1/1
นครราชสีมา,14.723332,101.794444,TUC,,,,,060364166618,1749-1/1
นครราชสีมา,14.915277,101.572777,TUC,,,,,060364141217,PCR7214
ชัยภูมิ,16.079443,101.904444,TUC,,,,,060365045139,704-1/2
ชัยภูมิ,16.080277,101.9075,TUC,,,,,060365045140,704-2/2
ชัยภูมิ,16.111944,101.915555,TUC,,,,,060365045141,709-1/1
ชัยภูมิ,16.383333,101.944166,TUC,,,,,060365045142,710-1/4
ชัยภูมิ,16.38361,101.942221,TUC,,,,,060365045143,710-2/4
ชัยภูมิ,16.384999,101.944444,TUC,,,,,060365045144,710-3/4
ชัยภูมิ,16.382499,101.944166,TUC,,,,,060365045145,710-4/4
ชัยภูมิ,16.393055,101.956666,TUC,,,,,060365045146,712-1/1
ชัยภูมิ,16.43611,101.936944,TUC,,,,,060365045147,718-1/2
ชัยภูมิ,16.436388,101.938333,TUC,,,,,060365045148,718-2/2
ชัยภูมิ,16.450277,101.96,TUC,,,,,060365045149,719-1/4
ชัยภูมิ,16.450555,101.964722,TUC,,,,,060365045150,719-2/4
ชัยภูมิ,16.4525,101.965555,TUC,,,,,060365045151,719-3/4
ชัยภูมิ,16.453611,101.963055,TUC,,,,,060365045152,719-4/4
ชัยภูมิ,16.414722,101.94611,TUC,,,,,060365045153|060365045154,724-1/3|724-2/3
ชัยภูมิ,16.415,101.947499,TUC,,,,,060365045155,724-3/3
ชัยภูมิ,16.467777,101.948333,TUC,,,,,060365045156,725-1/2
ชัยภูมิ,16.479721,101.948055,TUC,,,,,060365045157,725-2/2
ชัยภูมิ,16.244444,102.301388,TUC,,,,,060365045158,735-1/2
ชัยภูมิ,16.221943,102.33611,TUC,,,,,060365045159,737-1/4
ชัยภูมิ,16.22361,102.336666,TUC,,,,,060365045160,737-2/4
ชัยภูมิ,16.223888,102.338055,TUC,,,,,060365045161,737-3/4
ชัยภูมิ,16.223888,102.334444,TUC,,,,,060365045162,737-4/4
ชัยภูมิ,16.236666,102.322777,TUC,,,,,060365045163,744-1/4
ชัยภูมิ,16.236388,102.323888,TUC,,,,,060365045164,744-2/4
ชัยภูมิ,16.238055,102.321666,TUC,,,,,060365045165,744-3/4
ชัยภูมิ,16.237499,102.32361,TUC,,,,,060365045166,744-4/4
ชัยภูมิ,16.267499,102.344721,TUC,,,,,060365045167,746-1/2
ชัยภูมิ,16.266666,102.345833,TUC,,,,,060365045168,746-2/2
ชัยภูมิ,16.220832,102.361111,TUC,,,,,060365045169,748-1/5
ชัยภูมิ,16.221943,102.358333,TUC,,,,,060365045170,748-2/5
ชัยภูมิ,16.221388,102.3625,TUC,,,,,060365045171|060365045172,748-3/5|748-4/5
ชัยภูมิ,16.222221,102.3625,TUC,,,,,060365045173,748-5/5
ชัยภูมิ,16.483054,101.79111,TUC,,,,,060365045174,753-1/2
ชัยภูมิ,16.486388,101.800555,TUC,,,,,060365045175,753-2/2
ชัยภูมิ,15.801388,101.793333,TUC,,,,,060365045176,825-1/5
ชัยภูมิ,15.802222,101.79361,TUC,,,,,060365045177,825-2/5
ชัยภูมิ,15.804166,101.795833,TUC,,,,,060365045178,825-3/5
ชัยภูมิ,15.801388,101.792221,TUC,,,,,060365045179,825-4/5
ชัยภูมิ,15.799444,101.792221,TUC,,,,,060365045180,825-5/5
ชัยภูมิ,15.799444,101.79111,TUC,,,,,060365045181,827-1/3
ชัยภูมิ,15.798055,101.790555,TUC,,,,,060365045182,827-2/3
ชัยภูมิ,15.800833,101.790555,TUC,,,,,060365045183,827-3/3
ชัยภูมิ,15.803888,101.762222,TUC,,,,,060365045184,828-2/2
ชัยภูมิ,16.311111,102.397499,TUC,,,,,060365045185,829-1/1
ชัยภูมิ,16.309722,102.364166,TUC,,,,,060365045186,830-1/1
ชัยภูมิ,16.294166,102.366943,TUC,,,,,060365045187,831-1/3
ชัยภูมิ,16.296666,102.364444,TUC,,,,,060365045188,831-2/3
นครราชสีมา,15.593055,102.261944,TUC,,,,,060365045189,1714-1/4
นครราชสีมา,15.592499,102.264722,TUC,,,,,060365045190,1714-2/4
นครราชสีมา,15.590277,102.263888,TUC,,,,,060365045191,1714-3/4
นครราชสีมา,15.590555,102.265277,TUC,,,,,060365045192,1714-4/4
นครราชสีมา,14.528054,101.779443,TUC,,,,,060365045193,1715-1/3
นครราชสีมา,14.530554,101.781666,TUC,,,,,060365045194,1715-2/3
นครราชสีมา,14.528332,101.784444,TUC,,,,,060365045195,1715-3/3
นครราชสีมา,14.512222,101.728054,TUC,,,,,060365045196,1719-1/2
นครราชสีมา,14.512222,101.743333,TUC,,,,,060365045197,1719-2/2
นครราชสีมา,14.531943,101.736666,TUC,,,,,060365045198,1728-1/1
นครราชสีมา,14.555277,101.729166,TUC,,,,,060365045199,1729-1/1
นครราชสีมา,14.516943,101.758888,TUC,,,,,060365045200,
นครราชสีมา,14.487221,101.773332,TUC,,,,,060365045201,1733-1/2
นครราชสีมา,14.486388,101.771943,TUC,,,,,060365045202,1733-2/2
นครราชสีมา,14.440277,101.675277,TUC,,,,,060365045203,1737-1/1
นครราชสีมา,14.492499,101.775277,TUC,,,,,060365045204,1742-1/1
นครราชสีมา,14.733333,101.811666,TUC,,,,,060365045205,1746-1/3
นครราชสีมา,14.732221,101.821943,TUC,,,,,060365045206,1746-2/3
นครราชสีมา,14.734721,101.811388,TUC,,,,,060365045207,1746-3/3
นครราชสีมา,14.754444,101.770832,TUC,,,,,060365045208,1747-1/1
นครราชสีมา,14.734166,101.704166,TUC,,,,,060365045209,1754-1/1
นครราชสีมา,14.742221,101.861388,TUC,,,,,060365045210,1755-1/1
นครราชสีมา,15.111388,102.709166,TUC,,,,,060365045211,1756-1/2
นครราชสีมา,15.1125,102.709444,TUC,,,,,060365045212,1756-2/2
นครราชสีมา,15.081666,102.728332,TUC,,,,,060365045213,1757-1/2
นครราชสีมา,15.081388,102.730277,TUC,,,,,060365045214,1757-2/2
นครราชสีมา,15.099721,102.707777,TUC,,,,,060365045215,1759-1/3
นครราชสีมา,15.098055,102.709166,TUC,,,,,060365045216,1759-2/3
นครราชสีมา,15.095277,102.709722,TUC,,,,,060365045217,1759-3/3
นครราชสีมา,15.088333,102.744999,TUC,,,,,060365045218,1760-1/3
นครราชสีมา,15.089999,102.743333,TUC,,,,,060365045219,1760-2/3
นครราชสีมา,15.089999,102.744444,TUC,,,,,060365045220,1760-3/3
นครราชสีมา,15.135277,102.689721,TUC,,,,,060365045221,1762-1/1
นครราชสีมา,15.146666,102.678054,TUC,,,,,060365045222,1763-1/4
นครราชสีมา,15.147499,102.679166,TUC,,,,,060365045223,1763-2/4
นครราชสีมา,15.144444,102.67611,TUC,,,,,060365045224,1763-3/4
นครราชสีมา,15.145555,102.681666,TUC,,,,,060365045225,1763-4/4
นครราชสีมา,15.115555,102.67611,TUC,,,,,060365045226,1764-1/1
นครราชสีมา,15.127221,102.686666,TUC,,,,,060365045227,1765-1/2
นครราชสีมา,15.128888,102.687777,TUC,,,,,060365045228,1765-2/2
นครราชสีมา,15.135555,102.650277,TUC,,,,,060365045229,1767-1/3
นครราชสีมา,15.135555,102.651111,TUC,,,,,060365045230,1767-2/3
นครราชสีมา,15.136388,102.651111,TUC,,,,,060365045231,1767-3/3
นครราชสีมา,15.251111,102.419443,NT|TUC,,,060359009059,NKR6539,060365066910,NKR6539
นครราชสีมา,14.483888,102.154166,TUC,,,,,060365066911,NKRA170
นครราชสีมา,14.597499,101.396388,TUC,,,,,060365066914,NKRA268
นครราชสีมา,15.081943,102.231666,TUC,,,,,060365066915,NKRA285
นครราชสีมา,14.988333,102.113888,AWN|NT|TUC,060363058413,874451 หอพักหญิงเอ อาร์-เมืองนครราชสีมา,060366002708,874451_ARAPM,060365066923|060365033672,NKRA236|NKRA236
ชัยภูมิ,15.799721,102.023888,TUC,,,,,060365066926,CYP6438
นครราชสีมา,14.432777,102.457777,TUC,,,,,060365066928,NKRA179
นครราชสีมา,14.744721,102.187777,TUC,,,,,060364112119,NKR7688
นครราชสีมา,14.981943,102.084444,TUC,,,,,060364112120,NKR7695
นครราชสีมา,14.915,101.468332,NT|TUC,,,060367051617,NKR7938,060364112122,NKR7938
นครราชสีมา,15.338055,101.971943,NT|TUC,,,060367051618,NKRA082,060364112123,NKRA082
นครราชสีมา,14.582777,101.242499,TUC,,,,,060364112124,NKRA147
นครราชสีมา,14.539999,101.346666,TUC,,,,,060364112125,NKRA149
นครราชสีมา,14.58361,101.399721,TUC,,,,,060364112126,NKRA150
นครราชสีมา,14.516388,101.405277,TUC,,,,,060362243843,NKRA142
ชัยภูมิ,16.315555,102.37361,NT|TUC,,,060365137696,CYP6406,060362167327,CYP6406
นครราชสีมา,14.977777,102.083888,TUC,,,,,060362194166|060364042370,NKR5924|NKR5924
นครราชสีมา,15.081666,102.042221,NT|TUC,,,060363038416,NKR5932,060362194167,NKR5932
นครราชสีมา,14.924999,102.138055,TUC,,,,,060362194168|060367037227,NKR5961|NKR5961
นครราชสีมา,14.968332,102.073054,TUC,,,,,060362194169,NKR5978
นครราชสีมา,14.962222,102.073888,TUC,,,,,060362194170,NKR5979
นครราชสีมา,14.96861,102.079721,TUC,,,,,060362194171,NKR5980
นครราชสีมา,14.964722,102.079166,NT|TUC,,,060368039875,NKR5981,060362194172|060367026709,NKR5981|NKR5981
นครราชสีมา,14.590833,101.374166,TUC,,,,,060362194173,NKR6414
นครราชสีมา,14.476388,101.915833,TUC,,,,,060362194174,NKR7338
นครราชสีมา,14.982777,102.101111,NT|TUC,,,060368039885,NKR7679,060362194175,NKR7679
นครราชสีมา,15.123332,102.450555,TUC,,,,,060362194177|060367026567,NKR7956|NKR7956
นครราชสีมา,15.163611,102.249166,NT|TUC,,,060368039887,NKR7957,060362194178|060362064220|060367026801,NKR7957|NKR7957|NKR7957
นครราชสีมา,15.39861,101.860555,NT|TUC,,,060363038427,NKR7974,060362194179|060362064224,NKR7974|NKR7974
นครราชสีมา,15.01,102.309166,TUC,,,,,060362194180,NKRA086
นครราชสีมา,14.5525,101.275832,TUC,,,,,060362233064|060368071622,NKR5983|NKR5983
นครราชสีมา,14.915833,102.160555,TUC,,,,,060362233065,NKR7360
นครราชสีมา,14.915833,102.160277,TUC,,,,,060362233066,NKR7361
นครราชสีมา,14.74361,102.222499,TUC,,,,,060362233067|060367026563,NKR7378|NKR7378
นครราชสีมา,14.643055,101.27861,TUC,,,,,060362233069|060367026556,NKR7381|NKR7381
นครราชสีมา,14.681666,102.183888,TUC,,,,,060362233070|060363035456,NKR7944|NKR7944
นครราชสีมา,14.678888,102.184721,TUC,,,,,060362233071,NKR7945
นครราชสีมา,14.979166,102.13361,TUC,,,,,060362233072|060367026866,NKRA060|NKRA060
นครราชสีมา,15.434721,102.319166,TUC,,,,,060362233074|060367026591,NKRA088|NKRA088
นครราชสีมา,14.617777,101.265277,TUC,,,,,060362115810,NKR6417
นครราชสีมา,14.716943,101.360833,TUC,,,,,060362115811|060367026760,NKR6424|NKR6424
นครราชสีมา,14.684999,101.37611,TUC,,,,,060362115812,NKR6434
นครราชสีมา,15.371388,102.38111,TUC,,,,,060362115813,NKR6454
นครราชสีมา,14.64361,102.067777,TUC,,,,,060362115814|060367026723,NKR6458|NKR6458
นครราชสีมา,14.73611,101.430277,TUC,,,,,060362115816,NKR7686
นครราชสีมา,14.644999,101.254722,NT|TUC,,,060368039886,NKR7930,060362115817|060364042391,NKR7930|NKR7930
นครราชสีมา,15.212222,102.061944,NT|TUC,,,060366017730,NKR5827,060363000326,NKR5827
นครราชสีมา,15.151111,101.793055,NT|TUC,,,060366017734,NKR5861,060363000327,NKR5861
นครราชสีมา,15.209722,102.388333,NT|TUC,,,060363037979,NKR5984,060363000328|060362181713,NKR5984|NKR5984
นครราชสีมา,15.019721,102.137221,TUC,,,,,060363000361|060366016973,NKR7429|NKR7429
ชัยภูมิ,15.805,102.031666,TUC,,,,,060362199751|060364042215,CYP6436|CYP6436
นครราชสีมา,15.144444,102.474166,NT|TUC,,,060363038412,NKR5895,060362199754,NKR5895
นครราชสีมา,14.925832,102.161388,TUC,,,,,060362199755|060367037228,NKR5896|NKR5896
นครราชสีมา,14.920554,102.166111,TUC,,,,,060362199756,NKR5897
นครราชสีมา,15.247499,102.347499,NT|TUC,,,060366017749,NKR7969,060362199758|060362064223,NKR7969|NKR7966
นครราชสีมา,15.024999,101.49361,NT|TUC,,,060366017754,NKRA003,060362199759|060365096278,NKRA003|NKRA003
นครราชสีมา,14.999444,101.541944,NT|TUC,,,060366017757,NKRA006,060362199760,NKRA006
นครราชสีมา,14.898333,101.847221,TUC,,,,,060362199761,NKRA066
นครราชสีมา,14.968888,102.094999,TUC,,,,,060363035453|060357079583,NKR1658|NKR1658
นครราชสีมา,14.893333,101.91861,TUC,,,,,060363035454|060362064056,NKR6404|NKR6404
นครราชสีมา,14.880832,101.894444,NT|TUC,,,060357080264,NKR6940,060363035455|060360211578,NKR6940|NKR6940
นครราชสีมา,14.695833,101.329721,NT|TUC,,,060366017725,NKR5802,060362181707|060367030109,NKR5802|NKR5802
นครราชสีมา,14.674443,101.575554,TUC,,,,,060362181708,NKR5826
นครราชสีมา,14.718888,101.416388,NT|TUC,,,060362038207,NMA0728-L23,060362060996|060362031072,NKR5809|NMA0728-U21
นครราชสีมา,14.702777,101.44611,TUC,,,,,060362060997,NKR5816
นครราชสีมา,15.209166,101.793055,TUC,,,,,060362060998,NKR5862
นครราชสีมา,14.948055,102.167499,AWN|NT|TUC,060361172766,872240ข้างหมู่บ้านอยู่สบาย11,060366001345,872240_SMYSB,060362060999|060367030130,NKR5903|NKR5903
ชัยภูมิ,15.934166,102.156388,TUC,,,,,060362029862,CYP6404
นครราชสีมา,15.035555,101.917777,TUC,,,,,060362029938|060367026707,NKR5963|NKR5963
ชัยภูมิ,15.632221,102.060555,NT|TUC,,,060365137693,CYP6402,060362029959,CYP6402
ชัยภูมิ,15.887499,102.261666,NT|TUC,,,060365137694,CYP6403,060362029960,CYP6403
นครราชสีมา,14.41,101.75,TUC,,,,,060362029970,NKR5885
นครราชสีมา,14.895277,102.151388,TUC,,,,,060362029971,NKR5899
นครราชสีมา,15.258333,102.866666,TUC,,,,,060362029973,NKR7934
นครราชสีมา,14.914722,101.700277,NT|TUC,,,060368039533,NKRA165,060363120808,NKRA165
นครราชสีมา,15.434166,102.529999,NT|TUC,,,060365078088,NKR5835,060363120829,NKR5835
นครราชสีมา,14.930832,102.101111,TUC,,,,,060363120831|060367030114,NKR5925|NKR5925
นครราชสีมา,14.74611,102.216388,AWN|NT|TUC,060358046796,870453 หน้าโรงงานซีพี โชคชัย,060363058850,870453_FCPCC,060363120833,NKR7375
นครราชสีมา,15.181943,102.26,TUC,,,,,060363120834,NKR7968
นครราชสีมา,14.898055,101.899721,AWN|NT|TUC,060359059073|060365124792,870607 นวนคร อพาร์ตเม้นต์|870607 นวนคร อพาร์ตเม้นต์,060363058885,870607_NVNKA,060363120835|060363120836|060368195885,NKRA068|NKRA069|NKRC095
นครราชสีมา,14.897777,101.9,TUC,,,,,060363120837,NKRA070
นครราชสีมา,14.898333,101.900555,TUC,,,,,060363120838,NKRA071
นครราชสีมา,14.556666,101.392777,TUC,,,,,060363120839|060367026868,NKRA152|NKRA152
นครราชสีมา,14.97611,102.068888,TUC,,,,,060363120873,NKR8759
นครราชสีมา,14.603055,101.214166,TUC,,,,,060363120874,NKR8762
นครราชสีมา,14.991944,102.115,AWN|NT|TUC,060359032888,870504 หอพักธัญทิพย์,060363058869,870504_HPTYT,060363009059|060367037230,NKRA159|NKRA159
ชัยภูมิ,16.059444,102.000555,NT|TUC,,,060366017648,CYP7155,060363009123,CYP7155
ชัยภูมิ,16.004444,101.892499,TUC,,,,,060363009124,CYP7157
ชัยภูมิ,16.055555,101.491944,NT|TUC,,,060366017649,CYP7183,060363009125,CYP7183
ชัยภูมิ,16.008611,101.67611,NT|TUC,,,060366017650,CYP7190,060363009126,CYP7190
ชัยภูมิ,16.348333,102.057222,NT|TUC,,,060366017651,CYP7197,060363009127,CYP7197
ชัยภูมิ,16.008055,101.701111,NT|TUC,,,060366017652,CYP7213,060363009128,CYP7213
นครราชสีมา,14.9025,102.005277,TUC,,,,,060363009132,NKR7388
นครราชสีมา,15.168054,102.466943,NT|TUC,,,060366033102,NKR7903,060363009133|060367026582,NKR7903|NKR7903
นครราชสีมา,15.113333,101.639721,NT|TUC,,,060366033103,NKR7916,060363009134,NKR7916
นครราชสีมา,14.661944,101.393055,TUC,,,,,060363027506|060364028519,NKR7428|NKR8264
นครราชสีมา,14.739166,101.392221,NT|TUC,,,060366017726,NKR5810,060363000165,NKR5810
นครราชสีมา,14.349721,102.427777,NT|TUC,,,060366017731,NKR5831,060363000166|060367030111|060362064073,NKR5831|NKR5831|NKR5831
นครราชสีมา,15.095277,102.18361,NT|TUC,,,060365024758,NKR5892,060363000167,NKR5892
นครราชสีมา,14.701944,101.415555,TUC,,,,,060363000168,NKR7394
นครราชสีมา,14.698333,101.414444,TUC,,,,,060363000169|060367026546,NKR7395|NKR7395
นครราชสีมา,15.1575,102.359722,NT|TUC,,,060366017747,NKR7962,060363000170,NKR7962
นครราชสีมา,15.433888,102.7525,NT|TUC,,,060366017762,NKRA090,060363000172,NKRA090
นครราชสีมา,14.634999,102.140277,NT|TUC,,,060366017763,NKRA094,060363000173,NKRA094
นครราชสีมา,14.520554,102.205277,NT|TUC,,,060366017764,NKRA095,060363000174,NKRA095
นครราชสีมา,14.799721,101.534166,NT|TUC,,,060366033101,NKR7354,060363000203,NKR7354
นครราชสีมา,14.910833,102.001666,TUC,,,,,060362248358|060367026867,NKRA105|NKRA105
นครราชสีมา,14.980277,102.12361,TUC,,,,,060362248359,NKRA120
นครราชสีมา,14.978332,102.090833,TUC,,,,,060361079440,NKR7415
นครราชสีมา,14.926943,102.049444,NT|TUC,,,060363036986,NKR7754,060361079523,NKR7754
นครราชสีมา,14.927499,102.049721,NT|TUC,,,060363036987,NKR7756,060361079524,NKR7756
นครราชสีมา,14.984444,102.103333,NT|TUC,,,060366037682,NKS7707,060361079539|060361079393,NKS7707|NKR7413
นครราชสีมา,15.456388,102.683054,TUC,,,,,060360218653|060368071599,CYP8518|CYP8518
ชัยภูมิ,16.617221,101.917777,TUC,,,,,060360218654|060364042224,CYP8519|CYP8519
ชัยภูมิ,15.865,102.018054,NT|TUC,,,060368039630,CYP8521,060360218655,CYP8521
ชัยภูมิ,16.423888,102.121943,NT|TUC,,,060362180387,CYP8543,060360218659,CYP8543
ชัยภูมิ,16.266943,102.203611,TUC,,,,,060360218660,CYP8560
นครราชสีมา,15.243055,102.586388,TUC,,,,,060360218684|060367026839,NKR8611|NKR8611
นครราชสีมา,14.426666,102.464722,NT|TUC,,,060367087303,NKR8652,060360218685|060367030139,NKR8652|NKR8652
นครราชสีมา,15.27111,102.626388,TUC,,,,,060360218686|060367026858,NKR8689|NKR8689
นครราชสีมา,15.004166,102.118054,NT|TUC,,,060368039496,NKR8526,060360218707|060367037209,NKR8526|NKR8526
นครราชสีมา,15.03611,102.133888,NT|TUC,,,060362180579,NKR8573,060360218708|060367037210,NKR8573|NKR8573
นครราชสีมา,15.107777,102.133333,TUC,,,,,060360218709|060367026860,NKR8702|NKR8702
นครราชสีมา,15.240833,101.517221,TUC,,,,,060360218723,NKR7113
นครราชสีมา,15.194166,101.476666,NT|TUC,,,060363037980,NKR7114,060360218724,NKR7114
นครราชสีมา,14.696388,101.447777,TUC,,,,,060360218725|060362030265,NKR7120|NKR7608
นครราชสีมา,14.426388,101.68111,NT|TUC,,,060366017742,NKR7123,060360218726,NKR7123
นครราชสีมา,14.39361,101.691944,TUC,,,,,060360218727,NKR7130
นครราชสีมา,14.819166,102.060277,TUC,,,,,060360218728,NKR7137
นครราชสีมา,14.97361,102.106111,TUC,,,,,060360218729,NKR7140
นครราชสีมา,14.966111,102.078054,TUC,,,,,060360218730,NKR7141
นครราชสีมา,14.949721,102.013611,TUC,,,,,060360218731,NKR7157
นครราชสีมา,15.159722,102.092499,TUC,,,,,060360218732|060367026806,NKR7163|NKR7163
นครราชสีมา,15.701944,102.161944,TUC,,,,,060360218733,NKR7164
นครราชสีมา,14.811388,102.225277,NT|TUC,,,060363037981,NKR7166,060360218734,NKR7166
นครราชสีมา,14.467221,102.525554,TUC,,,,,060360218735,NKR7169
นครราชสีมา,14.608333,101.337221,NT|TUC,,,060363036984,NKR1808,060360218786,NKR1808
นครราชสีมา,14.421666,101.861944,TUC,,,,,060360218787|060367030106,NKR7100|NKR7100
นครราชสีมา,14.568332,101.701388,TUC,,,,,060360218788,NKR7109
นครราชสีมา,14.527221,101.74111,TUC,,,,,060360218789,NKR7110
นครราชสีมา,14.531666,101.965833,TUC,,,,,060360204212|060360215307,NKR1618|NMA0407-U21
นครราชสีมา,15.187221,102.929721,TUC,,,,,060360113798,NKR7230
นครราชสีมา,14.794999,101.649721,TUC,,,,,060360113799,NKR7233
นครราชสีมา,14.669999,101.584444,TUC,,,,,060360113800|060367026789,NKR7260|NKR7260
นครราชสีมา,15.749166,102.317221,TUC,,,,,060360113801,NKR7276
นครราชสีมา,14.993055,102.102222,NT|TUC,,,060362174320,NKR7155,060360048090|060367037200,NKR7155|NKR7155
นครราชสีมา,15.263055,101.758333,NT|TUC,,,060362180572,NKR7203,060360048091|060367026802,NKR7203|NKR7203
นครราชสีมา,15.074443,102.338888,TUC,,,,,060360048092,NKR7204
นครราชสีมา,15.099721,101.937777,NT|TUC,,,060362180573,NKR7205,060360048093,NKR7205
นครราชสีมา,15.193055,101.899721,TUC,,,,,060360048094,NKR7213
นครราชสีมา,15.226666,102.859166,TUC,,,,,060360048095,NKR7214
นครราชสีมา,15.26861,102.08861,NT|TUC,,,060362180575,NKR7215,060360048096,NKR7215
นครราชสีมา,15.21,102.808333,TUC,,,,,060360048097,NKR7222
นครราชสีมา,15.316111,102.233054,NT|TUC,,,060362180576,NKR7225,060360048098,NKR7225
นครราชสีมา,15.349444,102.219721,NT|TUC,,,060362180577,NKR7226,060360048099,NKR7226
นครราชสีมา,15.221388,102.675277,TUC,,,,,060360048100,NKR7228
นครราชสีมา,14.935555,102.438888,TUC,,,,,060360048101,NKR7232
นครราชสีมา,15.038333,101.7575,TUC,,,,,060360048102,NKR7236
นครราชสีมา,15.299721,101.636944,TUC,,,,,060360048103,NKR7237
ชัยภูมิ,15.443888,101.725832,NT|TUC,,,060362180370,CYP7121,060360048157,CYP7121
ชัยภูมิ,16.098333,102.198055,TUC,,,,,060360048158,CYP7125
ชัยภูมิ,15.766666,101.997499,NT|TUC,,,060362180372,CYP7126,060360048159,CYP7126
ชัยภูมิ,15.73861,101.967221,TUC,,,,,060360048160,CYP7127
ชัยภูมิ,16.360555,102.026666,TUC,,,,,060360048162,CYP7137
ชัยภูมิ,16.010555,101.59611,TUC,,,,,060360048578,CYP1916
นครราชสีมา,14.832777,101.787777,NT|TUC,,,060368039867,NKR0045,060360048579,NKR0045
ชัยภูมิ,15.656666,101.488055,TUC,,,,,060360048583,CYP1903
นครราชสีมา,15.141944,102.71,NT|TUC,,,060360048791,NKR6760,060359117765,NKR6760
นครราชสีมา,15.495277,102.461944,TUC,,,,,060359117766,NKR6802
นครราชสีมา,14.666666,102.109722,TUC,,,,,060359117767,NKR6838
นครราชสีมา,14.419443,102.401666,NT|TUC,,,060360247106,NKR6839,060359117768,NKR6839
นครราชสีมา,14.634999,102.436666,TUC,,,,,060360015251|060367026574,NKR7101|NKR7101
นครราชสีมา,14.605,101.479443,NT|TUC,,,060362180570,NKR7115,060360015252,NKR7115
นครราชสีมา,14.378888,101.820277,TUC,,,,,060360015253,NKR7125
นครราชสีมา,14.475277,101.569721,TUC,,,,,060360015254,NKR7126
นครราชสีมา,14.383054,101.754166,TUC,,,,,060360015256,NKR7132
นครราชสีมา,14.857222,101.602777,NT|TUC,,,060362180571,NKR7138,060360015257|060367026551,NKR7138|NKR7138
นครราชสีมา,14.948888,102.126388,TUC,,,,,060360048932|060366016974,NKR7700|NKR7700
นครราชสีมา,14.696388,101.694999,NT|TUC,,,060360249306,NKR6700,060360048952,NKR6700
นครราชสีมา,14.656388,101.815555,NT|TUC,,,060360048800,NKR6801,060360048960,NKR6801
นครราชสีมา,14.675554,101.974166,TUC,,,,,060360048964,NKR6836
นครราชสีมา,14.861944,102.219721,NT|TUC,,,060360247104,NKR6837,060360048965,NKR6837
นครราชสีมา,14.695833,101.479999,NT|TUC,,,060366033099,NKR6850,060360048968|060364042377,NKR6850|NKR6850
นครราชสีมา,14.856666,102.373332,NT|TUC,,,060362180574,NKR7209,060360020769,NKR7209
นครราชสีมา,15.203333,102.211388,TUC,,,,,060360020770,NKR7221
ชัยภูมิ,15.922221,102.019721,TUC,,,,,060360270296,CYP7146
นครราชสีมา,15.234444,101.970554,TUC,,,,,060360270303,NKR7602
นครราชสีมา,15.115833,102.286666,NT|TUC,,,060368039882,NKR7643,060360270304|060367026790,NKR7643|NKR7643
นครราชสีมา,15.347221,102.020277,TUC,,,,,060360241087,NKR7224
นครราชสีมา,14.458333,101.976943,TUC,,,,,060360241088,NKR7231
นครราชสีมา,14.806666,101.699166,TUC,,,,,060360241089|060367030107,NKR7254|NKR7254
ชัยภูมิ,15.867777,101.743055,NT|TUC,,,060357080327,CYP6760,060360241121,CYP6760
ชัยภูมิ,16.141944,102.048055,NT|TUC,,,060357080326,CYP6767,060360241122,CYP6767
ชัยภูมิ,15.692499,101.72861,NT|TUC,,,060357080325,CYP6769,060360241123,CYP6769
ชัยภูมิ,16.061666,102.036666,NT|TUC,,,060357080343,CYP6782,060360241124,CYP6782
ชัยภูมิ,15.755833,101.4575,NT|TUC,,,060357080341,CYP6784,060360241125,CYP6784
ชัยภูมิ,16.021666,101.498888,TUC,,,,,060360218942|060358018957,CYP1919|CYP1919
ชัยภูมิ,16.200555,102.206944,NT|TUC,,,060360014931,CYP1616,060360218972,CYP1616
ชัยภูมิ,16.466111,102.124443,NT|TUC,,,060361177524,CYP1618,060360218973,CYP1618
นครราชสีมา,14.89861,101.777777,TUC,,,,,060360218978,NKR8709
นครราชสีมา,14.956666,102.066111,NT|TUC,,,060368039889,NKR8500,060360218988|060367026809,NKR8500|NKR8500
นครราชสีมา,14.943055,102.063888,TUC,,,,,060360218989|060367026810,NKR8507|NKR8507
นครราชสีมา,14.968054,102.113888,TUC,,,,,060360218990|060367026812,NKR8511|NKR8511
นครราชสีมา,14.967221,102.058611,NT|TUC,,,060361139471|060368039890,NMA0553-L23|NKR8512,060360218991|060367037211|060360100624,NKR8512|NKR8512|NMA0553-U21
นครราชสีมา,14.968054,102.050555,TUC,,,,,060360218992|060367026814,NKR8514|NKR8514
นครราชสีมา,14.979443,102.090555,NT|TUC,,,060368039492,NKR8517,060360218993|060364042392,NKR8517|NKR8517
นครราชสีมา,14.984444,102.097221,NT|TUC,,,060368039493,NKR8518,060360218994|060367037212,NKR8518|NKR8518
นครราชสีมา,14.965277,102.034721,TUC,,,,,060360218995,NKR8520
นครราชสีมา,14.998333,102.093333,TUC,,,,,060360218996,NKR8521
นครราชสีมา,14.961944,102.108055,NT|TUC,,,060368039494,NKR8522,060360218997|060367026815,NKR8522|NKR8522
นครราชสีมา,14.996666,102.108055,TUC,,,,,060360218998|060367037213,NKR8523|NKR8523
นครราชสีมา,15.006388,102.102222,NT|TUC,,,060368039495,NKR8524,060360218999|060367026816,NKR8524|NKR8524
นครราชสีมา,14.994999,102.114166,NT|TUC,,,060363036988,NKR8525,060360219000|060364042393,NKR8525|NKR8525
ชัยภูมิ,15.855555,101.989166,NT|TUC,,,060362180391,CYP8570,060360217814,CYP8570
นครราชสีมา,14.618888,101.665555,NT|TUC,,,060360048787,NKR6734,060360217857,NKR6734
นครราชสีมา,14.974443,102.634721,NT|TUC,,,060360048793,NKR6763,060360217858,NKR6763
นครราชสีมา,14.945833,102.028054,TUC,,,,,060360204252|060364042353,NKR1645|NKR1645
ชัยภูมิ,16.108055,101.839444,NT|TUC,,,060362180378,CYP7143,060360204374,CYP7143
ชัยภูมิ,16.509722,101.818888,TUC,,,,,060360034206,CYP6722
นครราชสีมา,14.990833,101.845833,TUC,,,,,060360034209,NKR6710
นครราชสีมา,15.361111,101.53861,TUC,,,,,060360034210|060367026755,NKR6789|NKR6789
นครราชสีมา,14.658333,102.308888,TUC,,,,,060360034211,NKR6808
นครราชสีมา,14.453888,101.73861,NT|TUC,,,060357067637,NKR6924,060360034212,NKR6924
นครราชสีมา,14.486944,101.771943,TUC,,,,,060360218790,NKR7111
นครราชสีมา,15.245555,101.790833,NT|TUC,,,060362174322,NKR8705,060360218799,NKR8705
นครราชสีมา,14.823332,101.847221,NT|TUC,,,060360048783,NKR6721,060357068413,NKR6721
นครราชสีมา,15.134999,102.761111,NT|TUC,,,060360239311,NKR6728,060357068414|060367026748,NKR6728|NKR6728
นครราชสีมา,14.670832,102.016943,NT|TUC,,,060360239316,NKR6758,060357068415|060364042375,NKR6758|NKR6758
นครราชสีมา,14.501666,102.245833,NT|TUC,,,060360048803,NKR6812,060357068416|060367026772,NKR6812|NKR6812
ชัยภูมิ,16.431666,102.278054,TUC,,,,,060357068428,CYP6704
ชัยภูมิ,16.483333,102.053888,TUC,,,,,060357068429,CYP6719
ชัยภูมิ,16.521388,101.98611,TUC,,,,,060357068430,CYP6723
ชัยภูมิ,16.232499,102.194166,TUC,,,,,060357068431,CYP6744
นครราชสีมา,14.514444,101.533054,TUC,,,,,060367030102,NKRS039
นครราชสีมา,14.83361,101.453055,NT|TUC,,,060361036547,NKR1932,060367030104|060360240888,NKR1932|NKR1932
นครราชสีมา,14.719166,101.943888,TUC,,,,,060367030108|060362186319,NKR5852|NKR5852
นครราชสีมา,14.609722,102.435277,NT|TUC,,,060366017735,NKR5879,060367030112|060362211331,NKR5879|NKR5879
นครราชสีมา,14.774999,101.720554,TUC,,,,,060367030115,NKR6851
นครราชสีมา,14.483054,102.478888,NT|TUC,,,060360247556,NKR6857,060367030119|060357068047,NKR6857|NKR6857
นครราชสีมา,14.619999,101.3125,TUC,,,,,060367030123|060360132620,NKR5500|NKR5500
นครราชสีมา,14.904722,102.028888,TUC,,,,,060367030124|060362030222,NKR7119|NKR7119
นครราชสีมา,14.69611,102.4525,TUC,,,,,060367030125|060362064230,NKR7989|NKR7989
นครราชสีมา,14.739721,102.155833,TUC,,,,,060367030126|060362064063,NKR7687|NKR7687
นครราชสีมา,14.768888,101.341944,TUC,,,,,060367030127|060362060785,NKR7641|NKR7641
นครราชสีมา,14.879999,101.569999,TUC,,,,,060367030128|060362064055,NKR6402|NKR6402
นครราชสีมา,15.043055,102.127221,TUC,,,,,060367030129|060362064087,NKR5890|NKR5890
นครราชสีมา,14.855833,102.184444,TUC,,,,,060367030131|060362064074,NKR5905|NKR5905
นครราชสีมา,14.753333,102.031666,TUC,,,,,060367030133|060362064250,NKR5847|NKR5847
นครราชสีมา,15.100555,102.234444,TUC,,,,,060367030134|060362064217,NKR7954|NKR7954
นครราชสีมา,14.672499,102.146666,TUC,,,,,060367030135|060362064060,NKR6459|NKR6459
นครราชสีมา,14.918054,101.977777,TUC,,,,,060367030136|060362064088,NKR5920|NKR5920
นครราชสีมา,14.556666,101.974443,TUC,,,,,060367030137|060362064225,NKR7978|NKR7978
นครราชสีมา,15.560555,102.401666,TUC,,,,,060367030138|060362064229,NKR7987|NKR7987
นครราชสีมา,14.963055,102.074166,TUC,,,,,060367030146|060356007988|060368163885,NMA0099_D|NMA0099-U21|NKR0099
นครราชสีมา,14.982499,102.125554,TUC,,,,,060367030148|060368163887|060356020449,NMA0112_D|NKR0112|NMA0112-U21
นครราชสีมา,15.036388,102.108888,TUC,,,,,060367030149|060368163888|060356020452,NMA0127_D|NKR0127|NMA0127-U21
นครราชสีมา,14.9625,102.020554,NT|TUC,,,060362038206,NMA0618-L23,060367030150|060368163892|060362001699,NMA0618_D|NKR0618|NMA0618-U21
นครราชสีมา,14.978332,102.15,TUC,,,,,060367030151|060368044709|060360130013,NMA0624_D|NKR0624|NMA0624-U21
นครราชสีมา,14.974721,102.113055,TUC,,,,,060367030156|060356007984|060368163898,NMA0025_D|NMA0025-U21|NKRC018
นครราชสีมา,14.955277,101.816388,TUC,,,,,060366031841,NKRA259
นครราชสีมา,14.513888,102.284721,TUC,,,,,060367026849|060360219023,NKR8658|NKR8658
นครราชสีมา,15.342499,102.729999,TUC,,,,,060367026850|060360219024,NKR8659|NKR8659
นครราชสีมา,14.592499,101.892499,TUC,,,,,060367026851|060359001031,NKR8666|NKR8666
นครราชสีมา,15.13861,102.102222,TUC,,,,,060367026852|060367026853|060358041604|060358041605|060362166340,NKR8668|NKR8669|NKR8668|NKR8669|NMA0525-U21
นครราชสีมา,15.107222,102.42861,NT|TUC,,,060362180586,NKR8677,060367026855|060358041581,NKR8677|NKR8677
นครราชสีมา,14.53361,101.386666,NT|TUC,,,060362180587,NKR8678,060367026856|060360219025,NKR8678|NKR8678
นครราชสีมา,14.799444,101.903611,NT|TUC,,,060368039530,NKR8725,060367026861|060360046713,NKR8725|NKR8725
นครราชสีมา,14.578054,101.267777,TUC,,,,,060367026862|060359001043,NKR8749|NKR8749
นครราชสีมา,15.236944,101.730277,TUC,,,,,060367026863|060364055906|060363019638,NKR8761|NMA0848|NKR8761
นครราชสีมา,15.211388,102.542499,TUC,,,,,060367026864|060360048314,NKR8610|NKR8610
นครราชสีมา,15.261111,102.138055,NT|TUC,,,060359181752,NKR2040,060367026870|060357068149,NKR2040|NKR2040
นครราชสีมา,15.490833,102.234999,NT|TUC,,,060359181754,NKR2031,060367026871|060357072867,NKR2031|NKR2031
นครราชสีมา,14.975277,102.056111,TUC,,,,,060367026872|060357079584,NKR2047|NKR2047
นครราชสีมา,15.408333,102.231943,NT|TUC,,,060359181766,NKR2025,060367026873|060357068333,NKR2025|NKR2025
นครราชสีมา,14.666111,101.391666,TUC,,,,,060367026874|060357079586,NKR2061|NKR2061
นครราชสีมา,14.636944,101.353888,TUC,,,,,060367026875,NKR2000
นครราชสีมา,15.343888,102.598888,NT|TUC,,,060363037381,NKR2043,060367026877|060359178855,NKR2043|NKR2043
นครราชสีมา,15.056666,102.171943,TUC,,,,,060367026878|060360132619,NKR2049|NKR2049
นครราชสีมา,15.668888,102.503333,TUC,,,,,060367026882|060357067959,NKR0038|NKR0038
นครราชสีมา,15.456666,102.505833,TUC,,,,,060367026883|060359142939,NKR0056|NKR0056
นครราชสีมา,15.29611,101.736944,TUC,,,,,060367026885|060357063090,NKR0506|NKR0506
นครราชสีมา,15.005555,102.283333,TUC,,,,,060367026886|060357067899,NKR0033|NKR0033
นครราชสีมา,14.929166,101.949721,TUC,,,,,060367026887|060359170033,NKR0019|NKR0019
นครราชสีมา,14.950555,102.111111,TUC,,,,,060367026888|060357062968,NKR0018|NKR0018
นครราชสีมา,14.86,101.683888,TUC,,,,,060367026890|060360211677,NKR0062|NKR0062
นครราชสีมา,15.189444,101.758055,TUC,,,,,060367026892|060357063086,NKR0029|NKR0029
นครราชสีมา,14.964166,101.751111,NT|TUC,,,060361036552,NKR1944,060367026532|060357068103,NKR1944|NKR1944
นครราชสีมา,15.119999,101.606944,NT|TUC,,,060361036559,NKR1965,060367026535|060360032555,NKR1965|NKR1965
นครราชสีมา,15.27861,102.301111,TUC,,,,,060367026537|060357067996,NKR1969|NKR1969
นครราชสีมา,14.940277,102.261944,NT|TUC,,,060361036562,NKR1972,060367026538|060357067997,NKR1972|NKR1972
นครราชสีมา,14.637221,101.634999,TUC,,,,,060367026539|060357067998,NKR1982|NKR1982
นครราชสีมา,15.179443,102.843055,TUC,,,,,060367026540|060357068148,NKR1984|NKR1984
นครราชสีมา,15.47611,102.628332,NT|TUC,,,060361036569,NKR1986,060367026541|060357068104,NKR1986|NKR1986
นครราชสีมา,15.622221,102.608055,NT|TUC,,,060360186866,NKR1987,060367026542|060359151731,NKR1987|NKR1987
นครราชสีมา,15.358611,102.826943,NT|TUC,,,060360187116,NKR1990,060367026544|060357067999,NKR1990|NKR1990
นครราชสีมา,14.994721,102.072499,NT|TUC,,,060368039878,NKR7011,060367026559|060357055604,NKR7011|NKR7011
นครราชสีมา,14.961944,102.115833,NT|TUC,,,060368039877,NKR7010,060367026564|060358058944,NKR7010|NKR7010
นครราชสีมา,15.166943,101.73361,NT|TUC,,,060368039883,NKR7645,060367026565|060360241199,NKR7645|NKR7645
นครราชสีมา,15.252222,102.411388,TUC,,,,,060367026566|060362030235,NKR7299|NKR7299
นครราชสีมา,14.949444,102.004166,TUC,,,,,060367026575|060362131699,NKR7971|NKR7971
นครราชสีมา,15.68861,102.448055,NT|TUC,,,060360048790,NKR6750,060367026578|060357075476,NKR6750|NKR6750
นครราชสีมา,15.019166,102.073054,TUC,,,,,060367026580|060362030127,NKR7671|NKR7671
นครราชสีมา,15.68611,102.401666,TUC,,,,,060367026586|060360218546,NKR7167|NKR7167
นครราชสีมา,14.920277,102.093055,TUC,,,,,060367026587|060360048848,NKR0504|NKR0504
นครราชสีมา,14.896388,101.724999,NT|TUC,,,060359181768,NKR0022,060367026588|060360132537,NKR0022|NKR0022
นครราชสีมา,15.294721,101.808888,NT|TUC,,,060360187120,NKR3014,060367026589|060359156354,NKR3014|NKR3014
นครราชสีมา,15.222777,102.486944,TUC,,,,,060367026590|060362186366,NKRA122|NKRA122
นครราชสีมา,15.215833,101.768054,AWN|TUC,060369015496,872058 เทสโก้โลตัส สาขาด่านขุนทด,,,060366022023,NKR7444
นครราชสีมา,14.72111,102.015555,TUC,,,,,060366022024,NKR7445
นครราชสีมา,15.536666,102.722499,TUC,,,,,060366079258,NKR7447
ชัยภูมิ,15.788333,102.027221,TUC,,,,,060366079265,CYP7404
ชัยภูมิ,15.805833,102.034444,TUC,,,,,060366079274,CYP7403
ชัยภูมิ,15.723054,101.929999,NT|TUC,,,060360249314,CYP6745,060357067808,CYP6745
นครราชสีมา,14.378332,102.489999,NT|TUC,,,060363038423,NKR5966,060367026708|060362186326,NKR5966|NKR5966
นครราชสีมา,14.785277,101.479443,TUC,,,,,060367026711|060364112018,NKR6436|NKR6436
นครราชสีมา,14.713055,101.338055,NT|TUC,,,060360048806,NKR6824,060367026716|060357071812,NKR6824|NKR6824
นครราชสีมา,14.731943,101.985555,NT|TUC,,,060360048804,NKR6818,060367026717|060358022955,NKR6818|NKR6818
นครราชสีมา,14.894166,102.225277,NT|TUC,,,060360048805,NKR6821,060367026718|060358022957,NKR6821|NKR6821
นครราชสีมา,14.553888,101.458333,TUC,,,,,060367026721|060359009374,NKR6825|NKR6825
นครราชสีมา,14.425554,102.53611,NT|TUC,,,060360247107,NKR6843,060367026722|060357068966,NKR6843|NKR6843
นครราชสีมา,14.714722,102.221666,TUC,,,,,060367026726|060358022954,NKR6817|NKR6817
นครราชสีมา,15.245555,102.903055,NT|TUC,,,060360239310,NKR6727,060367026728|060357075471,NKR6727|NKR6727
นครราชสีมา,14.678054,101.911944,NT|TUC,,,060360048802,NKR6809,060367026730|060358022952,NKR6809|NKR6809
นครราชสีมา,15.458888,102.583888,NT|TUC,,,060360048798,NKR6793,060367026739|060358022951,NKR6793|NKR6793
นครราชสีมา,14.951111,102.224999,TUC,,,,,060367026741|060358022953,NKR6813|NKR6813
นครราชสีมา,15.5025,102.833054,TUC,,,,,060367026745|060357068048,NKR6877|NKR6877
นครราชสีมา,15.310277,102.378888,NT|TUC,,,060360048782,NKR6718,060367026747|060357068071,NKR6718|NKR6718
นครราชสีมา,15.011388,102.121943,NT|TUC,,,060360048789,NKR6742,060367026751|060360217973,NKR6742|NKR6742
นครราชสีมา,14.512777,101.452777,TUC,,,,,060367026758|060362030143,NKR6410|NKR6410
นครราชสีมา,15.3625,102.963611,TUC,,,,,060367026763|060362186360,NKR6456|NKR6456
นครราชสีมา,14.385833,102.278332,NT|TUC,,,060357067469|060360048808,NKR6920|NKR6920,060367026764|060360211577|060358022959,NKR6920|NKR6920|NKR6920
นครราชสีมา,15.499721,102.905,NT|TUC,,,060360048785,NKR6726,060367026766|060357075335,NKR6726|NKR6726
นครราชสีมา,15.188888,102.284721,NT|TUC,,,060362180584,NKR8657,060367026774|060360048316,NKR8657|NKR8657
นครราชสีมา,15.206666,101.781388,NT|TUC,,,060362180582,NKR8624,060367026775|060360217930,NKR8624|NKR8624
นครราชสีมา,15.213888,102.501111,TUC,,,,,060367026779|060360132600,NKR0026|NKR0026
นครราชสีมา,14.752222,102.255,NT|TUC,,,060360023869,NKR0085,060367026780|060360211848,NKR0085|NKR0085
นครราชสีมา,14.938333,102.051944,TUC,,,,,060367026781|060360211847,NKR0081|NKR0081
นครราชสีมา,14.619443,101.355833,TUC,,,,,060366066227,NKRS024
นครราชสีมา,14.837499,101.553055,NT|TUC,,,060365096420,NMA0860-L23,060366066236|060364149981,NKRA248|NMA0860
นครราชสีมา,14.752777,101.409166,TUC,,,,,060366017079,NKR6967
ชัยภูมิ,16.365,101.823888,NT|TUC,,,060360247134,CYP6721,060366017080,CYP6721
ชัยภูมิ,16.529443,101.647777,NT|TUC,,,060366066596,CYP6700,060366017081,CYP6700
นครราชสีมา,14.938888,102.14861,TUC,,,,,060366017086,NKRA305
นครราชสีมา,14.904722,102.013055,TUC,,,,,060366017087,NKRA306
นครราชสีมา,14.722221,102.02361,TUC,,,,,060366017090,NKRX003
ชัยภูมิ,15.83361,102.100277,TUC,,,,,060366017095,CYP7232
นครราชสีมา,14.972499,102.098055,TUC,,,,,060366017096,NKRA184
นครราชสีมา,15.496944,102.666388,TUC,,,,,060366017102,NKR8288
นครราชสีมา,14.431388,101.400277,TUC,,,,,060366031369,NKRA174
นครราชสีมา,14.538888,101.246388,NT|TUC,,,060366077497,,060366031370,NKRA365
นครราชสีมา,14.618054,101.865555,TUC,,,,,060366031371,NKRA292
นครราชสีมา,14.96,102.179166,TUC,,,,,060366031372,NKRS028
นครราชสีมา,14.783333,102.106111,TUC,,,,,060366003908,NKRA310
นครราชสีมา,14.880554,101.870554,TUC,,,,,060366003909,NKRA359
ชัยภูมิ,15.49861,101.607222,TUC,,,,,060366003910,CYP6460
ชัยภูมิ,15.578888,101.823888,TUC,,,,,060366003911,CYP6461
ชัยภูมิ,15.665833,101.934444,TUC,,,,,060366003912,CYP6462
ชัยภูมิ,15.935833,102.047499,TUC,,,,,060366003913,CYP6463
นครราชสีมา,14.553055,102.301944,TUC,,,,,060366003918,NKRA314
นครราชสีมา,15.448333,102.189444,TUC,,,,,060366003919,NKRA315
นครราชสีมา,15.156111,101.485833,TUC,,,,,060366003921,NKRA317
นครราชสีมา,15.055277,102.136388,TUC,,,,,060367037201|060360048854,NKR1655|NKR1655
นครราชสีมา,15.588888,102.423054,TUC,,,,,060367037202|060360048855,NKR1664|NKR1664
นครราชสีมา,14.922777,102.192499,TUC,,,,,060367037203|060360048856,NKR1938|NKR1938
นครราชสีมา,14.656944,101.48111,TUC,,,,,060367037204|060360211851,NKR1656|NKR1656
นครราชสีมา,14.952222,102.145277,TUC,,,,,060367037205|060360211920,NKR8554|NKR8554
นครราชสีมา,14.707222,101.419443,NT|TUC,,,060368039509,NKR8585,060367037206|060360217926,NKR8585|NKR8585
นครราชสีมา,15.061388,102.191666,TUC,,,,,060367037208|060360218568,NKR8650|NKR8650
นครราชสีมา,14.974721,102.101111,NT|TUC,,,060368039505,NKR8574,060367037214|060360219006,NKR8574|NKR8574
นครราชสีมา,14.725277,102.163055,NT|TUC,,,060368039508,NKR8582,060367037215|060360219009,NKR8582|NKR8582
นครราชสีมา,14.927221,101.967777,AWN|NT|TUC,060359022665,871026 หน้าโรงงานซีพีเอฟ-โคกกรวด,060363059197,871026_CPFKD,060367037216|060360219010,NKR8588|NKR8588
นครราชสีมา,14.717777,101.45,NT|TUC,,,060362180580,NKR8601,060367037217|060360219014,NKR8601|NKR8601
นครราชสีมา,15.581666,102.421943,TUC,,,,,060367037218|060360219015,NKR8605|NKR8605
นครราชสีมา,15.217499,102.493333,TUC,,,,,060367037219|060360219017,NKR8607|NKR8607
นครราชสีมา,14.996388,102.641388,TUC,,,,,060367037225|060362131664,NKR5957|NKR5957
นครราชสีมา,15.012777,102.138888,TUC,,,,,060367037226|060362186362,NKRA056|NKRA056
นครราชสีมา,14.961666,102.081943,TUC,,,,,060367037236|060356042679,NKR0016|NKR0016
นครราชสีมา,14.985833,102.105,TUC,,,,,060367037237|060356042681,NKR0507|NKR0507
นครราชสีมา,14.989721,102.116111,TUC,,,,,060367037238|060356042682,NKR1504|NKR1504
นครราชสีมา,14.961111,102.0525,NT|TUC,,,060368039876,NKR7001,060367037240|060357055750,NKR7001|NKR7001
นครราชสีมา,14.891388,101.82111,TUC,,,,,060367037241|060357062950,NKR0020|NKR0020
นครราชสีมา,14.532777,101.37111,TUC,,,,,060367037242|060357063058,NKR0503|NKR0503
นครราชสีมา,15.354166,102.912777,NT|TUC,,,060368039870,NKR1623,060367037243|060357063060,NKR1623|NKR1623
นครราชสีมา,15.17611,102.256111,NT|TUC,,,060359181767,NKR0028,060367037244|060357067740,NKR0028|NKR0028
นครราชสีมา,15.559444,102.42111,NT|TUC,,,060360256725,NKR2067,060367037245|060357067742,NKR2067|NKR2067
นครราชสีมา,14.494999,102.278054,NT|TUC,,,060360187113,NKR1927,060367037246|060357067900,NKR1927|NKR1927
นครราชสีมา,15.197499,102.074999,TUC,,,,,060367037247|060357067958,NKR0032|NKR0032
นครราชสีมา,14.609444,101.404722,TUC,,,,,060367037248|060357067982,NKR0501|NKR0501
นครราชสีมา,14.906388,102.111111,TUC,,,,,060367037249|060357067991,NKR1913|NKR1913
นครราชสีมา,14.926943,102.010277,TUC,,,,,060367037250|060357067992,NKR1914|
นครราชสีมา,14.878332,102.033054,TUC,,,,,060367037251|060357068098,NKR0084|NKR0084
นครราชสีมา,14.846666,102.194444,TUC,,,,,060367037252|060357068101,NKR1800|NKR1800
นครราชสีมา,15.446944,102.327499,TUC,,,,,060367037253|060357068102,NKR1802|NKR1802
นครราชสีมา,15.352222,102.747499,NT|TUC,,,060368039873,NKR2401,060367037254|060357068150,NKR2401|NKR2401
นครราชสีมา,14.977221,102.079999,TUC,,,,,060367037256|060357079576,NKR0005|NKR0005
นครราชสีมา,14.978332,102.101111,NT|TUC,,,060360187103,NKR0010,060367037257|060357079578,NKR0010|NKR0010
นครราชสีมา,15.001666,102.108888,TUC,,,,,060367037258|060357079581,NKR1506|NKR1506
นครราชสีมา,14.959166,102.06,TUC,,,,,060367026665|060356042683,NKR1517|NKR1517
นครราชสีมา,14.999166,102.084721,TUC,,,,,060367026666|060357071789,NKR1519|NKR1519
นครราชสีมา,14.969443,102.106944,TUC,,,,,060367026667|060357079582,NKR1524|NKR1524
นครราชสีมา,15.001666,102.058611,TUC,,,,,060367026668|060357071790,NKR1601|NKR1601
นครราชสีมา,14.712777,102.456388,NT|TUC,,,060360187108,NKR1602,060367026669|060357067741,NKR1602|NKR1602
นครราชสีมา,15.340277,102.173332,TUC,,,,,060367026672|060357063091,NKR1607|NKR1607
นครราชสีมา,15.748888,102.259166,TUC,,,,,060367026673|060357063823,NKR1608|NKR1608
นครราชสีมา,15.623054,102.38861,NT|TUC,,,060362174314,NKR1613,060367026674|060357063821,NKR1613|NKR1613
นครราชสีมา,14.617777,102.009444,TUC,,,,,060367026675|060357068099,NKR1617|NKR1617
นครราชสีมา,15.257777,102.024999,NT|TUC,,,060359181738,NKR1622,060367026676|060357078712,NKR1622|NKR1622
นครราชสีมา,15.612222,102.126666,TUC,,,,,060367026677|060357078685,NKR1624|NKR1624
นครราชสีมา,15.420832,102.894444,TUC,,,,,060367026678|060357078881,NKR1626|NKR1626
นครราชสีมา,14.610277,101.445555,TUC,,,,,060367026681|060357068100,NKR1637|NKR1637
นครราชสีมา,14.574443,101.365277,TUC,,,,,060367026682|060359178853,NKR1638|NKR1638
นครราชสีมา,14.601666,101.341944,TUC,,,,,060367026684|060359178843,NKR1654|NKR1654
นครราชสีมา,14.673054,101.373888,NT|TUC,,,060365034061,NMA0887-L23,060365008614,NMA0887
นครราชสีมา,14.99611,102.116388,AWN|NT,060361041520|060361180411|060368173241|060361113011,871878 เซ็นทรัลพลาซ่า นครราชสีมา|871878 ศูนย์บริการ เอสไอเอส เซ็นทรัลพลาซ่า|871878 เซ็นทรัลพลาซ่า นครราชสีมา|871878 เซ็นทรัล ดีพาร์ทเมนท์สโตร์ นครราชสีมา,060364056491|060363059268|060363059269,871878_ACTPN|871878_CTNDS|871878_CTPZN,,
นครราชสีมา,14.924166,101.994999,NT|TUC,,,060364028923|060366017752,NMA0844-L23|NKR8766,060364141534|060363143451|060364141535,MHR8571|NMA0844|NKR8766
นครราชสีมา,14.986944,102.101111,AWN|NT,060359044674,870564 หน้าดิไอซิสคอนโด,060364012910,870564_FTISC,,
นครราชสีมา,14.98861,102.123888,AWN|NT,060359033020,870860เกียรตินิยมอพาร์ทเมนต์2-ซอยมหาชัย5/4,060364012917,870860_KNYMC,,
นครราชสีมา,15.020832,102.144166,AWN|NT,060363087244|060361059749,872004 โฮมการ์เด้น|872004 โฮมการ์เด้น สุรนารายณ์,060364012942,872004_HGSRI,,
ชัยภูมิ,15.571666,101.856944,AWN|NT,060359051996,877364สน.ปตท.บจ.จัตุรัสปิโตรเลียม,060364012978,877364_PCTRP,,
นครราชสีมา,14.981666,102.118332,AWN|NT,060357055412,870045 ข้างหอพักราชมงคลอีสาน 2,060364056485,870045_SRIDY,,
นครราชสีมา,14.980832,102.090555,AWN|NT,060364051220|060361155276,872193ร้านมิสเตอร์ฟิช-เมืองนคราชสีมา|872193ร้านมิสเตอร์ฟิช,060364056492,872193_MTFMN,,
นครราชสีมา,14.881943,101.899721,AWN|NT,060359059437|060367072081,878749 โรงงานแคนนอนนวนคร นครราชสีมา จุดที่2|878749 โรงงานแคนนอนนวนคร นครราชสีมา จุดที่2,060364056501,878749_CNMPM,,
นครราชสีมา,14.987777,102.111388,AWN|NT,060358078887,870858 หอพักหญิงคุณประไพ-ซอยสุรนารายณ์ซอย 3,060364012916,870858_PFDSR,,
นครราชสีมา,14.552222,101.351666,AWN|NT,060359168199,871174 มิชชั่น ฮิลล์ กอล์ฟ คลับ เขาใหญ่),060364012927,871174_MHGCK,,
นครราชสีมา,15.019721,102.13111,AWN|NT,060364028813|060361059659,872057 หมู่บ้านเทพธานี-จอหอ|872057 หมู่บ้านเทพธานี-จอหอ,060364012943,872057_TTNJH,,
นครราชสีมา,14.994166,102.103611,AWN|NT,060362058890,874018 สปา ศิราศรม-ถนนช้างเผือก,060364012950,874018_SPSCP,,
นครราชสีมา,14.976943,102.091666,AWN|NT,060359033018,870853 เทเลวิชเทพนิมิตร-ถนนสุรนารี,060364012913,870853_TLWSR,,
นครราชสีมา,15.046388,102.067221,AWN|NT,060359033019,870855 บ้านหนองยารักษ์-พุทธา,060364012914,870855_NYRPS,,
นครราชสีมา,15.006111,102.116666,AWN|NT,060358078885,870856 หอพักจักรกฤษ-บ้านขนาย,060364012915,870856_JKDKN,,
นครราชสีมา,15.013055,102.08111,AWN|NT,060359046693,871241 ช่องลม-หนองกระทุ่ม,060364012931,871241_CLNKT,,
นครราชสีมา,14.870832,101.722777,AWN|NT,060363087245|060361172769,872251 ชุมชนบ้านโนนกุ่มใต้)|872251ชุมชนบ้านโนนกุ่มใต้-สีคิ้ว,060364012946,872251_CBNKS,,
นครราชสีมา,15.6575,102.546944,AWN|NT,060362027049,872854 บ้านฝาผนัง-บัวลาย,060364012947,872854_BFPNB,,
ชัยภูมิ,16.106666,102.259444,AWN|NT,060359051997,877368 สน.ปตท.บจ.เจริญผลพลังไทย สาขา1,060364012979,877368_PCPTS,,
ชัยภูมิ,15.775554,102.027221,AWN|NT,060359121962,877454 แม็คโครชัยภูมิ,060364012980,877454_MKCYP,,
นครราชสีมา,14.983888,102.1125,AWN|NT,060359022672,871088 หอประชุมอนุสรน์ ราชภัฏโคราช,060364056488,871088_ADTRN,,
นครราชสีมา,14.979999,102.077777,AWN|NT,060360100153,871285 อาคารใหม่-เดอะมอลล์นครราชสีมา,060364056489,871285_NBTMN,,
นครราชสีมา,15.115,102.334721,AWN|NT,060360006434,871468 บ้านขามชั่งโค-โนนสูง,060364056490,871468_BKCNS,,
นครราชสีมา,15.613611,102.220554,NT|TUC,,,060364080960,NMA0845-L23,060364056679,NMA0845
นครราชสีมา,15.484444,102.653055,AWN|NT,060365096439|060359055829,871131 วังม่วง-ประทาย|871131 วังม่วง-ประทาย,060364012924,871131_WMGPT,,
นครราชสีมา,15.019999,102.137221,AWN|NT,060361041542,871877 เทสโก้โลตัส จอหอ นครราชสีมา,060364012938,871877_TLTJH,,
นครราชสีมา,14.950277,102.055277,AWN|NT,060361180377,แยกปักธงชัย),060364012939,871965_BCNYP,,
นครราชสีมา,14.956666,102.066666,AWN|NT,060363087242|060361041532,871983 สืบศิริ ซอย25|871983,060364012940,871983_SSRIN,,
นครราชสีมา,15.340555,102.15,NT|TUC,,,060363143576,NMA0685-L23,060361188302,NMA0685-U21
นครราชสีมา,15.166388,102.096666,NT,,,060363143578,NMA0704-L23,,
นครราชสีมา,14.954722,102.025554,NT|TUC,,,060363114076,NMA0619-L23,060368044701|060363087825,NKR0619|NMA0619-U21
นครราชสีมา,14.914166,102.1575,NT|TUC,,,060363114077,NMA0684-L23,060368044756|060363087826,NKR0684|NMA0684-U21
นครราชสีมา,14.681666,102.183333,NT|TUC,,,060363114078,NMA0834-L23,060368044652|060363085159,NKR0834|NMA0834
ชัยภูมิ,15.903888,102.124166,NT|TUC,,,060363112955,CPM0016-L23,060357012678,CPM0016-U21
ชัยภูมิ,15.61,101.851666,NT|TUC,,,060365024728,CYP6423,060362064186,CYP6423
นครราชสีมา,15.229443,101.537777,NT|TUC,,,060365024759,NKR5990,060362131666,NKR5990
นครราชสีมา,14.958055,102.099444,NT|TUC,,,060365024761,NKR6853,060364042378|060359009327,NKR6853|NKR6853
นครราชสีมา,14.721666,102.23111,NT|TUC,,,060363143581,NMA0782-L23,060368044673|060361157290,NKR0782|NMA0782-U21
นครราชสีมา,15.37861,101.998888,NT|TUC,,,060363143583,NMA0784-L23,060362013473,NMA0784-U21
ชัยภูมิ,16.073054,101.804444,NT|TUC,,,060363125210,CPM0191-L23,060361038954,CPM0191-U21
ชัยภูมิ,16.411111,102.380277,NT|TUC,,,060363125212,CPM0208-L23,060361108848,CPM0208-U21
นครราชสีมา,14.799166,101.903333,NT|TUC,,,060363139471,NMA0827-L23,060363102993,NMA0827
นครราชสีมา,15.057777,102.069166,NT|TUC,,,060363124648,NMA0725-L23,060361104470,NMA0725-U21
นครราชสีมา,14.508055,101.413888,NT|TUC,,,060363139459,NMA0843-L23,060368044746|060363143458,NKR0843|NMA0843
นครราชสีมา,14.52111,101.526943,NT|TUC,,,060363106631,NMA0800-L23,060362166910,NMA0800-U21
นครราชสีมา,14.689166,101.303611,AWN|NT,060361059704,871991 หนองเครือคต-กลางดง,060363122943,871991_NKDKD,,
นครราชสีมา,14.788055,101.436666,AWN|NT,060359197626,871455 บ้านซับมืด,060363122939,871455_BSBMD,,
นครราชสีมา,14.700277,102.220832,NT|TUC,,,060364062168,NMA0734-L23,060361169620,NMA0734-U21
ชัยภูมิ,16.046388,102.184721,NT|TUC,,,060363144102,CPM0233-L23,060361139578,CPM0233-U21
นครราชสีมา,14.449721,102.290833,AWN|NT|TUC,060364040656,874073บ้านโนนกุ่ม-โคกกระชาย,060363143575,NMA0629-L23,060360130720,NMA0629-U21
นครราชสีมา,15.28861,102.33861,NT|TUC,,,060363143580,NMA0747-L23,060361123110,NMA0747-U21
นครราชสีมา,15.316388,102.227777,NT|TUC,,,060363143582,NMA0783-L23,060361224861,NMA0783-U21
นครราชสีมา,15.581388,102.419443,NT|TUC,,,060363141232,NMA0667-L23,060368044675|060363120483,NKR0667|NMA0667-U21
นครราชสีมา,14.936666,102.033888,NT|TUC,,,060363141233,NMA0842-L23,060363120485,NMA0842
นครราชสีมา,14.531666,101.966111,NT|TUC,,,060363125053,NMA0791-L23,060362005259,NMA0791-U21
ชัยภูมิ,15.56861,101.827499,NT|TUC,,,060363125213,CPM0221-L23,060361188289,CPM0221-U21
นครราชสีมา,14.542777,101.405833,NT|TUC,,,060363106618,NMA0833-L23,060363077857,NMA0833
นครราชสีมา,14.921388,101.951944,AWN|NT,060361180409,871896 ศูนย์ติดต่อประสานงานฯ เอ ไอ เอส นครราชสีมา,060363120303,871896_ACCTN,,
ชัยภูมิ,15.754444,101.794444,AWN|NT,060360020710,877592 วัดเขาตาเงาะอุดมพรฯ,060363120310,877592_WKTNB,,
นครราชสีมา,15.001388,102.501388,AWN|NT,060361172765|060365061816,872194 บ้านหินโคน-จักราช|872194 บ้านหินโคน-จักราช,060363120304,872194_BHKCR,,
นครราชสีมา,15.129166,101.559444,AWN|NT,060359059098,870066 โรงงานแป้งมันเชาวน์ดี ด่านขุนทด,060363120296,870066_CDTFY,,
นครราชสีมา,14.859722,101.691388,AWN|NT,060361041531,870542,060363120297,870542_PKRSK,,
นครราชสีมา,15.337777,102.529166,AWN|NT,060359033013,870813 บ้านชีวาน-ตำบลชีวาน,060363120298,870813_BSWSW,,
นครราชสีมา,15.289166,102.504166,AWN|NT,060360006440,871485 บ้านซาด-ชีวาน,060363120302,871485_BCTCW,,
ชัยภูมิ,16.404166,102.071943,AWN|NT,060365087670|060359139185,877560หนองแซงใหญ่-ภูเขียว|877560หนองแซงใหญ่-ภูเขียว,060363120309,877560_NSYPK,,
ชัยภูมิ,15.777221,101.755,AWN|NT,060360020715,877598 บ้านหนองจาน-หนองบัวระเหว,060363120311,877598_BNJNB,,
นครราชสีมา,14.669443,101.401666,NT|TUC,,,060363127919,NMA0837-L23,060368044759|060363103031,NKR0837|NMA0837
นครราชสีมา,14.42861,101.865833,NT|TUC,,,060363124676,NMA0825-L23,060363103022,NMA0825
นครราชสีมา,14.669166,102.077777,NT|TUC,,,060363125052,NMA0773-L23,060362077139,NMA0773-U21
นครราชสีมา,14.87611,101.573054,NT|TUC,,,060363141231,NMA0637-L23,060368044740|060363120482,NMA0637|NMA0637
ชัยภูมิ,16.228888,102.195833,NT|TUC,,,060363128776,CPM0241-L23,060363086289,CPM0241
นครราชสีมา,14.976943,102.080277,NT|TUC,,,060363119514,NMA0835-L23,060363077846,NMA0835
นครราชสีมา,15.199444,102.306944,AWN|NT|TUC,060360239640,871373 โนนแร้ง-หลุมข้าว,060363125047,NMA0376-L23,060358035506,NMA0376-U21
นครราชสีมา,14.71861,102.116111,AWN|NT|TUC,060359104929,871070 บ้านกอก-พลับพลา,060363125048,NMA0476-L23,060360238112,NMA0476-U21
นครราชสีมา,14.727221,102.058333,NT,,,060363125049,NMA0633-L23,,
นครราชสีมา,15.111388,102.185277,NT|TUC,,,060363125050,NMA0765-L23,060361188239,NMA0765-U21
นครราชสีมา,14.669166,102.144999,NT|TUC,,,060363125051,NMA0766-L23,060361191555,NMA0766-U21
ชัยภูมิ,16.430277,102.274443,AWN|NT|TUC,060356023370|060365061833,877085 สามสวน|877085 สามสวน,060363132114|060360205574,CPM0215-L23|877085_SMSUM,060362166834,CPM0215-U21
นครราชสีมา,15.129166,102.303055,NT|TUC,,,060363132212,NMA0639-L23,060360218801,NKR8729
นครราชสีมา,14.97611,102.07361,NT|TUC,,,060363120531,NMA0838-L23,060363102781|060368163896,NMA0838|NKR0838
นครราชสีมา,14.789721,101.525277,NT|TUC,,,060363132156,NMA0665-L23,060362166299,NMA0665-U21
นครราชสีมา,14.980277,102.101388,AWN|NT,060357009795,870013ซอยหลังโรงเรียนสุรนารี,060363100988,870013_SLSRN,,
นครราชสีมา,14.514722,101.463611,AWN|NT,060363087194|060359052069,870092 ชาเล่ต์ฮิลล์ รีสอร์ท เขาใหญ่)|870092 ชาเล่ต์ฮิลล์ รีสอร์ท เขาใหญ่),060363100993,870092_CLHKY,,
นครราชสีมา,14.655,101.346944,AWN|NT,060358006565,870254 สเต็กเฮาส์ฟาร์มโชคชัย,060363101002,870254_STHFC,,
ชัยภูมิ,15.809166,102.029443,AWN|NT,060363087288|060356049970,877111 โรงแรมรัตนศิริ|877111 โรงแรมรัตนศิริ,060363059561,877111_RTNSM,,
นครราชสีมา,15.022777,101.948055,NT|TUC,,,060363057896,NMA0736-L23,060361169622,NMA0736-U21
นครราชสีมา,15.061666,102.233888,NT|TUC,,,060363013140,NMA0769-L23,060361157199,NMA0769-U21
นครราชสีมา,14.934166,102.514444,NT|TUC,,,060363038409,NKR5855,060362186320,NKR5855
นครราชสีมา,14.39611,102.468054,NT|TUC,,,060363038410,NKR5856,060362186321,NKR5856
นครราชสีมา,15.144444,101.892777,NT|TUC,,,060363038411,NKR5859,060362186322,NKR5859
นครราชสีมา,14.389444,102.467499,NT|TUC,,,060363038425,NKR5970,060362211337,NKR5970
นครราชสีมา,15.577499,102.698055,NT|TUC,,,060363038426,NKR5977,060362186327,NKR5977
นครราชสีมา,14.512222,102.224166,NT|TUC,,,060363038428,NKRA096,060362186364,NKRA096
นครราชสีมา,15.205277,102.33361,NT|TUC,,,060363013139,NMA0726-L23,060368044547|060361177683,NMA0726|NMA0726-U21
นครราชสีมา,14.43861,101.384721,NT|TUC,,,060363048324,NYK0035-L23,060363015012,NYK0035
นครราชสีมา,14.97361,102.096944,NT,,,060363038660,NMA0333-L23,,
ชัยภูมิ,15.684999,101.861111,NT|TUC,,,060362174303,CYP1909,060364042214|060357055782,CYP1909|CYP1909
ชัยภูมิ,16.144999,102.235555,NT|TUC,,,060362174305,CYP8561,060360211731,CYP8561
ชัยภูมิ,15.816666,102.044999,NT|TUC,,,060362241478,RM-CPM0001/D-L23,060361043416,RM-CPM0001/D-U21
นครราชสีมา,15.064166,102.182221,NT|TUC,,,060362167108,NMA0683-L23,060362166274,NMA0683-U21
ชัยภูมิ,16.383888,102.313888,NT|TUC,,,060362167140,CPM0192-L23,060361169590,CPM0192-U21
นครราชสีมา,14.885833,102.011111,NT|TUC,,,060362241499,RM-NMA0674/D-L23,060361043409,RM-NMA0674/D-U21
นครราชสีมา,14.88361,102.010833,NT|TUC,,,060362241500,RM-NMA0674/E-L23,060361043410,RM-NMA0674/E-U21
นครราชสีมา,14.889444,102.004166,NT|TUC,,,060362241501,RM-NMA0674/F-L23,060361043411,RM-NMA0674/F-U21
นครราชสีมา,14.875832,102.023332,NT|TUC,,,060362241502,RM-NMA0676/D-L23,060361043413,RM-NMA0676/D-U21
นครราชสีมา,14.665277,102.153333,AWN|NT,060357013057|060367092105,บึงพระ)|บึงพระ),060363059839,878847_TLKCB,,
นครราชสีมา,14.881943,101.854722,AWN|NT,060357055336,878850ฉัตรมงคลอพาร์ตเมนท์อาคาร2,060363059841,878850_CMAPB,,
นครราชสีมา,14.963611,102.266666,NT|TUC,,,060363057847,NMA0749-L23,060361118133,NMA0749-U21
นครราชสีมา,14.873888,101.671666,NT|TUC,,,060363057849,NMA0781-L23,060361169623,NMA0781-U21
นครราชสีมา,15.14861,102.217499,NT|TUC,,,060362174315,NKR1907,060358041281,NKR1907
ชัยภูมิ,15.813055,102.033333,NT|TUC,,,060362241479|060361183972,RM-CPM0023/E-L23|CPM0023-L23,060361039041,RM-CPM0023/E-U21
ชัยภูมิ,16.114166,102.260833,NT|TUC,,,060362174301,CYP1607,060357078733|060364042211|060360211853,CYP1607|CYP1607|CYP1607
นครราชสีมา,14.895555,102.012777,NT|TUC,,,060362241496,RM-NMA0671/D-L23,060361043403,RM-NMA0671/D-U21
นครราชสีมา,14.88861,102.007777,NT|TUC,,,060362241498,RM-NMA0674/C-L23,060361043408,RM-NMA0674/C-U21
นครราชสีมา,14.987221,102.049166,NT|TUC,,,060362241562,NMA0615-L23,060361079003,NKR7697
ชัยภูมิ,16.484721,102.126666,NT|TUC,,,060362167275|060368039631,CPM0181-L23|CYP8524,060358041593|060364042225,CYP8524|CYP8524
นครราชสีมา,14.901388,101.720277,NT|TUC,,,060362167144,NMA0648-L23,060361108706,NMA0648-U21
นครราชสีมา,14.832221,102.220277,NT|TUC,,,060362167145,NMA0702-L23,060361153691,NMA0702-U21
ชัยภูมิ,16.631943,101.924999,NT|TUC,,,060362174300,CYP1046,060357067942,CYP1046
ชัยภูมิ,16.411111,102.033054,NT|TUC,,,060362174302,CYP1902,060357067872|060364042213,CYP1902|CYP1902
นครราชสีมา,15.016666,101.996944,NT|TUC,,,060362174316,NKR1918,060357078722|060367026688,NKR1918|NKR1918
นครราชสีมา,14.890277,102.006666,NT|TUC,,,060362241497,RM-NMA0674/B-L23,060361043407,RM-NMA0674/B-U21
ชัยภูมิ,16.141388,102.289166,NT|TUC,,,060362180375,CYP7139,060360046793,CYP7139
ชัยภูมิ,15.506111,101.739444,NT|TUC,,,060362180377,CYP7142,060360113888,CYP7142
ชัยภูมิ,15.795277,102.021666,NT|TUC,,,060362180384,CYP8504,060364042222|060360048292,CYP8504|CYP8504
นครราชสีมา,14.897221,102.010833,NT|TUC,,,060362231224,NMA0672-L23,060361043404,NMA0672-U21
ชัยภูมิ,16.035555,102.29861,NT|TUC,,,060362180371,CYP7123,060360048382,CYP7123
ชัยภูมิ,16.239166,102.293055,NT|TUC,,,060362180373,CYP7128,060360113885,CYP7128
ชัยภูมิ,15.96,102.27861,NT|TUC,,,060362180388,CYP8557,060360211893,CYP8557
ชัยภูมิ,15.677499,101.976388,NT|TUC,,,060362180389,CYP8565,060360211733,CYP8565
ชัยภูมิ,16.375277,102.176943,NT|TUC,,,060362180390,CYP8567,060360048295,CYP8567
นครราชสีมา,14.730554,101.543888,NT|TUC,,,060363038414,NKR5910,060362186323,NKR5910
นครราชสีมา,15.694444,102.202777,NT|TUC,,,060363038421,NKR5949,060362186325,NKR5949
นครราชสีมา,14.680832,102.084166,NT|TUC,,,060362230826,SSK7116,060360022650,SSK7116
ชัยภูมิ,15.561111,101.844999,NT|TUC,,,060362167141,CPM0216-L23,060362027146,CPM0216-U21
ชัยภูมิ,16.079999,102.222221,NT|TUC,,,060362180374,CYP7138,060360048384,CYP7138
ชัยภูมิ,15.823054,101.977777,NT|TUC,,,060362180376,CYP7140,060360113886,CYP7140
ชัยภูมิ,15.851388,102.067221,NT|TUC,,,060362180385,CYP8517,060358041589|060367048707,CYP8517|CYP8517
นครราชสีมา,15.494444,102.410555,NT|TUC,,,060362180588,NKR8679,060360217933,NKR8679
นครราชสีมา,14.714166,102.021943,AWN|NT,060356011903,878540 เทสโก้ โลตัส ปักธงชัย,060362226956,878540_TCPTP,,
ชัยภูมิ,15.751944,102.026943,AWN|NT|TUC,060365087656|060356011592,877119 ห้วยหลัว|877119 ห้วยหลัว,060362226926,877119_HLUAM,060366059429,CYP7152
ชัยภูมิ,15.814722,102.023888,AWN|NT,060363087290|060356012012,877141 บ้านโนนสาทร|877141 บ้านโนนสาทร,060362226928,877141_NATHM,,
นครราชสีมา,15.0025,102.233333,AWN|NT,060356001591,878316 บ้านพระพุทธ,060362226944,878316_BPRPM,,
นครราชสีมา,14.8625,102.055277,NT|TUC,,,060362060641,NMA0779-L23,060361224860,NMA0779-U21
ชัยภูมิ,15.840277,102.022499,NT|TUC,,,060362060698,CPM0209-L23,060361114733,CPM0209-U21
นครราชสีมา,15.060833,102.124166,NT|TUC,,,060362060716,NMA0711-L23,060368044674|060361093333,NKR0711|NMA0711-U21
นครราชสีมา,14.674166,101.97361,NT,,,060361222523,NMA0332-L23,,
นครราชสีมา,14.712777,101.590555,NT,,,060361186647,NMA0226-L23,,
นครราชสีมา,14.966388,102.159166,NT|TUC,,,060361114581,NMA0666-L23,060361011656,NMA0666-U21
นครราชสีมา,14.943055,102.199721,NT|TUC,,,060361114582,NMA0686-L23,060361108594,NMA0686-U21
นครราชสีมา,14.969166,102.101944,NT,,,060361114634,NMA0100-L23,,
นครราชสีมา,14.936666,102.02111,NT|TUC,,,060361150169,NMA0522-L23,060360267113,NMA0522-U21
นครราชสีมา,14.94861,102.044166,NT|TUC,,,060361150170,NMA0526-L23,060360219026,NKR8685
นครราชสีมา,14.96861,102.04361,NT|TUC,,,060361150172,NMA0552-L23,060360100623,NMA0552-U21
นครราชสีมา,14.955833,102.118332,NT|TUC,,,060361150167,NMA0437-L23,060359040930,NMA0437-U21
ชัยภูมิ,15.804166,102.039166,NT|TUC,,,060361157167|060368039624,CPM0148-L23|CYP8502,060362196603|060360218647,CPM0148-U21|CYP8502
นครราชสีมา,14.984444,102.099166,AWN|NT,060357055410,870033 วิทยาลัยอาชีวะนครราชสีมา-หอประชุม,060361127396,870033_AWHPC,,
นครราชสีมา,14.989721,102.094166,AWN|NT,060357055414,870079 ข้างชานชาลา 45 บ.ข.ส.ใหม่นครราชสีมา,060361127405,870079_SCLNB,,
นครราชสีมา,14.499166,101.566943,AWN|NT,060357084193,870225 โปร่งไทร-ปากช่อง,060361127412,870225_PSPCG,,
นครราชสีมา,15.605277,102.406111,AWN|NT,060357069063,870125 ตงฮั่ว-บัวใหญ่),060361127408,870125_TGHBY,,
นครราชสีมา,14.990833,102.117777,AWN|NT,060363087198|060357069065,870131 ปานทอง แมนชั่น|870131 ปานทอง แมนชั่น,060361127410,870131_PTGMS,,
นครราชสีมา,14.981666,102.1,AWN|NT,060357055411,870034 วิทยาลัยอาชีวะนครราชสีมา-หอพักอาจารย์,060361127397,870034_ACHPA,,
นครราชสีมา,14.931666,102.1575,AWN|NT,060357084209,870278,060361127413,870278_JJLNB,,
นครราชสีมา,15.254166,102.046388,AWN|NT|TUC,060365050978|060359032894,870600 บ้านใหม่-โนนไทย|870600 บ้านใหม่-โนนไทย,060361127420,870600_BMNNT,060362166855,NMA0744-U21
นครราชสีมา,15.439999,102.326666,NT,,,060361127447,871118_MKNMA,,
นครราชสีมา,15.035833,102.134444,AWN|NT,060357039322,870050 ซอยรัตนธิพาน 1,060361127400,870050_SRTPN,,
นครราชสีมา,14.895833,101.770832,AWN|NT,060358008852,870341 โคกสะอาด สีคิ้ว,060361127416,870341_KSASK,,
นครราชสีมา,15.102777,101.846944,AWN|NT,060365061806|060359000057,870596 หนองบง-ด่านขุนทด|870596 หนองบง-ด่านขุนทด,060361127418,870596_NBGDK,,
นครราชสีมา,15.156111,101.485277,AWN|NT,060358058038,870653 บ้านน้อย-ห้วยบง,060361127433,870653_BNHBG,,
นครราชสีมา,14.980554,101.977499,NT|TUC,,,060361139478|060368039528,NMA0578-L23|NKR8707,060360217934|060360238038,NKR8707|NMA0578-U21
นครราชสีมา,14.888055,101.685555,NT|TUC,,,060361139479,NMA0638-L23,060360238039,NMA0638-U21
นครราชสีมา,14.763611,102.166111,NT|TUC,,,060361139480,NMA0640-L23,060360237981,NMA0640-U21
นครราชสีมา,15.035833,102.13361,NT,,,060361139475,NMA0559-L23,,
นครราชสีมา,14.724999,102.162777,NT|TUC,,,060361139481,NMA0642-L23,060360256746,NMA0642-U21
ชัยภูมิ,16.090833,101.778054,AWN|NT,060357032035|060365061585,877110 บ้านหลวงศิริ|877110 บ้านหลวงศิริ,060361127643,877110_BLSRM,,
ชัยภูมิ,15.787499,101.471388,AWN|NT,060359015442|060367000161,877437 สะพานยาว-เทพสถิต|877437 สะพานยาว-เทพสถิต,060361127693,877437_SPYTS,,
นครราชสีมา,14.963333,102.115555,NT,,,060361114235,NMA0041-L23,,
นครราชสีมา,14.879443,101.861111,NT,,,060361114242,NMA0069-L23,,
ชัยภูมิ,16.04611,102.156111,AWN|NT,060364023294|060356033930,877081วัดศรีสวัสดิ์บรรพต|877081 วัดศรีสวัสดิ์บรรพต,060361127640,877081_WSWBM,,
ชัยภูมิ,15.960277,102.179166,AWN|NT|TUC,060356033932,877129 บ้านซับทอง,060361127653,877129_SUPTM,060362166520,CPM0135-U21
นครราชสีมา,15.463611,101.98611,AWN|NT,060357055208|060367012540,877134 บ้านหนองตอ|877134 บ้านหนองตอ,060361127657,877134_NTORM,,
นครราชสีมา,14.886388,101.824166,NT,,,060361113993,NMA0006-L23,,
นครราชสีมา,14.995833,102.224999,NT,,,060361113995,NMA0012-L23,,
นครราชสีมา,14.93861,102.051111,NT,,,060361114000,NMA0116-L23,,
นครราชสีมา,14.886388,102.057222,NT,,,060361114002,NMA0118-L23,,
นครราชสีมา,14.99361,102.410833,AWN|NT,060358078805,870811 ตาเงิน-จักราช,060361105101,870811_TNGCR,,
นครราชสีมา,14.760555,102.292221,AWN|NT,060365061601|060356056651,878127 หนองหัวแรด|878127 หนองหัวแรด,060361105108,878127_NHRDM,,
นครราชสีมา,14.631388,101.342221,NT,,,060361118497,NMA0228-L23,,
นครราชสีมา,14.651944,101.302777,NT,,,060361118498,NMA0305-L23,,
นครราชสีมา,14.942777,102.009444,NT,,,060361118500,NMA0353-L23,,
ชัยภูมิ,15.813055,102.037777,AWN|NT,060366077532|060357039330,877222 หินตั้งโพนงาม|877222 หินตั้งโพนงาม,060361144484,877222_HTPNG,,
นครราชสีมา,14.951944,102.048888,NT,,,060361122904|060360051900,SKA6561|NKR6540,,
นครราชสีมา,14.993055,102.065833,NT,,,060361122905,NKR6582,,
นครราชสีมา,14.811111,102.055833,AWN|NT,060365079511|060356024050,878402 อ่างหิน|878402 อ่างหิน,060360205104,878402_ANGHM,,
นครราชสีมา,14.989444,102.118888,NT,,,060360205120,878699_FWCNM,,
นครราชสีมา,14.994721,102.110555,AWN|NT,060356046381,878730,060360205122,878730_BKTCA,,
นครราชสีมา,14.944444,102.106388,AWN|NT,060357069068,878772 ตลาดหนองปรือ,060360205127,878772_TLDPM,,
นครราชสีมา,14.954722,102.033054,AWN|NT,060357045839,878845 หน้าโรงเรียนราชสีมาวิทยาลัย,060360205138,878845_IFRCM,,
นครราชสีมา,14.530277,102.155277,NT,,,060360205147,878961_GSRNU,,
นครราชสีมา,15.021666,102.129999,NT|TUC,,,060360193483,870016_KTYSK,060362166901,NMA0801-U21
นครราชสีมา,14.973332,102.11,AWN|NT,060359032887,870074 โรงพยาบาล ป.แพทย์ 2,060360193485,870074_PPHTL,,
นครราชสีมา,15.1125,102.101944,AWN|NT,060358008854|060366077522,870345ลำเชิงไกร-โคกสูง|870345 ลำเชิงไกร-โคกสูง,060360193492,870345_LCKSG,,
นครราชสีมา,15.086944,102.180554,AWN|NT|TUC,060358046792,870413 รุ่งธนาแลนด์,060360193494|060363128718,870413_RGTNL|NMA0708-L23,060362166752,NMA0708-U21
นครราชสีมา,14.712222,101.454722,AWN|NT,060363087219|060358058059,870741 วัดโคกสง่า-ปากช่อง 2|870741 วัดโคกสง่า-ปากช่อง 2,060360193499,870741_WKSNG,,
นครราชสีมา,14.981388,102.072499,AWN|NT,060357011089|060363131312,นครราชสีมา)|นครราชสีมา,060360205081,878253_BPITP,,
นครราชสีมา,14.883333,101.668888,AWN|NT,060365055939|060357045833,878808 หนองน้ำขุ่น-สีคิ้ว|878808 หนองน้ำขุ่น-สีคิ้ว,060360205132,878808_NKUSK,,
นครราชสีมา,14.956388,102.043888,AWN|NT,060357045835,878810 ตลาดสดเซฟวัน,060360205133,878810_TLSSO,,
นครราชสีมา,14.970277,102.063888,AWN|NT,060356033938|060363131311,878140 พิโคเซลล์ สีมาธานี|878140 พิโคเซลล์ สีมาธานี,060360205148|060363059785,878967_PKLBM|878140_PSTNP,,
นครราชสีมา,15.274166,101.904166,NT,,,060360193495,870429_KNDKT,,
นครราชสีมา,14.863055,102.051111,AWN|NT,060358037193,870438 หนองปลิง-ไชยมงคล,060360193496,870438_NPCMK,,
นครราชสีมา,15.124166,101.531388,AWN|NT,060358058039|060367096557,870654 บ้านโปร่ง-ห้วยบง|870654 บ้านโปร่ง-ห้วยบง,060360193497,870654_BPGHB,,
นครราชสีมา,15.003888,102.072221,AWN|NT,060363087216|060358058053,870727|870727 ประปาบ้านต่างตา,060360193498,870727_PPBTT,,
นครราชสีมา,15.741666,102.269721,AWN|NT,060365061609|060356019965,878219 แก้งสนามนาง|878219 แก้งสนามนาง,060360205580,878219_KASNM,,
นครราชสีมา,14.67361,102.389999,AWN|NT,060356033947|060365061625,878412 บ้านหนองตะไก้)|878412,060360205607,878412_NGTKM,,
นครราชสีมา,15.308333,102.553333,AWN|NT,060365115468|060356016949,878448 บ้านโนนม่วง|878448 บ้านโนนม่วง,060360205608,878448_NNMUM,,
นครราชสีมา,15.182221,102.267777,AWN|NT,060356028985,878722โนนหมัน-โนนสูง,060360205611,878722_NOMSM,,
นครราชสีมา,15.358611,101.696388,AWN|NT,060365087682|060356016918,878190 บ้านหนองกราด|878190 บ้านหนองกราด,060360205579,878190_BKRTM,,
นครราชสีมา,15.634721,102.688055,NT|TUC,,,060360247354,NKR6701,060357068935,NKR6701
ชัยภูมิ,15.590277,101.458333,NT|TUC,,,060360247448,CYP6732,060360217995,CYP6732
นครราชสีมา,15.629166,102.388055,AWN|NT,060356016916|060365061607,878177 บ้านนานิคม|878177 บ้านนานิคม,060360205077,878177_BNIOM,,
นครราชสีมา,14.969999,102.107222,AWN|NT,060357045809,878084 ประตู ชัยณรงค์,060360205065,878084_PCNRM,,
นครราชสีมา,15.577221,102.43861,NT,,,060360187106,NKR0037,,
นครราชสีมา,15.252222,101.865833,NT,,,060360187115,NKR1989,,
นครราชสีมา,15.218888,101.718054,NT|TUC,,,060360187117,NKR1993,060360132616,NKR1993
นครราชสีมา,15.365833,102.632499,AWN|NT,060356028976|060366077534,878319 บ้านศาลา|878319 บ้านศาลา,060360120867,878319_BASLM,,
นครราชสีมา,14.893055,101.917221,AWN|NT,060357045836,878816 บ้านนากลาง-สูงเนิน,060360120901,878816_NKSUN,,
นครราชสีมา,14.969721,102.058611,AWN|NT,060357069071,878830 วัดหลักร้อย,060360120903,878830_WLROI,,
นครราชสีมา,14.826943,102.5125,AWN|NT,060357021174|060365061621,878331 คลองเมือง|878331,060360120871,878331_KLOMM,,
นครราชสีมา,15.442221,102.465277,AWN|NT,060365087713|060356016963,878512โคกหนองแวง โนนแดง|878512 โคกหนองแวง โนนแดง,060360120889,878512_KNWDM,,
นครราชสีมา,15.14361,101.836666,AWN|NT,060356001599|060365061626,878432 บ้านระเริงพิมาน|878432 บ้านระเริงพิมาน,060360118876,878432_BRPMM,,
นครราชสีมา,15.195555,102.069166,AWN|NT,060356028984,878721หน้าเทศบาล-โนนไทย,060360118890,878721_TSNTM,,
นครราชสีมา,15.107777,102.29111,AWN|NT,060357045818,878724 แยกโนนสูง,060360118891,878724_YNSGM,,
นครราชสีมา,15.005555,102.101944,AWN|NT,060356046380,878727 ขุนพล ประโดก,060360118892,878727_KPDKA,,
นครราชสีมา,14.929721,101.963333,AWN|NT,060363087200|060357084205,870246|870246หมู่บ้านสุขใจ-โคกกรวด,060360119400,870246_MBSJK,,
นครราชสีมา,14.96861,102.049166,NT,,,060356034536,NMA_017,,
นครราชสีมา,15.349721,102.741388,NT,,,060356034537,NMA_037,,
นครราชสีมา,14.855277,102.191666,NT,,,060356034538,NMA_014,,
ชัยภูมิ,16.409444,102.354166,NT,,,060357012368,CPM003,,
ชัยภูมิ,16.282221,101.954166,NT,,,060357012369,CPM004,,
ชัยภูมิ,15.933333,102.280832,NT,,,060357012370,CPM005,,
ชัยภูมิ,16.108611,102.260277,NT,,,060357012371|060367122175,CPM007|TOT0052,,
นครราชสีมา,14.9663681741652,102.64824801517,NT*,,,030343004934|030344000966|030349001590,||ชุมสายห้วยแถลง,,
นครราชสีมา,14.8642780882935,101.839923174922,NT*,,,030352004539|030345008068|030347006171,NMA023/โรงงานซีเกท||,,
นครราชสีมา,14.9072356781979,101.706129349648,NT*,,,030352004540|030343005192|030352004538|030345008069|030347006253|030349001592,NMA017/สค.นครราชสีมา||NMA018/สีคิ้ว|||ชุมสายสีคิ้ว,,
นครราชสีมา,14.8925301622131,101.972916681622,NT*,,,030352004541|030350001469,NMA043/วัดใหม่บ้านดอน|วัดใหม่บ้านดอน,,
นครราชสีมา,14.6064515169189,102.130622758716,NT*,,,030345008072|030347006902|030349001591|030347003396,||ชุมสายครบุรี|,,
นครราชสีมา,15.3533952032322,102.19254657537,NT*,,,030345008073|030352004545|030350001462|030342004267|030347007153,|NMA034/ขามสะแกแสง|ขามสะแกแสง||,,
นครราชสีมา,15.6164646642572,102.112384895549,NT*,,,030345008074|030350001465|030352004480|030349001600,|บ้านเหลื่อม|NMA038/บ้านเหลี่อม|ชุมสายบ้านเลื่อม,,
นครราชสีมา,15.2129411357649,102.056021342538,NT*,,,030343004936|030341001979|030347007196,||,,
นครราชสีมา,15.0789584831644,102.27087226719,NT*,,,030352004536|030351002738,NMA007/โนนสูง|NMA007,,
นครราชสีมา,15.4512624426966,102.333432757423,NT*,,,030352004543|030350001481|030349001589,NMA063/คง ในเมือง|ในเมือง)|ชุมสายคง,,
นครราชสีมา,14.9801603895826,102.330789867824,NT*,,,030352004537|030350001464,NMA036/เฉลิมพระเกียรติ|เฉลิมพระเกียรติ,,
นครราชสีมา,15.3218327371458,101.958046650443,NT*,,,030352004544|030350001457|030347006029,NMA029/ก.พระทองคำ|ก.พระทองคำ|,,
นครราชสีมา,14.9760988867533,102.163759995793,NT*,,,030352004546|030351002739,NMA048/โคราช-บ้านพระพุทธ|NMA048,,
ชัยภูมิ,15.5430203461976,101.871354236919,NT*,,,030345008011,,,
ชัยภูมิ,16.1793925419377,102.319561915765,NT*,,,030345008013,,,
นครราชสีมา,14.4283277304478,102.428548826965,NT*,,,030345008070|030350001467|030342004262,|เสิงสาง|,,
ชัยภูมิ,15.7820907998289,102.146352680665,NT*,,,030350001387|030352003483,กุดตุ้ม|CPM019/กุดตุ้ม,,
ชัยภูมิ,15.8514216068513,102.107194693034,NT*,,,030350001389|030352003482,วิทยาลัยเกษตร|CPM021/วิทยาลัยเกษตร,,
นครราชสีมา,15.2896389165509,101.568577908869,NT*,,,030350001455|030352004479,ก.เทพารักษ์|NMA027/บ้านเทพารักษ์,,
ชัยภูมิ,15.7477984863183,101.895506582535,NT*,,,030345007964|030350001384|030352004481,|บ้านเขว้า|CPM014/บ้านเขว้า,,
ชัยภูมิ,16.6096412837929,101.924507890866,NT*,,,030345007966|030349001605,|ชุมสายคอนสาร,,
นครราชสีมา,14.9731172100929,101.959401845117,NT*,,,030343004723|030350001461|030352003501,นครราชสีมา|ขามทะเลสอ|NMA033/ขามทะเลสอ,,
ชัยภูมิ,15.545706763139,102.026770453684,NT*,,,030350001383,เนินสง่า,,
ชัยภูมิ,15.5671211667024,101.664735211873,NT*,,,030350001385|030352004478,ก.ซับใหญ่)|CPM016/ก.ซับใหญ่),,
ชัยภูมิ,15.385833,101.413055,NT,,,060357080330,CYP6738,,
ชัยภูมิ,15.500277,101.503888,NT|TUC,,,060357080332,CYP6736,060360218108,CYP6736
นครราชสีมา,14.367221,102.435833,NT|TUC,,,060357080346,NKR6855,060360034174,NKR6855
นครราชสีมา,14.741944,101.945277,NT|TUC,,,060357067438,NKR6860,060360211965,NKR6860
นครราชสีมา,14.920277,102.042221,NT|TUC,,,060357080224,NKR6745,060357068952,NKR6745
ชัยภูมิ,15.91861,101.721666,NT|TUC,,,060357080328,CYP6759,060360217996,CYP6759
นครราชสีมา,14.98111,102.110555,NT,,,060357067470,NKR6937,,
ชัยภูมิ,15.638888,101.621388,NT|TUC,,,060357080436,CYP6777,060360218109,CYP6777
นครราชสีมา,14.880832,101.827221,NT,,,060357058783,NMA_013,,
นครราชสีมา,14.508888,102.164444,NT,,,060357067518,NKR6780,,
นครราชสีมา,14.9649491061614,102.13683619275,NT*,,,030344000951,,,
นครราชสีมา,15.1886508736133,101.774911955335,NT*,,,030342004259|030344002532|030351003070|030349001593,||NMA005|ชุมสายด่านขุนทด,,
นครราชสีมา,15.6033056983939,102.437588748161,NT*,,,030342004261|030347006286|030347006287|030347006281,|||,,
นครราชสีมา,15.2056704228621,102.488523370995,NT*,,,030343004937|030344002111|030347006311|030347005614|030341001980,||||,,
นครราชสีมา,15.6597493040401,102.490785670216,NT*,,,030344002531|030350001456|030352003497|030347006285,|ก.บัวลาย|NMA028/ก.บัวลาย|,,
ชัยภูมิ,15.4238005294546,101.430374472639,NT*,,,030344004160|030351003009,|CPM006,,
ชัยภูมิ,16.2827690849396,101.900295946927,NT*,,,030344002511,,,
ชัยภูมิ,16.0542880953598,102.073254529894,NT*,,,030345008187,,,
นครราชสีมา,15.2549913286429,102.821186771818,NT*,,,030345008230,,,
นครราชสีมา,14.8428122384664,102.079047363413,NT*,,,030342004348|030350001478|030347006918,|สวนสัตว์โคราช|,,
นครราชสีมา,15.4096427200152,102.535565107316,NT*,,,030342004266|030347006310|030351003059,||NMA037,,
ชัยภูมิ,15.9374380272942,102.104715796885,NT*,,,030352004331,CPM003,,
ชัยภูมิ,15.659722,101.508333,NT,,,060355000021,,,
ชัยภูมิ,15.710555,101.475277,NT,,,060355000023,,,
ชัยภูมิ,15.697777,101.594166,NT,,,060355000025,,,
ชัยภูมิ,15.76861,101.525277,NT,,,060355000030,,,
ชัยภูมิ,15.785555,101.512777,NT,,,060355000032,,,
ชัยภูมิ,16.197221,101.596666,NT,,,060355000034,,,
ชัยภูมิ,16.2525,101.488333,NT,,,060355000035,,,
ชัยภูมิ,15.829443,101.513611,NT,,,060355000036,,,
ชัยภูมิ,15.829166,101.512777,NT,,,060355000037,,,
นครราชสีมา,14.881943,101.861944,NT,,,060357079834,NKR6941,,
นครราชสีมา,15.22111,102.487777,NT,,,060357012398,NMA_093,,
นครราชสีมา,14.739166,102.165277,NT,,,060356034532,NMA_021,,
ชัยภูมิ,15.443888,101.688333,NT,,,060357012366,CPM001,,
ชัยภูมิ,16.614722,101.918332,NT,,,060357012373,CPM009,,
ชัยภูมิ,15.750555,101.760833,NT,,,060357012375,CPM011,,
นครราชสีมา,14.938055,101.99361,NT,,,060356034530,NMA_008,,
นครราชสีมา,14.522221,102.248888,NT,,,060356034531,NMA_018,,
ชัยภูมิ,16.378332,102.129166,NT,,,060357012376,CPM012,,
ชัยภูมิ,15.39111,101.450277,NT,,,060357012377,CPM013,,
ชัยภูมิ,15.77861,101.906388,NT,,,060357012378,CPM027,,
นครราชสีมา,14.954166,102.04361,NT,,,060356034533,NMA_032,,
นครราชสีมา,15.560833,102.551111,NT,,,060356034535,NMA_022,,
ชัยภูมิ,15.562222,101.845833,NT,,,060357012367,CPM002,,
ชัยภูมิ,15.811111,102.032777,NT,,,060357012372,CPM008,,
ชัยภูมิ,16.082777,101.804166,NT,,,060357012374,CPM010,,
ชัยภูมิ,16.1336884404229,102.274475272765,NT*,,,030350001390,แก้งคร้อ,,
นครราชสีมา,15.4123775070093,102.888177020946,AWN*|NT*,060365087676,878155 เมืองยาง,030350001458|030345008234|030347006135|030352004473|030347006014|030347006126|030347006128|030347006039,ก.เมืองยาง|||NMA030/ก.เมืองยาง||||,,
นครราชสีมา,15.7276231521848,102.277523976365,NT*,,,030350001460|030347006272|030347006292|030352004495|030347006086|030347006090,แก้งสนามนาง|||NMA032/แก้งสนามนาง||,,
นครราชสีมา,14.6504365403162,101.282217679424,NT*,,,030350001473|030350001472|030349001597,โชคชัยสเต็กเฮาส์|บ้านกลางดง|ชุมสายกลางดง,,
นครราชสีมา,14.6060254696822,101.368726124567,NT*,,,030350001475,แดรี่ฟาร์ม,,
นครราชสีมา,14.9035922036426,102.154839501083,NT*,,,030350001476|030352003502,นิคมอุตสาหกรรมสุรนารี|NMA054/นิคมอุตสาหกรรมสุรนารี,,
ชัยภูมิ,16.2321547104073,101.781518399562,NT*,,,030345008012|030349001607,|ชุมสายหนองบัวแดง,,
นครราชสีมา,14.7638611906443,102.171885078659,NT*,,,030345008071|030349001757,|ชุมสายโชคชัย,,
ชัยภูมิ,16.4053646172286,102.348707744998,NT*,,,030350001386|030352004491,บ้านแท่น|CPM017/บ้านแท่น,,
ชัยภูมิ,15.7422308153399,102.022353501702,NT*,,,030350001388|030352003481,บ้านค่าย|CPM020/บ้านค่าย,,
นครราชสีมา,15.0101561891383,102.128831802453,NT*,,,030350001454,บ้านเกาะ),,
นครราชสีมา,14.568574761225,102.274950728578,NT*,,,030350001463|030342004268|030347006894,ครบุรี||,,
นครราชสีมา,14.450833,102.291388,NT|TUC,,,060367051612,NKR5919,060366014061,NKR5919
นครราชสีมา,15.679443,102.28861,NT|TUC,,,060367051614,NKR6498,060366014067,NKR6498
ชัยภูมิ,16.038888,102.27361,NT|TUC,,,060367051575,CYP1615,060367000004|060366022113,CYP1615|CYP1615
นครราชสีมา,15.205555,101.767499,AWN|NT,060366066646,800342 ชุมชนหัวบึง-ด่านขุนทด,060367061831,800342_HBDKT,,
นครราชสีมา,15.471943,102.299444,AWN|NT,060364143560,874541 บ้านหมัน -หนองมะนาว,060367061847,874541_MNMNA,,
ชัยภูมิ,15.890833,101.933333,AWN|NT,060356023369|060365050993,877082 บ้านห้วยต้อน|877082 บ้านห้วยต้อน,060367061856,877082_BHYTM,,
ชัยภูมิ,15.757777,101.863888,AWN|NT,060356033933|060364093082,877153 กุดหูลิงบ้านเขว้า|877153 กุดหูลิงบ้านเขว้า,060367061863,877153_KHLKM,,
นครราชสีมา,14.751388,101.356666,NT|TUC,,,060366017728,NKR5812,060362030342,NKR5812
นครราชสีมา,15.4025,102.511666,NT|TUC,,,060366017732,NKR5837,060362232822,NKR5837
นครราชสีมา,15.660833,102.401388,NT|TUC,,,060366017733,NKR5838,060362232823,NKR5838
นครราชสีมา,14.330277,102.452777,NT|TUC,,,060366017766,NKRA102,060364165431,NKRA102
นครราชสีมา,14.533888,101.393888,NT|TUC,,,060366017767,NKRA186,060364141520|060364141521,NKRA161|NKRA186
นครราชสีมา,14.356111,102.539999,NT|TUC,,,060366017738,NKR5971,060362211338,NKR5971
นครราชสีมา,15.003888,101.501111,NT|TUC,,,060366017745,NKR7317,060360241007,NKR7317
ชัยภูมิ,15.601944,101.406944,NT|TUC,,,060366033088,CYP1641,060360015067,CYP1641
นครราชสีมา,14.469721,101.587221,NT|TUC,,,060366033104,NKR7993,060362131669,NKR7993
นครราชสีมา,14.958888,101.466943,NT|TUC,,,060366033100,NKR7208,060360204398,NKR7208
นครราชสีมา,14.564166,101.420832,NT,,,060367058253,800137_RPTMS,,
นครราชสีมา,14.929166,102.14111,AWN|NT,060365123714,808263 WishCo หัวทะเล,060367058267,808263_WCHTL,,
นครราชสีมา,14.718332,102.376388,AWN|NT,060365123716,808355 บริษัท พี.วี.ดี.อินเตอร์เนชั่นแนลจำกัด,060367058269,808355_PVDNB,,
นครราชสีมา,14.849444,101.571388,AWN|NT,060365123520,808967,060367058276,808967_RJKSK,,
นครราชสีมา,14.893333,102.1525,AWN|NT,060363114525,874840 สีมาอโศก-นครราชสีมา,060367058294,874840_SMASN,,
นครราชสีมา,14.8220246612999,102.164059352324,NT*,,,030347000192|030347006924|030347006919,คาวาซูมิ ลาบอราทอรี่/โคราช||,,
ชัยภูมิ,16.079166,101.758055,NT|TUC,,,060367087220,CYP7216,060366059436,CYP7216
นครราชสีมา,14.428888,102.497499,NT|TUC,,,060367087279,NKR5858,060366059434,NKR5858
นครราชสีมา,15.066111,102.650833,NT|TUC,,,060367087288,NKR5942,060362064210,NKR5942
นครราชสีมา,15.098333,102.709166,NT|TUC,,,060367087290,NKR5946,060362064212,NKR5946
นครราชสีมา,14.676388,101.219166,NT|TUC,,,060367087295,NKR6472,060362064061,NKR6472
นครราชสีมา,14.768332,102.007777,NT|TUC,,,060367087276,NKR5848,060362064251,NKR5848
นครราชสีมา,14.648888,101.984999,NT|TUC,,,060367087277,NKR5849,060362064252,NKR5849
นครราชสีมา,15.12611,102.68611,NT|TUC,,,060367087292,NKR5951,060362064213,NKR5951
นครราชสีมา,15.084444,102.687221,NT|TUC,,,060367087293,NKR5967,060366014063,NKR5967
ชัยภูมิ,15.555833,101.951388,AWN|NT,060365087671|060362058932,877862บ้านหนองฉิม-เนินสง่า|877862 บ้านหนองฉิม-เนินสง่า,060367061874,877862_BNCNS,,
ชัยภูมิ,15.434999,101.802777,AWN|NT,060362058933|060367000164,877920 เขาดิน-บำเหน็จณรงค์|877920 เขาดิน-บำเหน็จณรงค์,060367061875,877920_KDBNR,,
นครราชสีมา,14.713611,101.915,NT|TUC,,,060367087278,NKR5853,060362064254,NKR5853
นครราชสีมา,15.034721,102.560555,NT|TUC,,,060367087287,NKR5938,060362064207,NKR5938
นครราชสีมา,15.082777,102.733054,NT|TUC,,,060367087289,NKR5944,060362064211,NKR5944
นครราชสีมา,14.935555,102.160277,AWN|NT,060363114524,874835 หนองตาคง หมู่8-หนองบัวศาลา,060367061848,874835_NTKON,,
ชัยภูมิ,16.529443,101.647221,AWN|NT,060357055206|060365061829,877044 เขื่อนจุฬาภรณ์|877044 เขื่อนจุฬาภรณ์,060367061855,877044_KJLPM,,
ชัยภูมิ,16.336388,102.375554,AWN|NT,060356023377|060365061587,877145 บ้านหินลาด|877145 บ้านหินลาด,060367061862,877145_HILAM,,
ชัยภูมิ,15.566388,101.629166,AWN|NT,060365096443|060356016906,877199 ซับใหม่-ชัยภูมิ|877199 ซับใหม่-ชัยภูมิ,060367061864,877199_SBMCM,,
ชัยภูมิ,16.364722,102.134444,AWN|NT,060365096670,807384,060367061833,807384_CRWKN,,
นครราชสีมา,14.987499,102.125554,AWN|NT,060364028824,808081 ซ.มหาชัย5/4-เมืองนครราชสีมา,060367061834,808081_SMHCH,,
ชัยภูมิ,15.788888,102.134444,AWN|NT|TUC,060365087664|060359022592,877400 กุดตุ้ม-ชัยภูมิ|877400 กุดตุ้ม-ชัยภูมิ,060367061867,877400_KUTCP,060362166836,CPM0228-U21
ชัยภูมิ,15.489999,101.436944,NT|TUC,,,060367021160|060361177525,CYP1634|CYP1634,060360048015,CYP1634
ชัยภูมิ,15.416666,101.838888,NT,,,060366017518,CPM018,,
ชัยภูมิ,15.563611,102.005,NT,,,060366017517,CPM013,,
ชัยภูมิ,15.906388,102.121943,NT,,,060366017516,CPM003,,
นครราชสีมา,15.428332,102.888055,NT,,,060366017529|060359009063,NMA030|NKR6553,,
นครราชสีมา,14.533888,101.37111,NT,,,060366017530,NMA051,,
นครราชสีมา,14.415555,101.900555,AWN|NT,060359055910|060364093083,878051 เขาสลัดได|878051 เขาสลัดได,060366071367|060366000785,TOT0114|878051_KSDIM,,
ชัยภูมิ,15.807222,102.01,NT|TUC,,,060366066595,CYP6468,060366012314,CYP6468
นครราชสีมา,14.534721,101.584444,NT|TUC,,,060366066606,NKRA357,060366012316,NKRA357
นครราชสีมา,14.640555,101.410277,AWN|NT,060361098175,872114 บ้านนา-ปากช่อง,060366005035,872114_BNAPC,,
นครราชสีมา,14.984999,102.171388,AWN|NT,060361098179,872120 บ้านโคก-เมืองนครราชสีมา,060366005037,872120_BKOMN,,
นครราชสีมา,14.866943,102.036388,AWN|NT,060363058421,874301,060366005044,874301_CMESU,,
นครราชสีมา,14.92611,102.056388,AWN|NT,060363085473,874525 สำนักจัดการทรัพยากรป่าไม้ที่ 8-นครราชสีมา,060366005046,874525_SPYKP,,
นครราชสีมา,14.853611,101.561944,NT|TUC,,,060368039869|060362231247,NKR0063|NMA0009-L23,060362238294|060357073050,NMA0009-U21|NKR0063
นครราชสีมา,14.969443,102.043333,NT|TUC,,,060368039491,NKR8513,060358046444|060367026813,NKR8513|NKR8513
นครราชสีมา,14.706388,101.426666,NT|TUC,,,060368039506,NKR8578,060360219007|060367026832,NKR8578|NKR8578
นครราชสีมา,14.936666,102.021388,NT|TUC,,,060368039523,NKR8640,060360219022|060367026847,NKR8640|NKR8640
นครราชสีมา,14.667221,101.427777,NT|TUC,,,060368039524,NKR8644,060360217932|060367026794,NKR8644|NKR8644
นครราชสีมา,14.872499,101.829999,NT|TUC,,,060368039525,NKR8655,060360240923,NKR8655
นครราชสีมา,14.82361,102.139166,NT|TUC,,,060368039526,NKR8662,060364042400|060358041563,NKR8662|NKR8662
ชัยภูมิ,15.929443,102.283888,NT|TUC,,,060368039623,CYP7145,060362030221,CYP7145
ชัยภูมิ,15.824721,102.027499,NT|TUC,,,060368039626|060361229275,CYP8508|CPM0122-L23,060360211726|060367048704|060362166975,CYP8508|CYP8508|CPM0122-U21
นครราชสีมา,14.954722,102.155833,NT|TUC,,,060368039503,NKR8558,060358046445|060367026826,NKR8558|NKR8558
นครราชสีมา,14.944166,101.992499,NT|TUC,,,060368039510,NKR8589,060358046448|060367026800,NKR8589|NKR8589
นครราชสีมา,15.04361,102.098888,NT|TUC,,,060368039512,NKR8595,060360217928|060367026799,NKR8595|NKR8595
นครราชสีมา,15.224443,102.455555,NT|TUC,,,060368039514,NKR8599,060358041558|060367026827,NKR8599|NKR8599
นครราชสีมา,15.050277,102.154444,NT|TUC,,,060368039519,NKR8620,060360218567|060367026843,NKR8620|NKR8620
นครราชสีมา,14.885277,101.744999,NT|TUC,,,060368039521,NKR8623,060360219020|060367026845,NKR8623|NKR8623
ชัยภูมิ,15.749166,101.764444,NT|TUC,,,060368039621,CYP1600,060357067943|060367048692,CYP1600|CYP1600
ชัยภูมิ,15.786388,102.027221,NT|TUC,,,060368039628,CYP8514,060367048706|060360218652,CYP8514|CYP8514
นครราชสีมา,14.951666,102.105,NT|TUC,,,060368039502,NKR8555,060360219004|060367026825,NKR8555|NKR8555
นครราชสีมา,14.941944,102.104166,NT|TUC,,,060368039504,NKR8566,060358046446|060367026828,NKR8566|NKR8566
นครราชสีมา,14.992221,102.207222,NT|TUC,,,060368039511,NKR8591,060360219011,NKR8591
นครราชสีมา,15.216388,102.484721,NT|TUC,,,060368039513,NKR8598,060364042397|060360219012,NKR8598|NKR8598
นครราชสีมา,14.870554,101.722499,NT|TUC,,,060368039520,NKR8622,060358041561|060367026844,NKR8622|NKR8622
นครราชสีมา,14.923888,102.031388,NT|TUC,,,060368039522,NKR8639,060358046450|060367026846,NKR8639|NKR8639
ชัยภูมิ,16.371388,102.105555,NT|TUC,,,060368039627,CYP8512,060360037054,CYP8512
ชัยภูมิ,15.441944,101.690277,NT|TUC,,,060368039629,CYP8515,060358041588,CYP8515
นครราชสีมา,14.979999,102.076943,NT|TUC,,,060368039879|060366077503,NKR7404|ลานจอดรถจุดที่ 2,060363000381|060363000382|060358010269,NKR7404|NKR7424|NKR9004
นครราชสีมา,14.513055,101.956666,NT|TUC,,,060368039881,NKR7642,060360241198,NKR7642
นครราชสีมา,14.762777,102.083333,TUC,,,,,060368044297,NKRS048
นครราชสีมา,14.98611,102.115833,TUC,,,,,060368044288,NKR7333
นครราชสีมา,14.98361,102.115,TUC,,,,,060368044289,NKR7334
นครราชสีมา,14.981943,102.115833,TUC,,,,,060368044290,NKRC076
ชัยภูมิ,15.869999,101.929443,TUC,,,,,060368044291,CYP6476
นครราชสีมา,14.874443,102.02361,TUC,,,,,060368044285,NKR8269
นครราชสีมา,14.981666,102.113055,TUC,,,,,060368044287,NKR7332
นครราชสีมา,14.67611,102.250833,TUC,,,,,060368044294,NKRA392
นครราชสีมา,14.772221,102.270554,TUC,,,,,060368044296,NKRS044
นครราชสีมา,14.737777,102.098055,NT|TUC,,,060360187110,NKR1615,060368044303|060357063059,NKR1615|NKR1615
นครราชสีมา,14.986666,102.083888,TUC,,,,,060368044312,NKR1657
นครราชสีมา,14.983888,102.113055,TUC,,,,,060368044286,NKR7331
นครราชสีมา,15.215555,102.501111,TUC,,,,,060368044295,NKRA401
นครราชสีมา,14.509166,102.164444,TUC,,,,,060368044304|060360048241,NKR6780|NKR6780
นครราชสีมา,14.957777,102.100555,TUC,,,,,060368044640|060356033614,NMA0097|NMA0097-U21
นครราชสีมา,15.079721,102.118054,NT|TUC,,,060363132406,NMA0826-L23,060368044658|060363074784,NKR0826|NMA0826
นครราชสีมา,15.221943,102.494444,NT|TUC,,,060361182679,NMA0723-L23,060368044743|060361093334,NMA0723|NMA0723-U21
นครราชสีมา,15.359444,102.797499,TUC,,,,,060368044541|060361113256,NMA0740|NMA0740-U21
นครราชสีมา,14.556388,101.975554,NT|TUC,,,060363132394,NMA0719-L23,060368044548|060361038964,NMA0719|NMA0719-U21
นครราชสีมา,14.979166,102.101388,NT|TUC,,,060363088612,NMA0828-L23,060368044348|060363027562,NKR0828|NMA0828
นครราชสีมา,14.903333,102.158333,TUC,,,,,060368044349|060360125678,NKR0584|NMA0584-U21
ชัยภูมิ,16.279999,101.946666,TUC,,,,,060368044363|060359203721,CPM0017|CPM0017-U21
นครราชสีมา,15.094444,101.901666,TUC,,,,,060368044633|060356031669,NKR0123|NMA0123-U21
นครราชสีมา,14.997221,102.225554,TUC,,,,,060368044634|060356020447,NMA0012|NMA0012-U21
ชัยภูมิ,15.783054,101.906388,NT|TUC,,,060361160320|060367068593,CPM0090-L23|CPM0090-U21,060368044665|060357038395,CPM0090|CPM0090-U21
นครราชสีมา,14.710833,102.454722,NT|TUC,,,060363088609,NMA0152-L23,060368044682|060356035295,NMA0152|NMA0152-U21
นครราชสีมา,14.495833,101.531666,TUC,,,,,060368044683|060365008646,NMA0861|NMA0861
ชัยภูมิ,15.831943,102.083054,NT|TUC,,,060361191793,CPM0186-L23,060368044716|060361039025,CPM0186|CPM0186-U21
นครราชสีมา,15.046666,102.134999,TUC,,,,,060368044718|060356020450,NKR0115|NMA0115-U21
ชัยภูมิ,16.586944,101.961111,AWN,060365092335,807350 นาบัว-คอนสาร,,,,
นครราชสีมา,15.161111,102.025832,AWN,060365092336,808649 นารายณ์-โนนไทย,,,,
ชัยภูมิ,15.668888,101.64611,AWN,060365092341,807334 ซับสายออ-ซับใหญ่),,,,
นครราชสีมา,15.144166,101.419999,AWN,060365092342,808662 ไทยสงบ-ด่านขุนทด,,,,
นครราชสีมา,14.916666,102.054722,AWN|NT,060365092343,808667 บ้านแสนสุข-ปรุใหญ่),060366005174,808667_BSSPY,,
นครราชสีมา,15.146944,101.791666,AWN|NT,060365109049,808392 บ้านไทรทองม.12-ด่านขุนทด,060366005167,808392_BSSDT,,
นครราชสีมา,14.906944,101.858611,AWN|NT,060365096434|060358058036,870647|870647 เมืองเก่า-สูงเนิน,060360120813,870647_MKSNN,,
ชัยภูมิ,15.806111,102.034721,AWN|NT,060365096445|060360206316,877606 โรงพยาบาลชัยภูมิ|877606 โรงพยาบาลชัยภูมิ,060366002766,877606_CPMHT,,
นครราชสีมา,14.606944,101.533333,AWN,060365096447|060357021183,878516|878516,,,,
นครราชสีมา,14.935833,101.723888,AWN|NT,060365096449|060358001179,878998 กุดน้อย-สีคิ้ว|878998 กุดน้อย-สีคิ้ว,060361127876,878998_KNSIK,,
นครราชสีมา,14.509444,101.414722,AWN|NT,060365096461,808045 วัดโต่งโต้น-ปากช่อง,060366005159,808045_WTTPC,,
นครราชสีมา,14.645277,101.294444,AWN,060365096463,872048 บริษัท เอบิโก้ แดรี่ฟาร์ม จำกัด,,,,
นครราชสีมา,14.377499,102.491388,AWN|TUC,060365103288|060359121719,870908 สระตะเคียน-เสิงสาง|870908 สระตะเคียน-เสิงสาง,,,060356031671,NMA0158-U21
นครราชสีมา,14.668888,102.015277,AWN|NT,060365079510|060356019967,878401 ท่าน้ำซับ|878401 ท่าน้ำซับ,060363059806,878401_THNSM,,
นครราชสีมา,14.934444,102.258888,AWN|NT,060365079513,878634,060366000816,878634_TWCKM,,
นครราชสีมา,14.754444,101.475277,AWN|NT,060365079514|060357039332,878825 วัดท่างอย-ปากช่อง|878825 วัดท่างอย-ปากช่อง,060361127846,878825_TGYPC,,
นครราชสีมา,14.646666,101.258888,AWN,060365115460|060357084189,870184 วัดกลางดง-ปากช่อง|870184 วัดกลางดง-ปากช่อง,,,,
ชัยภูมิ,15.508888,101.569721,AWN|NT,060365115467|060357045807,877124 บ้านโคกคึม|877124บ้านโคกคึม,060361127649,877124_KOKKM,,
นครราชสีมา,14.873332,102.023054,AWN,060365115483,874476 ข้างหอสุรนภา-มทส,,,,
นครราชสีมา,15.345833,102.028888,AWN,060365087596|060359193824,871510สระตาล-พระทองคำ|871510 สระตาล-พระทองคำ,,,,
นครราชสีมา,15.548888,102.572221,AWN|NT,060365087601|060362256254,874347 บ้านสีดา-สีดา|874347 บ้านสีดา-สีดา,060366005232,874347_BSDSD,,
ชัยภูมิ,15.825277,101.639999,AWN|NT,060365087650|060356047880,877071 วังตะเฆ่)|877071 วังตะเฆ่),060361127633,877071_WTKEM,,
ชัยภูมิ,16.278888,102.206111,AWN|NT,060365087651|060356023368,877072 หนองกุง|877072 หนองกุง,060361127634,877072_NUKGM,,
ชัยภูมิ,16.33861,102.167221,AWN|NT,060365087652|060356047881,877073 หนองตะไก้)|877073 หนองตะไก้),060361127635,877073_NTKIM,,
ชัยภูมิ,15.821943,101.5625,AWN|NT|TUC,060365087657|060357055329,877127วังอุดม|877127วังอุดม,060361127651,877127_WUDOM,060362166521,CPM0136-U21
ชัยภูมิ,15.931666,102.243055,AWN|NT,060365087658|060356027218,877164โคกมั่งงอยคอนสวรรค์|877164โคกมั่งงอยคอนสวรรค์,060366000765,877164_KMSWM,,
ชัยภูมิ,15.863611,102.062777,AWN|NT,060365087659|060357045808,877237บ้านเล่า-ชัยภูมิ|877237บ้านเล่า-ชัยภูมิ,060366000766,877237_BLCPM,,
ชัยภูมิ,16.054444,101.949166,AWN,060365087666|060360092224,877452 มอหินขาว-ชัยภูมิ|877452 มอหินขาว-ชัยภูมิ,,,,
ชัยภูมิ,16.384444,102.313611,AWN|NT,060365087669|060359051999,877497หนองผักหลอด-บ้านแท่น|877497หนองผักหลอด-บ้านแท่น,060361127697,877497_NPLBT,,
นครราชสีมา,14.800833,101.903055,AWN|NT,060365087673|060356002587,878065 บ้าน หนองแวง|878065 บ้าน หนองแวง,060362226932,878065_BNWGM,,
นครราชสีมา,15.667499,102.509722,AWN|NT,060365087674|060356049972,878121 บัวลาย|878121 บัวลาย,060361127787,878121_BULIM,,
นครราชสีมา,15.108055,101.720554,AWN|NT,060365087684|060356024049,878212 บ้านมอสูง|878212 บ้านมอสูง,060363059790,878212_BMRSM,,
นครราชสีมา,15.056388,102.684999,AWN|NT,060365087685|060356028975,878216 หนองม่วงใหญ่)|878216 หนองม่วงใหญ่),060361127791,878216_NMYIM,,
นครราชสีมา,14.428332,102.524166,AWN|NT,060365087686|060356027385,878218 กุดโบสถ์|878218 กุดโบสถ์,060360120861,878218_KUBOM,,
นครราชสีมา,15.193055,101.945277,AWN|NT,060365087688|060356016930,878311 บ้านบัลลังก์|878311 บ้านบัลลังก์,060360118856,878311_BLANM,,
นครราชสีมา,15.247777,102.898055,AWN|NT,060365087690|060356016934,878330 ช่องแมว|878330 ช่องแมว,060366000804,878330_CHMAM,,
นครราชสีมา,15.503888,102.266666,AWN|NT,060365087693|060356016936,878342บ้านตลุกน้ำข้าว|878342 บ้านตลุกน้ำข้าว,060363059802,878342_BLNKM,,
นครราชสีมา,15.063611,102.193333,AWN|NT,060365087696|060356001596,878365แยกปราสาทพนมวัน|878365 แยกปราสาทพนมวัน,060360118865,878365_YPSPM,,
นครราชสีมา,15.03361,102.171666,AWN|NT,060365087698|060356001597,878374 บ้านบุ|878374 บ้านบุ,060360118869,878374_BBUUM,,
นครราชสีมา,15.295277,101.737499,AWN|NT,060365087699|060356033945,878395 วัดบ้านไร่)|878395 วัดบ้านไร่),060361127804,878395_WTRIM,,
นครราชสีมา,15.307777,102.057777,AWN|NT,060365087701|060356019966,878400 บ้านหนองหอย|878400 บ้านหนองหอย,060361127805,878400_NNHOM,,
นครราชสีมา,15.498888,102.905555,AWN|NT,060365087703|060356016942,878434 บ้านโนนสูง|878434 บ้านโนนสูง,060361127809,878434_NONNM,,
นครราชสีมา,15.36861,102.503333,AWN|NT,060365087704|060356016943,878435 บ้านคอนเมือง|878435 บ้านคอนเมือง,060360120877,878435_KNMGM,,
นครราชสีมา,15.134444,102.760555,AWN|NT,060365087706|060356016950,878449 วังทองพัฒนา|878449 วังทองพัฒนา,060361127815,878449_WTPTM,,
นครราชสีมา,14.908888,101.88361,AWN|NT,060365087708|060356002605,878485 บ้านกุดจิก|878485 บ้านกุดจิก,060360120886,878485_KDCKM,,
นครราชสีมา,15.194999,102.147499,AWN|NT|TUC,060365087711|060356033949,878503บ้านโนนตากลางโนนสูง|878503 บ้านโนนตากลางโนนสูง,060363059813,878503_NTKNM,060362166859,NMA0767-U21
นครราชสีมา,14.718054,102.13361,AWN|NT,060365087715|060356001417,878529 กุดสวาย-โชคชัย|878529 กุดสวาย-โชคชัย,060366000814,878529_SWCCM,,
นครราชสีมา,14.637221,101.509444,AWN|NT,060365087716|060356033950,878560 นิคมผังสาม|878560 นิคมผังสาม,060361127819,878560_NKPMM,,
นครราชสีมา,15.014166,102.408888,AWN|NT,060365087717|060356016969,878611สถานีรถไฟจักราช|878611 สถานีรถไฟจักราช,060361127823,878611_CRTSM,,
นครราชสีมา,15.706388,102.229721,AWN|NT,060365087718|060356016973,878633หัวหนองแก้งสนามนาง|878633 หัวหนองแก้งสนามนาง,060361127826,878633_HKSNM,,
นครราชสีมา,15.273054,102.271943,AWN|NT,060365087720|060356028981,878718 มะรุม-โนนสูง|878718 มะรุม-โนนสูง,060361127834,878718_MRNSM,,
นครราชสีมา,14.949721,101.947221,AWN|NT,060364062870|060358041180,870420วัดหนองคูขามทะเลสอ|870420 วัดหนองคู ขามทะเลสอ,060360119411,870420_WNKKS,,
นครราชสีมา,14.694166,101.406666,AWN|NT,060363085460,874650 ทองอยู่เฟอร์นิเจอร์-ปากช่อง,060366002721,874650_TYFPC,,
นครราชสีมา,14.972221,102.100277,AWN|NT,060363085472,874397 ศาลากลางจังหวัด นครราชสีมา,060367091111,874397_NKSCH,,
นครราชสีมา,14.919999,101.974166,AWN|NT,060363085474,874623 ศูนย์อนามัยที่ 9-นครราชสีมา,060366005047,874623_HPCKN,,
นครราชสีมา,15.354722,102.753888,AWN|NT,060364136814|060356016970,878614 ชุมชนบ้านขนากชุมพวง|878614 ชุมชนบ้านขนากชุมพวง,060361127824,878614_CBCPM,,
นครราชสีมา,14.516943,101.456666,AWN,060364143561,874845หน้าทางเข้าภูพาธารา-เขาใหญ่),,,,
นครราชสีมา,15.587777,102.425277,AWN,060364078012,808139 ร้านเทพวิทยาการพิมพ์-บัวใหญ่),,,,
นครราชสีมา,15.351944,102.462777,AWN|NT,060364078040,808120 บ้านตะคร้อ-คง,060366002570,808120_BTAKK,,
นครราชสีมา,14.959722,101.461111,AWN,060364075947,808138 วัดไตรมิตรนพคุณ-สีคิ้ว,,,,
นครราชสีมา,14.588888,102.141388,AWN,060364075948,808152 ไชยวาล-ครบุรี,,,,
นครราชสีมา,15.232221,102.706388,AWN,060364075949,808153 หนองตะคลอง-ชุมพวง,,,,
นครราชสีมา,15.367499,101.584166,AWN,060364075950,808170 ไร่ชัยพันธ์-ด่านขุนทด,,,,
นครราชสีมา,15.499721,102.822499,AWN,060364075951,808171 ดอนมัน-ประทาย,,,,
นครราชสีมา,14.515833,101.568888,AWN,060364075959,872829 บ้านพักพนักงาน-ศาลาเขาใหญ่),,,,
นครราชสีมา,14.514444,101.565555,AWN,060364075960,874499 ศาลาเขาใหญ่รีสอร์ท-ปากช่อง,,,,
นครราชสีมา,14.892499,101.478888,AWN,060364092988|060358058058,870740 คลองแจ้ง-หนองน้ำใส|870740 คลองแจ้ง-หนองน้ำใส,,,,
ชัยภูมิ,15.471943,101.690555,AWN|NT,060364092990|060356028970,877022 บำเหน็จณรงค์|877022 บำเหน็จณรงค์,060361127624,877022_BMNRM,,
ชัยภูมิ,15.718332,102.099721,AWN|NT,060364092991|060357032032,877045 โรงเรียนหนองไผ่วิทยานุสรณ์|877045 โรงเรียนหนองไผ่วิทยานุสรณ์,060366000754,877045_NPWSM,,
นครราชสีมา,14.901944,102.008611,AWN|NT,060364051219|060361098183,872127 เคพีเพลส-สุรนารี|872127 เคพีเพลส-สุรนารี,060366001337,872127_KPPSN,,
นครราชสีมา,14.695833,102.220832,AWN,060364136591,808289 คลองมะเดื่อ หมู่ 2-โชคชัย,,,,
นครราชสีมา,14.989444,102.144999,AWN|NT,060364136592,808405บ้านท่ากระสังข์-เมืองนครราชสีมา,060366002576,808405_BTKSN,,
นครราชสีมา,14.982221,101.564444,AWN,060364136593,808409 คลองยางพัฒนา-สีคิ้ว,,,,
นครราชสีมา,15.032499,102.085555,AWN|NT,060364136594,808411 สามสิริ รีสอร์ท บายพาสโคราช,060366005169,808411_SSHBK,,
นครราชสีมา,15.5625,102.508333,AWN,060364136595,808415 เพ็ดน้อย-บัวใหญ่),,,,
นครราชสีมา,14.711111,101.306388,AWN,060364136596,808423 วัดป่าพรหมยาน-ปากช่อง,,,,
นครราชสีมา,14.348333,102.428888,AWN|NT,060364136612,808396 คุ้มหลักขาว-เสิงสาง,060366002575,808396_KLKSS,,
นครราชสีมา,14.948333,102.039999,AWN|NT|TUC,060364136617,808091ชุมชนราชสีมาพัฒนา-เมืองนครราชสีมา,060366002568,808091_CRSMA,060364042354|060357071791,NKR1663|NKR1663
นครราชสีมา,14.969721,102.153333,AWN|NT,060364136618,808326 บ้านใหม่-เมืองนครราชสีมา,060366002574,808326_BMMNK,,
นครราชสีมา,15.000555,102.292777,AWN,060364136622,808024อาคารส่งเสริมสุขภาพโรงพยาบาลเฉลิมพระเกียรติ,,,,
นครราชสีมา,14.953055,102.034444,AWN|NT,060364136623,เสาไฟฟ้า),060366005164,808180_RSMWT,,
นครราชสีมา,14.982777,102.113888,AWN|NT,060364136624|060359022671|060368179815,808265 อาคารสำนักวิทยาบริการ-ม.ราชภัฏนครราชสีมา|871087 สำนักวิทยาการ ราชภัฏโคราช|871087 สำนักวิทยาการ ราชภัฏโคราช,060366002573|060366002607,808265_WTBRN|871087_FMSRB,,
นครราชสีมา,14.697777,101.374999,AWN,060365003147,808642บ้านหนองน้อย-ปากช่อง,,,,
นครราชสีมา,14.830832,101.699444,AWN|NT,060364100856|060358008864,870384 บ้านใหม่สันติ-สูงเนิน|870384 บ้านใหม่สันติ-สูงเนิน,060363058821,870384_BMSGN,,
ชัยภูมิ,16.150833,101.578888,AWN,060364100868|060357032033,877096 วังชมภู|877096 วังชมภู,,,,
นครราชสีมา,15.12361,101.502777,AWN|NT,060364100871|060356033937,878118 ห้วยบง|878118 ห้วยบง,060361127786,878118_HYBGM,,
นครราชสีมา,15.168054,102.666111,AWN|NT,060364100872|060356033940,878235 บ้านลุงทามัน|878235 บ้านลุงทามัน,060361127793,878235_BLUMM,,
นครราชสีมา,15.311388,102.375832,AWN|NT,060364100873|060356016951,878452 บ้านตาจั่น|878452 บ้านตาจั่น,060360120879,878452_TJUNM,,
นครราชสีมา,14.354722,101.868888,AWN,060364040664,874663 บ้านสวนห้อม-วังน้ำเขียว,,,,
นครราชสีมา,14.366388,101.893055,AWN,060364040665,874664 ไทยสามัคคีหมู่5-วังน้ำเขียว,,,,
นครราชสีมา,15.45,102.329166,AWN|NT,060364023298|060356016910,878152 คง|878152 คง,060363059786,878152_KHOGM,,
นครราชสีมา,14.850277,101.648333,AWN|NT,060363137344|060357009794,870010 โนนทอง-สีคิ้ว|870010 โนนทอง-สีคิ้ว,060360068100,870010_NTGSK,,
นครราชสีมา,14.823332,102.139166,AWN|NT,060363137350|060356001589,878172 บ้านเสาเดียว|878172 บ้านเสาเดียว,060362226939,878172_BSDEM,,
นครราชสีมา,14.93861,101.499721,AWN|NT,060363137351|060356028974,878215 หนองน้ำใส|878215 หนองน้ำใส,060366001385,878215_NOSIM,,
ชัยภูมิ,15.821388,102.031388,AWN,060363137364,807228,,,,
นครราชสีมา,15.155555,102.449166,AWN,060363137365,808001 นาตาหิน-พิมาย,,,,
นครราชสีมา,14.839166,102.53611,AWN,060363137366,808011,,,,
นครราชสีมา,15.285833,102.393333,AWN,060363137367,808012 วังม่วง-โนนสูง,,,,
นครราชสีมา,14.787777,101.937777,AWN|NT,060363137368,808014,060366001283,808014_UTMDM,,
นครราชสีมา,14.586388,101.439166,AWN|NT,060363137371,874993,060366002732,874993_BNZGP,,
ชัยภูมิ,16.047499,101.500555,AWN|NT,060363137387,807076 โนนคูณ-ภักดีชุมพล,060366002560,807076_NKPCP,,
นครราชสีมา,14.971388,101.509166,AWN,060363137389,874523,,,,
นครราชสีมา,14.713333,101.44611,AWN|NT,060363137390,874622 บ้านโนนอุดม-ปากช่อง,060366002719,874622_NUDPC,,
นครราชสีมา,14.846388,101.680554,AWN,060363137391,874833,,,,
นครราชสีมา,14.67861,102.186944,AWN,060363124778,874649 หน้าอาคาร FP4 โรงงานคาร์กิลล์-โชคชัย,,,,
นครราชสีมา,14.682499,102.185833,AWN,060363124779,874649 หน้าอาคาร PP3 โรงงานคาร์กิลล์-โชคชัย,,,,
นครราชสีมา,14.680277,102.186666,AWN,060363124780,874649 ข้างโรงปะปาโรงงานคาร์กิลล์-โชคชัย,,,,
นครราชสีมา,14.681943,102.184721,AWN,060363124781,874649 ลานจอดรถโรงงานคาร์กิลล์-โชคชัย,,,,
นครราชสีมา,14.362777,101.883054,AWN,060363124782,874716 ห้วยใหญ่ใต้-ไทยสามัคคี,,,,
นครราชสีมา,14.378054,101.89111,AWN,060363124783,874718 คลองย่าโม-ไทยสามัคคี,,,,
นครราชสีมา,14.539999,101.352222,AWN|NT,060363131168,874839,060366005237,874839_SKSRS,,
นครราชสีมา,14.911666,101.769166,AWN|NT,060363113981,874672 หัวสระ-สีคิ้ว,060366002726,874672_HSASK,,
นครราชสีมา,15.210833,102.552222,AWN|NT,060363113982,874674,060366002728,874674_TPNPM,,
นครราชสีมา,15.379999,102.091944,AWN,060363113983,874678,,,,
ชัยภูมิ,16.284721,101.921943,AWN|NT,060363114005,807101,060366002561,807101_BMKSB,,
ชัยภูมิ,16.45,101.961388,AWN,060363114006,807106,,,,
นครราชสีมา,14.986388,102.053055,AWN|NT,060363087188|060357039320,870038 เขื่อนคนชุม|870038 เขื่อนคนชุม,060360119395,870038_KKCHU,,
นครราชสีมา,14.933054,102.012777,AWN|NT,060363087195|060357069061,870119|870119 หนองตาอู-รุ่งนิรันดร์4,060360192534,870119_NTURN,,
นครราชสีมา,14.888888,101.738055,AWN|NT,060363087207|060358008862,870382 บ้านริมบึง-สีคิ้ว|870382 บ้านริมบึง-สีคิ้ว,060360120800,870382_BRBSK,,
นครราชสีมา,14.513611,101.383054,AWN|NT,060363087210|060358046798,870476|870476 บ้านท่ามะปรางค์-ปากช่อง,060360257658,870476_BTMPC,,
นครราชสีมา,14.648333,101.466388,AWN|NT,060363087214|060359059104,870675|870675หนองผักแว่น-ปากช่อง,060363058893,870675_NPWPC,,
นครราชสีมา,14.527499,101.369721,AWN|NT,060363087215|060358058048,870685 กุดคล้า หมู่ 5|870685 กุดคล้าหมู่5-ปากช่อง,060360257660,870685_KKMPC,,
นครราชสีมา,14.99361,102.082777,AWN|NT,060363087218|060358058055,|870735 หนองหญ้างาม-ในเมือง,060360192540,870735_NYGNM,,
นครราชสีมา,14.713055,101.42361,AWN|NT,060363087220|060358058060,870742 ซอยเทศบาล 31|870742 ซอยเทศบาล31-ปากช่อง,060360257661,870742_STSBP,,
นครราชสีมา,14.894999,101.892221,AWN|NT,060363087231|060359054569,871005 นวนคร-สูงเนิน|871005 นวนคร-สูงเนิน,060363059191,871005_NVSGN,,
นครราชสีมา,14.676943,101.410833,AWN|NT,060363087236|060359059428,871259 นานารีสอร์ท|871259 นานารีสอร์ท- ปากช่อง,060360257664,871259_NARST,,
นครราชสีมา,14.602222,101.214166,AWN|NT,060363087239|060359193825|060357045830,871515|871515หน้า รร.ทหารผ่าศึกสงเคราะห์-กลางดง|878805,060366001326,871515_NTPSK,,
นครราชสีมา,14.64861,101.440277,AWN|NT,060363087247|060362165992,874076 บ้านทุ่งลี|874076 บ้านทุ่งลี-ปากช่อง,060366002680,874076_BTHPC,,
นครราชสีมา,14.646388,101.377777,AWN|NT,060363087248|060362165993,874077 บ้านไทยเดิม|874077 บ้านไทยเดิม-ปากช่อง,060366001350,874077_BTDPC,,
นครราชสีมา,14.671666,101.937777,AWN,060362246964,874313 หนองบอน-ปักธงชัย,,,,
นครราชสีมา,15.158888,101.640833,AWN,060362246965,874314 บ้านศรีบุญเรือง-ด่านขุนทด,,,,
นครราชสีมา,15.596666,102.605277,AWN,060362246967,874318 บ้านดอนเต็ง-สีดา,,,,
นครราชสีมา,15.179443,102.315277,AWN,060362246968|060367096552,874319 บ้านมะระ-โนนสูง|874319 บ้านมะระ-โนนสูง,,,,
นครราชสีมา,15.362777,101.787777,AWN,060362246969,874325 หนองปรือ-ด่านขุนทด,,,,
นครราชสีมา,14.634721,101.884166,AWN|NT,060362246970,874329 บ้านท่าเยี่ยม-ปักธงชัย,060366002692,874329_TYPTC,,
นครราชสีมา,15.420832,102.100555,AWN,060362246971,874333 บ้านครึมม่วง-ขามสะแกแสง,,,,
นครราชสีมา,14.915555,101.794999,AWN|NT,060362246972,874342 คลองขวาง-สูงเนิน,060366005231,874342_KKSNO,,
ชัยภูมิ,16.147499,101.908888,AWN,060362246975,877987 บ้านจมื่น-เกษตรสมบูรณ์,,,,
ชัยภูมิ,16.178332,102.285277,AWN|NT,060362258517,807052ห้วยบ้านไผ่-แก้งคร้อ,060366005154,807052_HBPKK,,
นครราชสีมา,15.398055,102.443333,AWN,060362258520,874381 โนนคูณพัฒนา-คง,,,,
นครราชสีมา,14.89861,102.373332,AWN,060362258522,874430 บ้านขาม-จักราช,,,,
ชัยภูมิ,16.568332,101.960833,AWN,060362231470,877984 บ้านนาบัว-คอนสาร,,,,
ชัยภูมิ,16.487221,102.024443,AWN,060362231471,877985 โคกมะตูม-คอนสาร,,,,
นครราชสีมา,15.338888,101.553888,AWN,060362231481,874304 คลองบง-เทพารักษ์,,,,
ชัยภูมิ,15.424166,101.655833,AWN,060362231482,877990 กุดตาลาด-บำเหน็จณรงค์,,,,
ชัยภูมิ,15.658611,102.115555,AWN,060362231483,877992 แจ้งน้อย-เมืองชัยภูมิ,,,,
ชัยภูมิ,15.658611,101.929721,AWN,060362231484,877995 โนนน้อย-บ้านเขว้า,,,,
ชัยภูมิ,15.934444,102.153888,AWN,060362231485,877996 บ้านซับรวงไทร-เมืองชัยภูมิ,,,,
นครราชสีมา,14.84611,101.568054,AWN,060362115942,874081 บริรักษ์ รีสอร์ท-สีคิ้ว,,,,
นครราชสีมา,15.63111,102.52861,AWN,060363008466,874374 แดงน้อย-บัวลาย,,,,
ชัยภูมิ,15.690277,102.126388,AWN,060362256199,807030 ดอนหัน-เมืองชัยภูมิ,,,,
ชัยภูมิ,15.833333,102.224443,AWN,060362256200,807036 หนองขาม-คอนสวรรค์,,,,
ชัยภูมิ,15.937499,102.208333,AWN,060362256201,807037 หนองไฮ-คอนสวรรค์,,,,
ชัยภูมิ,16.34611,102.305555,AWN,060362256202,807038 ห้างสูง-ภูเขียว,,,,
ชัยภูมิ,16.163055,102.190833,AWN,060362256203,807040 หนองขามเหนือ-แก้งคร้อ,,,,
นครราชสีมา,15.518888,102.239999,AWN,060362256209,874380 ห้วยทราย-คง,,,,
นครราชสีมา,14.681666,102.007222,AWN|NT,060362256210,874385 โคกคลองขุนเทียน-ปักธงชัย,060366001352,874385_KKTPT,,
นครราชสีมา,15.514722,102.494166,AWN,060362256211,874434 โนนประดู่หมู่3-สีดา,,,,
ชัยภูมิ,16.336944,101.984444,AWN,060362256212,877986 บ้านขามป้อม-เกษตรสมบูรณ์,,,,
นครราชสีมา,15.107777,102.291944,AWN|TUC,060362187302,872101 แยกโนนสูง-ดอนหวาย,,,060356031677,NMA0344-U21
นครราชสีมา,14.882777,101.724999,AWN,060362165987,874099 บ้านกลาง-สีคิ้ว,,,,
นครราชสีมา,15.322777,101.61,AWN,060362165991,874075 บ้านเกาะลอย-ด่านขุนทด,,,,
ชัยภูมิ,16.320277,101.872777,AWN,060362165995,877939 บ้านโนนทอง-เกษตรสมบูรณ์,,,,
นครราชสีมา,15.356111,102.448888,AWN|NT,060362166008,874193หน้าวัดป่าเทพาลัย-คง,060366002684,874193_WPTPL,,
ชัยภูมิ,16.375832,101.804166,AWN,060362166009,877960บ้านกลาง-เกษตรสมบูรณ์,,,,
ชัยภูมิ,16.207222,101.906388,AWN,060362058934,877921 ฉนวน-เกษตรสมบูรณ์,,,,
นครราชสีมา,14.608888,102.435277,AWN,060362058941,872855 บ้านหัวทำนบ,,,,
นครราชสีมา,15.511944,102.204722,AWN,060362058943,874029 บ้านหนองหญ้าขาว-คง,,,,
ชัยภูมิ,16.063888,101.680277,AWN,060362058944,877922 บ้านห้วยไผ่ใต้),,,,
นครราชสีมา,14.607222,101.394444,AWN|NT|TUC,060362004332,872112สนามแข่งรถ8สปีดมอเตอร์-ปากช่อง,060366002651,872112_SMTPC,060364028516,NKR7397
นครราชสีมา,14.438333,101.883333,AWN|NT,060361118214,871998 หน้ารีสอร์ทบ้านสวนฉลาดปรุ,060366002649,871998_FBSCR,,
นครราชสีมา,14.801944,102.252777,AWN,060361041543,872017,,,,
นครราชสีมา,14.433054,102.460277,AWN|NT,060361098173,872096 ข้างหลังโรงเรียนเสิงสาง,060366002650,872096_BSSSC,,
นครราชสีมา,14.938888,102.158888,AWN,060361098174,872113 บ้านหนองตาคง-หนองบัวศาลา,,,,
นครราชสีมา,14.669721,101.429999,AWN,060361098176,872115 บ้านตะเคียนทอง-ปากช่อง,,,,
นครราชสีมา,15.601666,102.083054,AWN,060361098177,872118 บ้านดอนเปล้า-บ้านเหลื่อม,,,,
นครราชสีมา,15.134444,102.802222,AWN,060361098178,872119 บ้านตาจง-ชุมพวง,,,,
นครราชสีมา,14.935555,102.165,AWN,060361098180,872121 บ้านเคียงเขต,,,,
นครราชสีมา,14.892777,101.852222,AWN|NT,060361098181,872125 หมู่บ้านพิชชาพร-ซีเกต,060366001335,872125_PCPSG,,
นครราชสีมา,14.896388,101.731666,AWN|NT,060361098182,872126 บ้านใหม่พรสวรรค์-สีคิ้ว,060366001336,872126_BMPSK,,
ชัยภูมิ,15.676388,102.108888,AWN,060361098186,877689 บ้านดอนขวาง-เมืองชัยภูมิ,,,,
ชัยภูมิ,15.796666,101.664722,AWN,060361098187,877690 บ้านดอนกอก,,,,
ชัยภูมิ,15.846944,101.723888,AWN,060361098188,877691บ้านห้วยไฮ-หนองบัวระเหว,,,,
ชัยภูมิ,16.072499,101.520832,AWN,060361098189,877692 บ้านหัวนาคำ,,,,
ชัยภูมิ,16.070832,102.158611,AWN,060361098191,877696บ้านโคกล่าม-แก้งคร้อ,,,,
นครราชสีมา,14.883333,101.975277,AWN,060360020701,870910 โปร่งแมลงวัน-โคกกรวด,,,,
ชัยภูมิ,16.133888,102.094444,AWN,060360020709,877415 กุดโง้ง-แก้งคร้อ,,,,
ชัยภูมิ,16.061111,101.487777,AWN,060360020711,877593 แทงค์ประปาบ้านคลองจันลา-ภักดีชุมพล,,,,
ชัยภูมิ,16.419999,101.822499,AWN,060360020712,877594 ห้วยหินลับ-หนองโพนงาม,,,,
ชัยภูมิ,15.559722,101.441666,AWN,060360020713,877596 ข้างโรงเรียนวังใหม่พัฒนา-เทพสถิตย์,,,,
ชัยภูมิ,15.64611,101.470554,AWN,060360020714,877597 ข้างโรงเรียนบ้านเสลี่ยงทอง-เทพสถิตย์,,,,
ชัยภูมิ,15.593333,101.456388,AWN,060360020716,877600 บ้านวังอ้ายโพธิ์ฯ,,,,
ชัยภูมิ,15.374166,101.458055,AWN|NT,060360020717,877601 บ้านมอสามชั้น-เทพสถิตย์,060366001377,877601_MSCTS,,
ชัยภูมิ,15.531943,101.430832,AWN,060360020718,877602 บ้านคลองสระแก้ว-เทพสถิตย์,,,,
นครราชสีมา,14.745277,101.900277,AWN,060360006280,871360 พ็อตเตอร์ฟาร์ม-สูงเนิน,,,,
นครราชสีมา,14.660277,101.485277,AWN,060359121716,870176 หมู่บ้านวิวสวยฟ้าใส,,,,
นครราชสีมา,14.637777,101.256944,AWN,060359121717|060366005018,870664 กลางดง-ปากช่อง|870664 กลางดง-ปากช่อง,,,,
นครราชสีมา,15.006388,102.274443,AWN,060359121721|060365061814,871024 ท่าช้าง-เฉลิมพระเกียรติ|871024,,,,
ชัยภูมิ,15.385555,101.437221,AWN,060359121731,877384 วะตะแบก-เทพสถิต,,,,
ชัยภูมิ,15.566388,102.018054,AWN|NT|TUC,060359121733,877410 ตาเนิน-เนินสง่า,060363132491,CPM0024-L23,060357022921,CPM0024-U21
ชัยภูมิ,16.283054,102.300833,AWN|NT,060359121734|060367029010,877413 บ้านดงเมย-ภูเขียว|877413 บ้านดงเมย-ภูเขียว,060361191787,CPM0079-L23,,
นครราชสีมา,15.3,101.735277,AWN|NT,060359121794,871115 ริมสระน้ำ-วัดบ้านไร่),060366002611,871115_SOPBR,,
นครราชสีมา,15.3,101.735555,AWN,060359121795,871115 วิหารเทพ-วัดบ้านไร่),,,,
ชัยภูมิ,15.791666,101.997221,AWN,060359051998,877369 สน.ปตท.หจก.เจริญทรัพย์ชัยภูมิ,,,,
นครราชสีมา,14.985555,102.09861,AWN|NT,060359052070,870148,060366000613,870148_OBMNH,,
นครราชสีมา,14.853611,102.084721,AWN|NT,060359052072,870294 สวนสัตว์นครราชสีมา-บ้านยีราฟ,060363058809,870294_KRZGR,,
นครราชสีมา,14.984999,102.099166,AWN|NT,060359052075,870486 โรงพยาบาลมหาราช นครราชสีมา ตึกทันตกรรม,060366000645,870486_DTMHR,,
นครราชสีมา,14.983888,102.100277,AWN|NT,060359052076,870488 โรงพยาบาลมหาราช นครราชสีมา สถานีสูบน้ำ,060366000646,870488_MHPPS,,
นครราชสีมา,14.98611,102.101666,AWN|NT,060359052077,870489 โรงพยาบาลมหาราช นครราชสีมา หอพักแพทย์เก่า,060366000647,870489_MHODT,,
นครราชสีมา,14.983333,102.103888,AWN|NT,060359052078,870490โรงพยาบาลมหาราช นครราชสีมา บ้านพักเจ้าหน้าที่),060366000648,870490_MHOFR,,
ชัยภูมิ,16.375554,102.128332,AWN|NT,060361180361,877739 โรงพยาบาลภูเขียว,060366001383,877739_PKWHP,,
นครราชสีมา,15.192777,101.762222,AWN,060361180378,872074 บิ๊กซี ซูเปอร์เซ็นเตอร์ สาขา ด่านขุนทด,,,,
นครราชสีมา,14.969166,102.099721,AWN|NT,060361155362,870191 ศาลจังหวัดนครราชสีมา,060366001293,870191_NMPVC,,
นครราชสีมา,14.650277,101.863888,AWN,060361155363,871880 หน้าโรงงานจิม ทอมป์สัน-ปักธงชัย,,,,
นครราชสีมา,14.949166,102.060555,AWN|NT,060361112892,872144หมู่บ้านอาบจันทร์,060366001341,872144_MACMN,,
นครราชสีมา,14.871388,101.764166,AWN,060358041179,870405 ข้างวัดมะเกลือใหม่),,,,
นครราชสีมา,15.589166,102.425832,AWN|NT,060358041181,870425 โรงเรียนอมรศิลป์ บัวใหญ่),060363058839,870425_AMBYS,,
นครราชสีมา,15.270277,102.090277,AWN|NT,060358079556|060365061810,870880 หนองดูม-โนนไทย|870880 หนองดูม-โนนไทย,060360068114,870880_NDMNT,,
นครราชสีมา,14.959166,102.07361,AWN|NT,060359032889,870505 หน้าหมู่บ้านฐิติรัตน์,060363058870,870505_FMBTR,,
นครราชสีมา,14.546944,101.506944,AWN,060358070466|060365124791,870181 บ้านสระน้ำใส|870181 บ้านสระน้ำใส,,,,
นครราชสีมา,14.653333,101.9,AWN,060358069224,870677 พระบึงใน-ปักธงชัย,,,,
นครราชสีมา,14.898333,102.037221,AWN|NT,060359022669,871081 ม.สุรนารีวิลล์โครงการ3ฯ,060363059210,871081_SRNRE,,
นครราชสีมา,14.982777,102.115277,AWN|NT,060359022670,871086 ศูนย์อาหาร ราชภัฏโคราช,060366000699,871086_FCTRN,,
นครราชสีมา,14.963055,102.063333,AWN|NT,060359022674,871105 ปากซอยหมู่บ้านประกอบ,060363059214,871105_PSMPK,,
นครราชสีมา,15.374443,101.834166,AWN|NT,060359022675,871106 โรงเรียนบ้านประดู่งาม-ด่านขุนทด,060366002610,871106_BPDKT,,
นครราชสีมา,14.917499,102.051111,AWN|NT,060359022676,871135 วัดป่าแสงธรรมพรมรังสี-ปรุใหญ่),060363059220,871135_WSTPY,,
ชัยภูมิ,15.445277,101.431943,AWN|NT,060359015443|060367012542,877438 ซับเจริญ-เทพสถิต|877438 ซับเจริญ-เทพสถิต,060361127694,877438_SCRTT,,
ชัยภูมิ,15.909444,101.865277,AWN,060359015445,877440 บ้านห้วยตะแคง-ชัยภูมิ,,,,
ชัยภูมิ,15.874721,101.892221,AWN,060359015446,877441บ้านห้วยยาง-ชัยภูมิ,,,,
ชัยภูมิ,15.950833,101.819999,AWN|NT,060359015447,877442บ้านใหม่สามพันตา-ชัยภูมิ,060366000777,877442_BMSPC,,
ชัยภูมิ,15.950555,101.828054,AWN|NT,060359015448,877443 บ้านสามพันตา-ชัยภูมิ,060366000778,877443_SPTCP,,
ชัยภูมิ,15.555555,101.445833,AWN,060359015450,877448 บ้านวังใหม่พัฒนา-เทพสถิตย์,,,,
ชัยภูมิ,15.784999,102.201388,AWN,060359015451,877453 หน้าสถานีตำรวจภูธรลาดใหญ่),,,,
ชัยภูมิ,16.026943,102.019721,AWN,060359015456,877311 ห้วยหมากแดง-ตาดโตน,,,,
นครราชสีมา,14.387499,101.702222,AWN|NT,060359015479|060367012543,878414 บ้านสันกำแพง|878414 บ้านสันกำแพง,060361127806,878414_BSPGM,,
ชัยภูมิ,16.472777,101.772499,AWN,060359055908,877477 บ้านน้ำทิพย์-คอนสาร,,,,
ชัยภูมิ,15.736666,101.773054,AWN|NT,060359033037,877308 โรงพยาบาลหนองบัวระเหว,060366000770,877308_NBRWH,,
ชัยภูมิ,16.016943,101.79361,AWN,060359033038,877310 กุดชุมแสง-หนองบัวแดง,,,,
ชัยภูมิ,16.080554,101.802222,AWN|NT,060359033039,877342 รร.หนองบัวแดงวิทยาชัยภูมิ,060366000771,877342_NBDSC,,
ชัยภูมิ,15.797221,102.025277,AWN|NT,060359033040,877373อาคารเอนกประสงค์ รร.เมืองพญาแลวิทยา,060366000775,877373_MTPYL,,
ชัยภูมิ,16.138888,102.289721,AWN|NT,060359033041,877379 ชุมชนสระประทุมหมู่9-แก้งคร้อ,060366002757,877379_CSPTK,,
นครราชสีมา,15.016388,102.143333,AWN,060359022614,870791เอื้ออาทร-บ้านเกาะ,,,,
นครราชสีมา,14.702222,101.781666,AWN,060359022615,870830 บ้านบุตาสง-มะเกลือเก่า,,,,
นครราชสีมา,14.979999,102.069721,AWN|NT,060359022616,870872 หอพักพนักงานนครชัยแอร์-ถนนมิตรภาพ,060363059157,870872_HNKCA,,
นครราชสีมา,14.95,102.042499,AWN|NT,060359022617,870930 ตลาดการเคหะ-เซฟวัน,060363059166,870930_HSMKO,,
นครราชสีมา,14.501666,102.022221,AWN,060359022618,870931 บ้านหนองแวง-อุดมทรัพย์,,,,
นครราชสีมา,14.6575,101.481388,AWN|NT,060359022619,870933 บ้านหัวสนาม-หนองสาหร่าย,060363059167,870933_BHSNR,,
นครราชสีมา,14.905555,102.14861,AWN|NT,060359022621,870935 บ้านหนองปลิงใหม่-โนนสูง,060366002603,870935_NPMNB,,
นครราชสีมา,14.715833,102.456388,AWN,060359022624,870945 บ้านซับตระคร้อ-หนองบุญนาค,,,,
นครราชสีมา,14.88861,102.221943,AWN|NT,060359022627,870950 หน้า อบต.ท่าจะหลุง,060363059171,870950_OBTCL,,
นครราชสีมา,14.588888,102.182221,AWN|NT,060359022628,870951 ตรงข้าม รร.บ้านโคกสะอาดฯ,060366000680,870951_BKSKB,,
นครราชสีมา,14.696944,102.291388,AWN,060359022630,870953 หนองกระทุ่ม-หนองบุญมาก,,,,
นครราชสีมา,14.695555,102.452222,AWN,060359022631,870954 ชุมชนบ้านหนองบุญนาก,,,,
นครราชสีมา,14.609166,102.434999,AWN,060359022632,870955 หัวทำนบ-หนองบุญนาค,,,,
นครราชสีมา,15.211111,102.534166,AWN|NT,060359022633,870956 วัดกาลาเวก-รังกาใหญ่พิมาย,060363059173,870956_KLWPM,,
นครราชสีมา,15.453055,102.518054,AWN|NT,060359022634,870957หน้าวัดปริยัติโสภณารามฯ,060363059174,870957_WPRND,,
นครราชสีมา,14.740277,102.394999,AWN|NT,060359022635,870958 บ้านใหม่ไทยเจริญฯ,060366000681,870958_BMTCB,,
นครราชสีมา,14.792777,102.439721,AWN|NT,060359022636,870959บ้านราษฎร์พัฒนา-หนองบุญมาก,060363059175,870959_BRPBN,,
นครราชสีมา,14.814444,101.900555,AWN|NT,060359022637,870960 สองคร-สูงเนิน,060366000682,870960_SKSUN,,
นครราชสีมา,14.908333,101.743055,AWN|NT,060359022640,870963 ห้วยหิน-สีคิ้ว,060366002604,870963_HHNSK,,
นครราชสีมา,14.868888,101.671943,AWN|NT,060359022641,870964 หน้า รร.บ้านคลองตะแบกฯ,060363059178,870964_BKTBS,,
นครราชสีมา,14.526666,102.243055,AWN,060359022642,870966 หน้าตลาดเทศบาลแซะ-ครบุรี,,,,
นครราชสีมา,14.620832,102.142777,AWN,060359022644,870968 ข้าง รร.บ้านใหญ่ประถมฯ,,,,
นครราชสีมา,14.928888,101.959444,AWN|NT,060359022645,870969 สี่แยกวัดหนองหว้า-โคกกรวด,060363059180,870969_SYNWK,,
นครราชสีมา,14.827499,102.532221,AWN,060359022648,870972 ชุมชนวัดชัยมงคลสามัคคี-จักราช,,,,
นครราชสีมา,14.939166,101.838888,AWN|NT,060359022651,870976 หน้า รร.บ้านโคกมะกอก-สีคิ้ว,060366000683,870976_BMKSK,,
นครราชสีมา,14.390277,102.390833,AWN|NT,060359022653,870991 บ้านหนองหลักศิลา-เสิงสาง,060366002606,870991_BNLSG,,
นครราชสีมา,14.713888,101.78111,AWN,060359022654,871002 บ้านนาคำไฮ-สูงเนิน,,,,
นครราชสีมา,15.004722,102.594999,AWN,060359022655|060367055407,871003บ้านบุตะเภา-ห้วยแถลง|871003 บ้านบุตะเภา-ห้วยแถลง,,,,
นครราชสีมา,14.730277,101.444999,AWN|NT,060359022656,871008ชุมชนบ้านน้อยทุ่งสว่าง-ปากช่อง,060363059192,871008_CBTSW,,
นครราชสีมา,14.939444,102.126388,AWN|NT,060359022657,871010หน้าบริษัทโคราชสตีลคอมเพล็กซ์-หนองบัวศาลา,060366000687,871010_KRSCN,,
นครราชสีมา,15.275832,101.693055,AWN|NT,060359022658,871013หมู่บ้านหนองพลวง-เทพารักษ์,060363059193,871013_MBNPT,,
นครราชสีมา,14.73611,102.165555,AWN|NT,060359022659,871014 หน้าโรงเรียนโชคชัยสามัคคี,060363059194,871014_FCSMK,,
นครราชสีมา,15.560833,102.413888,AWN|NT,060359022660,871015 โรงเรียนบัวใหญ่),060366000688,871015_BUYSC,,
นครราชสีมา,14.746388,101.48111,AWN|NT,060359022662,871017 วิทยาลัยการอาชีพปากช่อง,060366000689,871017_PCVCL,,
นครราชสีมา,14.968332,102.101944,AWN|NT,060359022666,871048 หน้าสถานีรถไฟจิระ,060363059198,871048_FJRTS,,
นครราชสีมา,14.783333,101.5575,AWN|NT,060359022667|060359059075,871078 เขายายเที่ยงใต้-สีคิ้ว|871098 บ้านเขายายเที่ยงใต้-คลองไผ่),060366000701,871098_BKYTP,,
นครราชสีมา,14.940555,102.058611,AWN|NT,060359022668,871079 ซอยพุทธศรีไชโย-โคราช,060363059209,871079_SPSCK,,
นครราชสีมา,14.647499,101.407777,AWN|NT,060359017493,870060 บ้านกล้วยน้ำว้า-เขาใหญ่),060366000594,870060_KNWKY,,
นครราชสีมา,14.715,101.454722,AWN|NT,060358046793,870439 โคกสง่า-ปากช่อง,060366000642,870439_KSGPC,,
นครราชสีมา,14.622777,101.516388,AWN|NT,060358046795,870448 สามแยกหนองตะกู-ปากช่อง,060360120804,870448_SYNTK,,
นครราชสีมา,15.343055,102.175554,AWN|NT,060358046799,870482 ข้าง รร.ขามสะแกแสง,060363058863,870482_SKMSK,,
นครราชสีมา,14.57361,101.281388,AWN,060358046800,870483 บิ๊กเม้าท์ เขาใหญ่),,,,
นครราชสีมา,14.727777,101.444999,AWN|NT,060358046801,870484 บ้านท่าเลื่อน ซอย 2-ปากช่อง,060363058865,870484_BTLPC,,
ชัยภูมิ,15.571388,101.855277,AWN,060358046808,877302 ตรงข้ามโรงพยาบาลจตุรัส,,,,
นครราชสีมา,14.946388,102.04111,AWN,060358026097,870460,,,,
นครราชสีมา,14.448888,102.263611,AWN,060359193864,871474 โคกกระชาย-ครบุรี,,,,
นครราชสีมา,14.4075,102.356944,AWN,060359193865,871477ครบุรี-ตะแบกบาน,,,,
นครราชสีมา,14.469166,102.555833,AWN|NT,060359193866,871480 บ้านหนองสนวน-กุดโบสถ์,060366000717,871480_BNSKB,,
นครราชสีมา,15.468888,102.245833,AWN,060359193867,871489 บ้านหนองกก-โนนเต็ง,,,,
นครราชสีมา,14.895277,101.599721,AWN|NT,060359193868,871507 สีคิ้ว-คลองไผ่),060366000719,871507_SIKKP,,
นครราชสีมา,14.690833,101.255277,AWN,060359193870,871514 บ้านถ้ำเต่าพัฒนา-กลางดง,,,,
ชัยภูมิ,15.716666,101.452777,AWN|NT,060359193876,877580 บ้านน้ำลาด-นายางกลัก,060366000783,877580_BNLNK,,
นครราชสีมา,14.611666,101.85,AWN|NT,060359104933,871181 ลำนางแก้ว-ปักธงชัย,060366005198,871181_LNKPT,,
นครราชสีมา,15.331666,101.819999,AWN|NT,060359104934|060367028989,871182 บ้านแปรง-ด่านขุนทด|871182 บ้านแปรง-ด่านขุนทด,060366005199,871182_BPGDT,,
นครราชสีมา,15.643055,102.514166,AWN|NT,060359104935,871183 เมืองพะไล-บัวลาย,060366005200,871183_MPLBL,,
นครราชสีมา,15.207777,102.045555,AWN|NT,060359104937|060367028991,871185 ด่านกรงกราง-โนนไทย|871185 ด่านกรงกราง-โนนไทย,060366005202,871185_DKGNT,,
นครราชสีมา,15.613333,102.369443,AWN|NT,060359104939,871187 ห้วยยาง-บัวใหญ่),060366005204,871187_HYGBY,,
นครราชสีมา,15.231943,101.83611,AWN|NT|TUC,060359104940,871188 โคงตะคร้อ-หนองบัวละคร,060366005205,871188_KTKNB,060360238066,NMA0447-U21
นครราชสีมา,15.157777,102.359722,AWN|NT,060359104941|060367028992,871189 โนนประดู่-ดอนชมพู|871189 โนนประดู่-ดอนชมพู,060366005206,871189_NPDCP,,
นครราชสีมา,15.683333,102.290555,AWN|NT|TUC,060359104942,871191 ศิลาทอง-บึงพะไล,060366005208,871191_SLTPL,060360261849,NMA0488-U21
นครราชสีมา,15.517221,102.623332,AWN|NT,060359104943|060365124793,871192โนนตะคร้อท่าข้าม-กระทุ่มราย|871192,060366005209,871192_NTKTR,,
นครราชสีมา,15.301944,102.204722,AWN,060359104944,871193 บ้านกลึง-ขามเฒ่า,,,,
นครราชสีมา,15.258611,102.529443,AWN|NT,060359104945|060366037528,871194 ท่าหลวง-พิมาย|871194 ท่าหลวง-พิมาย,060366005210,871194_TLPMI,,
นครราชสีมา,14.851944,102.084721,AWN|NT,060358001043,870132 ร้านสหกรณ์สวนสัตว์นครราชสีมา,060363100997,870132_SHKNZ,,
นครราชสีมา,14.800833,101.370832,AWN,060358001045|060368179819,878994 หนองใหญ่-จันทึก|878994 หนองใหญ่-จันทึก,,,,
นครราชสีมา,14.974721,102.060555,AWN|NT,060358037191,870434 ชุมชนคลองโพธิ์,060363058841,870434_CKPHO,,
นครราชสีมา,14.319721,102.425554,AWN|NT,060358037192,870436 ราษฎร์สามัคคี-เสิงสาง,060366000641,870436_RSKSG,,
นครราชสีมา,14.97361,102.069999,AWN|NT,060358037194,870442 หลังวัดหนองจะบก,060363058844,870442_LWNCB,,
นครราชสีมา,15.010277,102.413333,AWN|NT,060358037197,870449 หน้าโรงเรียนจักราชวิทยา,060363058847,870449_FCKRS,,
นครราชสีมา,14.923888,102.111111,AWN,060358037198,870454 เสาวิทยุ-หนองไผ่พัฒนาหมู่ 10,,,,
นครราชสีมา,14.941666,102.046388,AWN|NT,060358037199,870461 ชุมชนคลองส่งน้ำ,060360192536,870461_CCKSN,,
นครราชสีมา,14.957222,102.036666,AWN|NT,060358037200,870462 หน้าโรงเรียนราชสีมา,060363058854,870462_FRSMS,,
นครราชสีมา,14.969443,102.04861,AWN|NT,060358037201,870463 บ้านหนองหอย-สวนพริกไทย,060363058855,870463_NHSPT,,
ชัยภูมิ,15.942499,102.323054,AWN|NT,060358037203|060365061591,877307บ้านคอนสวรรค์-คอนสวรรค์|877307,060366000769,877307_BNKSW,,
นครราชสีมา,14.975832,102.068332,AWN|NT,060358037262,870450หลังโลตัส-นครราชสีมา,060363058848,870450_LGLTS,,
นครราชสีมา,14.328888,102.450277,AWN|NT,060357021169|060365061613,878268 บ้านราษฎร์|878268 บ้านราษฎร์,060361127797,878268_BNRTM,,
นครราชสีมา,14.49111,101.544166,AWN|NT,060357021171|060365061615,878296 วัดมงกุฎคีรีวัน|878296 วัดมงกุฎคีรีวัน,060361105112,878296_WMKRM,,
นครราชสีมา,15.027221,102.334444,AWN,060357021175|060368173247,878333 บ้านตูม|878333 บ้านตูม,,,,
นครราชสีมา,14.380554,101.739444,AWN|NT,060357021180|060367076563,878385 บ้านบุเจ้าคุณ|878385 บ้านบุเจ้าคุณ,060361127802,878385_BJKNM,,
นครราชสีมา,14.540277,101.247777,AWN|NT,060357021181,878387 ซับใต้),060361127803,878387_SBTAM,,
นครราชสีมา,15.548888,102.074443,AWN|NT,060357021184,878525ช่อระกา-บ้านเหลี่ยม,060366000812,878525_CRKLM,,
นครราชสีมา,14.599721,101.379443,AWN|NT,060357021186,878607 สำนักสงฆ์สามัคคีธรรมปากช่อง,060361127822,878607_SMKPM,,
นครราชสีมา,14.979443,102.075554,AWN,060357021187,878679 เดอะมอลล์ คาร์ปาร์ค นครราชสีมา,,,,
นครราชสีมา,14.97861,102.09611,AWN|NT,060359044675,870565 หน้าไอที-หลังตลาดร่วมใจ,060363058884,870565_ITLRJ,,
ชัยภูมิ,15.863888,102.054166,AWN,060359044680,877200 โรงงานน้ำแข็งบัวทอง,,,,
นครราชสีมา,14.828332,101.416666,AWN|NT,060359044730,871230 ภูสอยดาว-จันทึก,060366000707,871230_PSDCT,,
นครราชสีมา,14.653888,101.418054,AWN|NT,060359044731,871234 บ้านตะเคียนทอง-ขนงพระ,060363059232,871234_BTKNP,,
นครราชสีมา,14.452222,101.744166,AWN|NT,060359044733,871236 บ้านยุบอีปูน-วังหมี,060366000710,871236_BYIWM,,
ชัยภูมิ,15.510833,101.436388,AWN,060359044735,877502 ยางเตี้ย-เทพสถิตย์,,,,
ชัยภูมิ,15.578888,101.506111,AWN,060359044736|060367072077,877507 วังตาเทพ-เทพสถิต|877507 วังตาเทพ-เทพสถิต,,,,
ชัยภูมิ,16.122221,101.734444,AWN,060359022701|060368173245,877402 บ้านหนองปล้อง-หนองบัวแดง|877402 บ้านหนองปล้อง-หนองบัวแดง,,,,
ชัยภูมิ,16.14111,101.68611,AWN,060359022702,877404 บ้านห้วยหว้า-หนองบัวแดง,,,,
นครราชสีมา,15.363333,101.992499,AWN|NT,060358008473|060365050976,870385 โนนสง่า-พระทองคำ|870385 โนนสง่า-พระทองคำ,060363058822,870385_NSPTK,,
นครราชสีมา,14.92111,101.951666,AWN,060358008937,870297 คอลเซ็นเตอร์ นครราชสีมา,,,,
นครราชสีมา,14.739721,102.163055,AWN|NT,060357069069,878773หลังโรงเรียนโชคชัยสามัคคี,060360118898,878773_RCSKM,,
นครราชสีมา,14.980832,102.113611,AWN|NT,060357055324,870021ซิตี้โฮมโคราช,060360192526,870021_CTHKR,,
นครราชสีมา,14.468054,102.526388,AWN|NT,060357055326|060365061801,870065 บ้านสมบัติเจริญ-เสิงสาง|870065 บ้านสมบัติเจริญ-เสิงสาง,060366000595,870065_SBCSG,,
นครราชสีมา,14.889444,101.879166,AWN|NT,060357055327,870112 เยื้องโรงฟักไข่-กุดจิก,060360120794,870112_YRFKJ,,
นครราชสีมา,14.727221,101.328054,AWN|NT,060357055337,878939บ้านเหนือแก่นเท้า-ปากช่อง,060366000835,878939_NKTPC,,
นครราชสีมา,15.692221,102.446388,AWN|NT,060357009732|060365061633,878895 บ้านหนองขาม-บัวลาย|878895 บ้านหนองขาม-บัวลาย,060361127859,878895_NKBLI,,
นครราชสีมา,14.784166,102.107222,AWN,060357009791|060367072061,870002 บ้านท่าตะเคียน-อ่างหิน|870002 บ้านท่าตะเคียน-อ่างหิน,,,,
นครราชสีมา,15.075554,102.266111,AWN|NT,060357009792,870003 ด่านทองหลาง-โนนสูง,060363100985,870003_DTLNS,,
นครราชสีมา,14.913333,102.005833,AWN|NT,060357009798,878791 ครัวลุงนพ,060361127841,878791_KRLNP,,
นครราชสีมา,14.53111,102.180554,AWN|NT,060356033939|060365061608,878213 จระเข้หิน|878213 จระเข้หิน,060366000793,878213_CRKHM,,
นครราชสีมา,14.841666,101.609722,AWN|NT,060359059071,870475 ปตท.หจก.เลิศสวัสดิ์ปิโตเลียม,060363058861,870475_PTLSW,,
นครราชสีมา,14.746944,102.34611,AWN|NT,060359059072,870539 สน.ปตท.บจ.หมูทองออยล์,060363058880,870539_PMOTO,,
นครราชสีมา,14.894166,102.070277,AWN|NT,060359059074,870723 ปากทางเข้าบ้านถนนหัก,060363058899,870723_PKTNH,,
นครราชสีมา,15.228332,102.86,AWN|NT,060359059076,871220 หนองทุ่ม- ชุมพวง,060366000706,871220_NTUCP,,
นครราชสีมา,15.718054,102.682777,AWN|NT,060359059077|060367028994,871225 หนองม่วง- ประทาย|871225 หนองม่วง-ประทาย,060366002613,871225_NMGPT,,
นครราชสีมา,15.116111,102.405555,AWN,060359059078,871251 ดอนหวาย-พิมาย,,,,
นครราชสีมา,14.811666,101.652222,AWN,060359059099,870156 สนามยิงปืน แสงสิงแก้ว,,,,
นครราชสีมา,14.327777,101.930277,AWN,060359059100,870171 เก้าตะวันพันดาว,,,,
นครราชสีมา,14.386666,101.819999,AWN,060359059101,870282 วัดเขาแผงม้า,,,,
นครราชสีมา,14.495833,102.171943,AWN|NT,060359059102,870473 บ้านพักพนักงานโรงงานน้ำตาลครบุรี,060366000643,870473_HKBSG,,
นครราชสีมา,14.879721,101.853611,AWN|NT,060359059103,ประเทศไทย) จำกัด,060363058882,870554_SGTTL,,
นครราชสีมา,14.72111,101.414166,AWN|NT,060359059105,871231วัดพิมพาราม-ปากช่อง,060363059231,871231_WPRPC,,
ชัยภูมิ,15.823054,101.434999,AWN,060359059115,877274 วัดเขาบังเหย,,,,
ชัยภูมิ,15.439721,101.688333,AWN|NT,060359059116,877343 แทงค์น้ำโรงพยาบาลบำเหน็จณรงค์,060366000772,877343_WTBNH,,
นครราชสีมา,14.9,102.051666,AWN,060359044668,870513 ยูเนเจอร์ รีสอร์ท,,,,
นครราชสีมา,14.896944,102.189444,AWN|NT,060359044669|060366005014,870516 หนองพะลาน-หนองระเวียง|870516,060366000650,870516_NPLNR,,
นครราชสีมา,14.631943,101.238055,AWN,060359044670,870535 สน.ปตท.หจก.เรืองชัยกิจปิโตรเลียม,,,,
นครราชสีมา,15.55,102.548055,AWN|NT,060359044671,870538 สน.ปตท.หจก.สีดาทวีชัยการปิโตรเลียม,060363058879,870538_PSDTK,,
นครราชสีมา,15.251944,102.401944,AWN|NT,060359044672,870540 สน.ปตท.บจ.ประกิจปิโตรเลียม,060363058881,870540_PPKPL,,
นครราชสีมา,15.419721,102.166666,AWN,060358058037,870650 เมืองทอง-ขามสะแกแสง,,,,
นครราชสีมา,14.932499,101.640555,AWN|NT,060358058040|060366005017,870656 หนองหญ้าขาว-สีคิ้ว|870656 หนองหญ้าขาว-สีคิ้ว,060360120814,870656_NYKWS,,
นครราชสีมา,14.757777,102.319443,AWN|NT,060358058041,870658 แหลมทอง-หนองบุญมาก,060366000656,870658_LTNBK,,
นครราชสีมา,14.792777,102.300833,AWN|NT,060358058042,870660 โคกลอย-แหลมทอง,060361105097,870660_KLMTG,,
นครราชสีมา,14.692777,102.020554,AWN|NT,060358058043,870678 สี่แยกลำพระเพลิง-นกออก,060363058894,870678_SYNOK,,
นครราชสีมา,15.133888,102.800555,AWN,060358058049,870687 โนนแดง-ชุมพวง,,,,
นครราชสีมา,15.083888,102.232499,AWN,060356001393,878061 บ้าน ดอนขวาง,,,,
นครราชสีมา,14.636666,102.205833,AWN|NT,060356001398|060367029017,|878119 บ้านดอนไพร,060362226934,878119_BDPIM,,
นครราชสีมา,14.939444,102.198888,AWN|NT,060356001403|060363120362,878157 บ้านชะอม|878157 บ้านชะอม,060362226936,878157_BCOMM,,
นครราชสีมา,14.446944,102.34861,AWN,060356001404,878173 บ้านหนองบัว,,,,
นครราชสีมา,14.5125,102.284444,AWN|NT,060356001412|060365061628,878444 โคกกรวดครบุรี|878444 โคกกรวดครบุรี,060366000809,878444_KKBRM,,
นครราชสีมา,14.881388,102.17361,AWN|NT,060356001414|060363120364,878455 บ้านหนองแหน|878455 บ้านหนองแหน,060360120880,878455_NHERM,,
นครราชสีมา,15.27861,102.29861,AWN,060357057633,878999 ตำบลมะค่า,,,,
นครราชสีมา,15.003888,102.559444,AWN|NT,060356016908|060365061597,878071 หินดาด|878071 หินดาด,060360120848,878071_HNDDM,,
นครราชสีมา,15.293888,101.808888,AWN|NT,060356016909|060365061598,878072 บ้านโนนระเวียง|878072 บ้านโนนระเวียง,060361127699,878072_BNRWM,,
นครราชสีมา,15.424166,102.892221,AWN|NT,060356016911,878155 เมืองยาง,060363059787,878155_MGYGM,,
นครราชสีมา,14.498333,102.240833,AWN|NT,060356016920|060365061612,878267 บ้านอังโกน|878267 บ้านอังโกน,060366000794,878267_BUGNM,,
นครราชสีมา,15.395277,102.020554,AWN|NT,060356016921|060365050997,878269 ตะเคียนงาม|878269 ตะเคียนงาม,060366000795,878269_TKEMM,,
นครราชสีมา,15.676666,102.155555,AWN|NT,060356016924|060366031079,878282 บ้านสีสุก|878282 บ้านสีสุก,060366000798,878282_BSUKM,,
นครราชสีมา,15.6075,102.764722,AWN|NT,060356016931|060365061616,878312 หนองค่าย|878312 หนองค่าย,060366000801,878312_NOKHM,,
นครราชสีมา,15.471388,102.797777,AWN|NT,060356016932|060365061617,878315 บ้านลิ้นฟ้า|878315 บ้านลิ้นฟ้า,060366000803,878315_BNLFM,,
นครราชสีมา,15.001388,102.5025,AWN|NT,060356016933,878327 บ้านหินโคน,060360120870,878327_BAHCM,,
นครราชสีมา,15.378888,102.319721,AWN|NT,060356016935|060365061622,878336 หัวบึง|878336 หัวบึง,060363059801,878336_HUBUM,,
นครราชสีมา,15.413055,102.713888,AWN|NT,060356016937|060366031081,878344 บ้านสุกร|878344 บ้านสุกร,060363059803,878344_BASUM,,
นครราชสีมา,15.13361,102.206666,AWN|NT,060356016939|060365061624,878357 ด่านคล้า|878357 ด่านคล้า,060360118861,878357_DNKHM,,
นครราชสีมา,15.193055,101.59361,AWN|NT,060356016940|060366031082,878366 ห้วยจระเข้)|878366 ห้วยจระเข้),060361127801,878366_HCRKM,,
นครราชสีมา,15.253611,102.138055,AWN|NT,060356016941,878433 บ้านแฉ่ง,060361127808,878433_BCANM,,
นครราชสีมา,15.360277,101.818054,AWN|NT,060356016947|060365061627,878442 บ้านระไหว|878442 บ้านระไหว,060361127813,878442_RWAIM,,
นครราชสีมา,14.353611,101.897777,AWN,060367085428|060359054688,871077 ตรงข้าม ณริสาเพลส วังน้ำเขียว|871077 ตรงข้าม ณริสาเพลส วังน้ำเขียว,,,,
นครราชสีมา,15.422777,102.908611,AWN,060367092094,800813 หน้าโรงพยาบาลเฉลิมพระเกียรติสมเด็จย่า 100 ปี,,,,
นครราชสีมา,14.521943,101.430832,AWN,060367092095,800829 เขาใหญ่แลนด์วิว-ปากช่อง,,,,
นครราชสีมา,14.873332,101.848888,AWN|NT,060367092107|060357045844,878974 โรงงานเอ็นเคแมคคาทรอนิกส์สูงเนิน|878974โรงงานเอ็นเคแมคคาทรอนิกส์ฯ,060363059847,878974_NKMSN,,
นครราชสีมา,14.511111,101.534999,AWN,060367055423,800173 โรงแรมเขาใหญ่-อินเตอร์คอน,,,,
นครราชสีมา,14.637221,101.24111,AWN|NT,060367055424,800482 บริษัท ไมเนอร์ แดรี่ จำกัด,060367091110,800482_MNDCL,,
นครราชสีมา,14.850833,101.571943,AWN|NT,060357055418,878691 สถานีตำรวจคลองไผ่-สีคิ้ว,060366002769,878691_KPSSM,,
นครราชสีมา,14.699721,102.224443,AWN,060357055419,878771หนองกระทุ่ม-ท่าเยี่ยม,,,,
ชัยภูมิ,16.238333,101.493333,AWN,060357032036,877137 บ้านโนนศรีสง่า,,,,
ชัยภูมิ,16.650833,101.764444,AWN,060357032037,877155,,,,
นครราชสีมา,14.744444,101.368888,AWN|NT,060357045921,878762สวนขวัญศรี,060366000818,878762_KSEGD,,
นครราชสีมา,14.974166,102.079443,AWN|NT,060357045922,878829 หน้ามารีย์วิทยา,060366000825,878829_OPMRE,,
ชัยภูมิ,15.68861,101.760555,AWN,060356058005,877180 บ้านห้วยบง,,,,
นครราชสีมา,14.990555,102.695833,AWN,060357033193|060367076562,878339 บ้านตะโกพัฒนา|878339 บ้านตะโกพัฒนา,,,,
นครราชสีมา,14.744444,101.853333,AWN,060357033194|060367076564,878404 โรงเรียนบ้านหนองเบน|878404 โรงเรียนบ้านหนองเบน,,,,
นครราชสีมา,14.562222,101.322499,AWN,060357033195,878505 เขาใหญ่พาวิลเลจ,,,,
นครราชสีมา,14.647499,101.408055,AWN,060367092258,800834 ตรงข้ามองค์การบริหารส่วนตำบลหนองน้ำแดง,,,,
นครราชสีมา,14.964444,101.902222,AWN,060367055394,800561 โกรกกระหาด-ขามทะเลสอ,,,,
ชัยภูมิ,15.839721,102.168054,AWN,060367055396,807586 หนองโมง-ห้วยบง,,,,
นครราชสีมา,14.3625,101.740277,AWN,060366072555,800394 วัดป่ารัตนวัน-คลองปลากั้ง,,,,
นครราชสีมา,14.922499,101.466388,AWN,060366072556,808046 คลองไทร-สีคิ้ว,,,,
นครราชสีมา,14.873054,101.840555,AWN,060356028978,878701สูงเนิน อ๊อกซิเจน,,,,
นครราชสีมา,15.164444,102.091666,AWN|NT,060356028982,878719 ด่านจาก-โนนไทย,060360118889,878719_DCNTM,,
นครราชสีมา,15.141388,102.264444,AWN|NT,060356028983,878720 บึงกลอ-โนนสูง,060361127835,878720_KLNSM,,
นครราชสีมา,15.228332,101.584166,AWN,060356028987,878734 หิ่งห้อย-เทพารักษ์,,,,
นครราชสีมา,15.210555,102.54361,AWN|NT,060356028990,878737 ตะปัน-พิมาย,060360120897,878737_PNPMM,,
นครราชสีมา,15.659444,102.361944,AWN,060356028991,878739 คอนคนทา-บัวใหญ่),,,,
นครราชสีมา,15.666943,102.479166,AWN|NT,060356028992,878740 ขามป้อม-บัวลาย,060361127838,878740_KPBLM,,
นครราชสีมา,15.160277,101.696666,AWN,060356028998,878756ตะเคียน-ด่านขุนทด,,,,
นครราชสีมา,15.14611,102.213888,AWN|NT,060356028999,878757 หมู่บ้านด่านคล้า,060360118896,878757_MBDKM,,
นครราชสีมา,15.005277,102.271943,AWN,060356001585,878035 บ้านท่าช้าง,,,,
นครราชสีมา,15.089721,101.902777,AWN|NT,060356001586|060365061600,878120 บ้านหนองสรวง|878120 บ้านหนองสรวง,060360068159,878120_BGSGM,,
ชัยภูมิ,15.934444,102.258888,AWN,060356001604,,,,,
นครราชสีมา,14.651944,101.466388,AWN,060356002590,878174 หนองผักแว่น,,,,
นครราชสีมา,14.542777,101.405555,AWN|NT,060356002593,878264 ท่าช้าง,060360257692,878264_THACM,,
นครราชสีมา,14.570554,101.353055,AWN|NT,060356002602,878437 หนองน้ำแดง,060363128660,NMA0417-L23,,
นครราชสีมา,14.534999,101.372499,AWN|NT,060356002606,,060360257708,878489_BKPCM,,
นครราชสีมา,14.621666,101.211944,AWN|NT,060356002609|060367029019,878638 ผ่านศึก-กลางดง|878638 ผ่านศึก-กลางดง,060360257714,878638_PSKDM,,
นครราชสีมา,14.960555,102.047499,AWN,060356002612,878662 มิตรภาพ ซอย26,,,,
นครราชสีมา,15.134444,101.603333,AWN|NT|TUC,060367028993|060359104949,871200 หินดาด-ด่านขุนทด|871200 หินดาด-ด่านขุนทด,060366005215,871200_HDDKT,060360238068,NMA0458-U21
นครราชสีมา,15.047221,101.999444,AWN|NT,060367028995|060359117824,871325 โคกแขวนใหม่-ขามทะเลสอ|871325 โคกแขวนใหม่-ขามทะเลสอ,060366002622,871325_KWMTL,,
ชัยภูมิ,16.476388,102.205,AWN,060367029011|060359104963,877414 หนองบอน-ภูเขียว|877414 หนองบอน-ภูเขียว,,,,
ชัยภูมิ,15.675832,102.068054,AWN,060367029015|060359104968,877496 โนนสำราญ-เมืองชัยภูมิ|877496 โนนสำราญ-เมืองชัยภูมิ,,,,
ชัยภูมิ,16.475554,102.000833,AWN|NT,060367029016|060359139183,877558 โนนเจริญ-โนนคูณ|877558 โนนเจริญ-โนนคูณ,060366002764,877558_NCRNK,,
นครราชสีมา,14.989999,102.126666,AWN|NT,060367029020|060357045822,878787 ซอยมหาชัย 5/7|878787 ซอยมหาชัย 5/7,060360120900,878787_SMHCI,,
นครราชสีมา,14.759166,102.025277,AWN,060366018318,874396 โรงงานสีมาเทคโนโลยี ปักธงชัย,,,,
นครราชสีมา,15.437221,102.325832,AWN,060366084106,800430 หลังวัดสหมิตรวราราม-คง,,,,
นครราชสีมา,14.699721,101.445833,AWN,060366084108,800172 ชุมชนหัวสนาม-หนองสาหร่าย,,,,
นครราชสีมา,14.556944,101.420832,AWN,060366033883,800137,,,,
นครราชสีมา,14.521943,101.243888,TUC,,,,,060362166777,RM-NMA0329/D-U21
นครราชสีมา,14.654166,101.625554,TUC,,,,,060362166849,NMA0387-U21
นครราชสีมา,15.577499,102.699444,TUC,,,,,060361153743,NMA0752-U21
นครราชสีมา,15.215277,101.767221,NT|TUC,,,060361188313,NMA0714-L23,060361153771|060368044543,NMA0714-U21|NMA0714
นครราชสีมา,14.953888,102.404166,TUC,,,,,060361153772,NMA0794-U21
นครราชสีมา,14.983333,102.060277,NT|TUC,,,060362038274,NMA0651-L23,060361157289|060368044702,NMA0651-U21|NKR0651
ชัยภูมิ,16.098333,102.263888,NT|TUC,,,060361191791,CPM0185-L23,060360267673,CPM0185-U21
นครราชสีมา,15.024721,102.243888,TUC,,,,,060361048471,NMA0650-U21
นครราชสีมา,14.717777,102.015277,TUC,,,,,060361048472,NMA0652-U21
นครราชสีมา,15.049444,102.190277,NT|TUC,,,060361113861,NMA0698-L23,060361011448,NMA0698-U21
นครราชสีมา,14.380277,101.739166,TUC,,,,,060361011467,NMA0427-U21
ชัยภูมิ,15.525832,101.801666,TUC,,,,,060364016381,CPM0242
นครราชสีมา,14.992499,102.120832,TUC,,,,,060363074774,NMA0814-U21
นครราชสีมา,15.004444,102.08111,NT|TUC,,,060363132405,NMA0822-L23,060363005169,NMA0822
นครราชสีมา,14.66,101.4025,NT|TUC,,,060363132404,NMA0817-L23,060363005170|060368044704,NMA0817|NKR0817
นครราชสีมา,14.851111,102.086944,NT|TUC,,,060363088558,RM-NMA0045/D-L23,060363005179,RM-NMA0045/D
นครราชสีมา,15.498888,102.898888,NT|TUC,,,060363119407,NMA0600-L23,060360130695,NMA0600-U21
นครราชสีมา,15.363888,102.63611,TUC,,,,,060360130696,NMA0601-U21
นครราชสีมา,15.594999,102.418332,TUC,,,,,060360125692,NMA0538-U21
นครราชสีมา,14.991666,102.089999,TUC,,,,,060360125699,NMA0608-U21
นครราชสีมา,14.543055,101.319721,TUC,,,,,060362166454,NMA0812-U21
ชัยภูมิ,15.811944,102.02361,NT|TUC,,,060361191789,CPM0087-L23,060362166463,CPM0087-U21
ชัยภูมิ,16.529166,101.647221,TUC,,,,,060362166484,RM-CPM0053/M-U21
นครราชสีมา,15.572221,102.103888,TUC,,,,,060365018450,NMA0889
นครราชสีมา,14.952222,102.601666,TUC,,,,,060365008611,NMA0875
นครราชสีมา,15.371943,102.381666,TUC,,,,,060365008612,NMA0880
นครราชสีมา,14.989999,101.731388,TUC,,,,,060365008613,NMA0881
ชัยภูมิ,16.243333,102.297499,TUC,,,,,060362166232,CPM0235-U21
นครราชสีมา,14.885833,101.852222,TUC,,,,,060362013447,NMA0718-U21
นครราชสีมา,14.911666,101.900277,TUC,,,,,060362013471,NMA0661-U21
ชัยภูมิ,16.115833,101.731666,TUC,,,,,060361188235,CPM0225-U21
ชัยภูมิ,16.266943,102.203333,TUC,,,,,060361188238,CPM0231-U21
ชัยภูมิ,16.334166,102.178332,TUC,,,,,060361188271,CPM0232-U21
ชัยภูมิ,15.563888,101.996388,TUC,,,,,060361188288,CPM0218-U21
ชัยภูมิ,16.260277,101.964722,NT|TUC,,,060363132496,CPM0211-L23,060361113247,CPM0211-U21
ชัยภูมิ,16.086666,101.897777,TUC,,,,,060361113248,CPM0212-U21
นครราชสีมา,15.365,102.49611,TUC,,,,,060361113255,NMA0739-U21
นครราชสีมา,14.896666,102.014166,NT|TUC,,,060361229377,NMA0671-L23,060361043402,NMA0671-U21
นครราชสีมา,14.893333,102.013888,TUC,,,,,060361043405,NMA0673-U21
นครราชสีมา,14.885555,102.008888,NT|TUC,,,060362061156,NMA0674-L23,060361043406,NMA0674-U21
นครราชสีมา,14.879443,102.020832,TUC,,,,,060361043412,NMA0676-U21
นครราชสีมา,14.871943,102.023888,NT|TUC,,,060361191972|060362038177,NMA0677-L23|NMA0677-L23,060361043414,NMA0677-U21
นครราชสีมา,14.671388,102.186944,NT|TUC,,,060361187910,NMA0582-L23,060360218386,NMA0582-U21
นครราชสีมา,15.088888,102.276388,NT|TUC,,,060361186650,NMA0647-L23,060360218388,NMA0647-U21
นครราชสีมา,14.926666,102.048333,TUC,,,,,060360121999|060360122001,NMA0479-U21|NMA0497-U21
นครราชสีมา,14.928332,102.048333,TUC,,,,,060360122000,NMA0496-U21
นครราชสีมา,14.565,102.073332,TUC,,,,,060360122017,NMA0539-U21
ชัยภูมิ,16.371666,102.105,TUC,,,,,060360122020,CPM0126-U21
นครราชสีมา,14.948333,102.044999,TUC,,,,,060360122022,NMA0526-U21
ชัยภูมิ,15.766666,102.003333,TUC,,,,,060360122031,CPM0106-U21
นครราชสีมา,14.973888,102.065,NT|TUC,,,060361229490,NMA0692-L23,060362167084|060362194334,NMA0692-U21|NKR7417
นครราชสีมา,14.515555,102.246388,NT|TUC,,,060363057848,NMA0762-L23,060362077138,NMA0762-U21
นครราชสีมา,15.685833,102.401666,TUC,,,,,060362077140,NMA0799-U21
นครราชสีมา,15.315277,102.425554,TUC,,,,,060361181945,NMA0720-U21
ชัยภูมิ,16.105277,102.260277,TUC,,,,,060361181965,CPM0166-U21
นครราชสีมา,15.214722,102.486388,TUC,,,,,060361181968|060365096267,NMA0634-U21|NKR8268
นครราชสีมา,14.74111,102.157777,NT|TUC,,,060362181722,NMA0635-L23,060361181969,NMA0635-U21
นครราชสีมา,14.742221,102.220832,NT|TUC,,,060362181742,NMA0761-L23,060361182015,NMA0761-U21
นครราชสีมา,14.678888,101.942499,NT|TUC,,,060363132399,NMA0771-L23,060361182016,NMA0771-U21
ชัยภูมิ,15.786944,102.001666,NT|TUC,,,060362038249,CPM0171-L23,060361182063,CPM0171-U21
นครราชสีมา,14.924721,102.011111,NT|TUC,,,060362038280,NMA0713-L23,060361169618,NMA0713-U21
นครราชสีมา,15.241666,102.579721,TUC,,,,,060361169621,NMA0735-U21
นครราชสีมา,14.828054,102.506388,TUC,,,,,060361169624,NMA0787-U21
นครราชสีมา,14.93361,102.542777,TUC,,,,,060361159688,NMA0717-U21
นครราชสีมา,15.134999,102.801666,TUC,,,,,060361159689,NMA0741-U21
ชัยภูมิ,15.486388,101.960277,TUC,,,,,060361118101,CPM0137-U21
ชัยภูมิ,15.880554,102.189999,TUC,,,,,060361118102,CPM0141-U21
นครราชสีมา,15.215277,102.483333,NT|TUC,,,060361161186,NMA0693-L23,060361119138,NMA0693-U21
ชัยภูมิ,15.853333,102.06861,NT|TUC,,,060361191824,CPM0187-L23,060361119165,CPM0187-U21
นครราชสีมา,15.08111,102.73361,TUC,,,,,060361119206,NMA0742-U21
นครราชสีมา,15.442777,102.384999,TUC,,,,,060361119207,NMA0754-U21
นครราชสีมา,14.981666,102.072499,NT|TUC,,,060362038133,NMA0545-L23,060361048349|060367118011,NMA0545-U21|NKR7749
นครราชสีมา,14.88111,102.014444,TUC,,,,,060361048350,NMA0675-U21
ชัยภูมิ,15.78611,101.880554,TUC,,,,,060361038927,CPM0182-U21
ชัยภูมิ,16.348888,102.056666,NT|TUC,,,060361191794,CPM0190-L23,060361038928,CPM0190-U21
ชัยภูมิ,15.774721,102.074166,NT|TUC,,,060361229648,CPM0183-L23,060361090592,CPM0183-U21
นครราชสีมา,15.2,101.76,NT|TUC,,,060361186653,NMA0697-L23,060361090596,NMA0697-U21
นครราชสีมา,14.606666,101.467499,AWN|NT|TUC,060357045826,878799 ขนงพระเหนือ-ปากช่อง,060360118901,878799_KPNPC,060360262070,NMA0536-U21
ชัยภูมิ,15.792777,102.013888,TUC,,,,,060361003746,CPM0121-U21
ชัยภูมิ,15.517221,101.783333,TUC,,,,,060361003747,CPM0125-U21
ชัยภูมิ,16.160277,101.880832,TUC,,,,,060361003748,CPM0163-U21
นครราชสีมา,14.888333,102.169999,TUC,,,,,060360032741,NMA0583-U21
นครราชสีมา,15.006666,102.101666,TUC,,,,,060360032791,NMA0439-U21
นครราชสีมา,14.51,101.694999,TUC,,,,,060360042906,NMA0399-U21
นครราชสีมา,14.994999,102.073332,TUC,,,,,060360026836,NMA0518-U21
นครราชสีมา,14.841666,101.611666,TUC,,,,,060359136973,NMA0411-U21
นครราชสีมา,15.279999,102.3,TUC,,,,,060359140685|060368044693,NMA0169-U21|NMA0169
นครราชสีมา,14.975277,102.103055,NT|TUC,,,060361156476,NMA0442-L23,060359003162,NMA0442-U21
นครราชสีมา,14.922221,102.171666,TUC,,,,,060358054022|060368163890,NMA0412-U21|NKR0412
นครราชสีมา,14.606111,102.019721,NT|TUC,,,060363132392,NMA0377-L23,060359012163,NMA0377-U21
นครราชสีมา,15.406944,102.46,TUC,,,,,060358007229,NMA0397-U21
ชัยภูมิ,15.824443,101.61861,TUC,,,,,060358007248,CPM0038-U21
นครราชสีมา,14.617777,101.665833,NT|TUC,,,060367092938,NMA0263,060358007258,NMA0263-U21
นครราชสีมา,14.991666,101.848888,TUC,,,,,060358007259,NMA0273-U21
นครราชสีมา,15.028888,101.491944,TUC,,,,,060358007260,NMA0277-U21
ชัยภูมิ,16.301388,101.903611,TUC,,,,,060357059061,CPM0093-U21
นครราชสีมา,14.519443,101.529443,TUC,,,,,060357059078,NMA0317-U21
นครราชสีมา,14.411666,102.221666,AWN|NT|TUC,060361173790,871299 หนองโบสถ์-โคกกระชาย,060366005217,871299_NBTKC,060357054310,NMA0252-U21
นครราชสีมา,15.128054,102.449166,TUC,,,,,060357028790,NMA0108-U21
ชัยภูมิ,15.420554,101.832777,TUC,,,,,060357039859,CPM0013-U21
ชัยภูมิ,16.005555,101.741944,TUC,,,,,060357038394,CPM0056-U21
ชัยภูมิ,16.466388,102.123888,NT|TUC,,,060361191900,CPM0006-L23,060356031596,CPM0006-U21
นครราชสีมา,15.3075,101.734721,TUC,,,,,060356031665,NMA0033-U21
นครราชสีมา,15.668888,102.501111,TUC,,,,,060356031667|060368044697,NMA0091-U21|NKR0091
นครราชสีมา,14.826943,101.822777,TUC,,,,,060356031668,NMA0095-U21
นครราชสีมา,15.357222,101.917777,TUC,,,,,060356031670,NMA0154-U21
นครราชสีมา,14.443055,102.351388,TUC,,,,,060356031672,NMA0161-U21
นครราชสีมา,14.697777,102.056388,TUC,,,,,060356031673,NMA0165-U21
นครราชสีมา,15.703333,102.320832,TUC,,,,,060356031674,NMA0213-U21
นครราชสีมา,15.137221,102.105555,TUC,,,,,060356031675,NMA0216-U21
นครราชสีมา,15.635833,102.701666,TUC,,,,,060356031676,NMA0238-U21
นครราชสีมา,14.696666,102.008611,TUC,,,,,060356031709,NMA0016-U21
นครราชสีมา,14.982499,102.092221,TUC,,,,,060356031710,NMA0335-U21
นครราชสีมา,14.763055,101.453055,AWN|TUC,060361173792,871302 บ้านไร่-จันทึก,,,060356029854,NMA0130-U21
นครราชสีมา,14.987499,102.105277,TUC,,,,,060356007982,NMA0001-U21
นครราชสีมา,14.979999,102.091388,TUC,,,,,060356007983,NMA0019-U21
นครราชสีมา,14.976666,102.103611,TUC,,,,,060356007985,NMA0029-U21
นครราชสีมา,14.964166,102.116111,TUC,,,,,060356007986,NMA0041-U21
นครราชสีมา,14.980554,102.070554,TUC,,,,,060356007987|060368163902,NMA0082-U21|NKRC052
นครราชสีมา,14.905,101.886666,TUC,,,,,060356007989,NMA0119-U21
นครราชสีมา,14.977221,102.053611,TUC,,,,,060356007990,NMA0188-U21
นครราชสีมา,14.939721,102.051666,TUC,,,,,060356011254,NMA0116-U21
ชัยภูมิ,16.368332,102.134999,TUC,,,,,060364141105,CYP7221
นครราชสีมา,14.897499,102.011666,TUC,,,,,060364141109,NKR7143
นครราชสีมา,14.956111,102.029999,TUC,,,,,060364141110,NKRA127
นครราชสีมา,14.515833,101.415277,TUC,,,,,060364141111,NKRA163
นครราชสีมา,14.861111,101.693888,TUC,,,,,060365008484,NKRS015
นครราชสีมา,15.224999,102.361944,NT|TUC,,,060359181745,NKR0053,060364042340|060360132601,NKR0053|NKR0053
นครราชสีมา,15.550555,102.538333,TUC,,,,,060364042342|060357067980,NKR0057|NKR0057
นครราชสีมา,14.869999,101.791944,TUC,,,,,060364042343|060357078711,NKR0061|NKR0061
นครราชสีมา,14.713333,101.423888,TUC,,,,,060364042344|060357079579,NKR0065|NKR0065
นครราชสีมา,14.633054,101.24611,TUC,,,,,060364042345|060357067961,NKR0068|NKR0068
นครราชสีมา,15.115833,101.771943,TUC,,,,,060364042346|060357063089,NKR0072|NKR0072
นครราชสีมา,14.861388,102.068888,TUC,,,,,060364042347|060357068097,NKR0082|NKR0082
นครราชสีมา,14.919166,102.15,TUC,,,,,060364042348|060360048849,NKR0505|NKR0505
นครราชสีมา,15.029999,102.139999,TUC,,,,,060364042349|060357071788,NKR1512|NKR1512
นครราชสีมา,14.85,101.642777,TUC,,,,,060364042351|060357079492,NKR1612|NKR1612
นครราชสีมา,14.878332,101.914722,TUC,,,,,060364042352|060360132605,NKR1625|NKR1625
นครราชสีมา,15.091388,102.28111,TUC,,,,,060364042355|060357063092,NKR1801|NKR1801
นครราชสีมา,14.949721,102.061111,TUC,,,,,060364042357|060357071792,NKR1908|NKR1908
นครราชสีมา,14.940277,102.148055,TUC,,,,,060364042359|060360132607,NKR1919|NKR1919
นครราชสีมา,15.077499,102.110833,TUC,,,,,060364042361|060359156353,NKR1937|NKR1937
นครราชสีมา,14.924999,101.803888,TUC,,,,,060364042362|060357067994,NKR1943|NKR1943
นครราชสีมา,15.187499,102.340277,TUC,,,,,060364042363|060357079493,NKR2050|NKR2050
นครราชสีมา,14.67611,102.186944,TUC,,,,,060364042364|060357068001,NKR2051|NKR2051
นครราชสีมา,14.526388,102.250833,TUC,,,,,060364042365|060357068003,NKR2392|NKR2392
นครราชสีมา,14.728054,102.019443,TUC,,,,,060364042368|060362064248,NKR5845|NKR5845
นครราชสีมา,14.718332,102.031388,TUC,,,,,060364042369|060362064249,NKR5846|NKR5846
นครราชสีมา,14.684444,102.389444,NT|TUC,,,060360249309,NKR6713,060364042372|060357075279,NKR6713|NKR6713
นครราชสีมา,14.882221,102.066388,TUC,,,,,060364042373|060357068939,NKR6736|NKR6736
นครราชสีมา,14.741388,102.218332,TUC,,,,,060364042382|060362186328,NKR7380|NKR7380
นครราชสีมา,14.97361,102.096666,TUC,,,,,060364042383|060362194332,NKR7414|NKR7414
นครราชสีมา,14.916666,102.0525,TUC,,,,,060364042384|060362030125,NKR7666|NKR7666
นครราชสีมา,14.93611,102.159166,TUC,,,,,060364042387|060362030128,NKR7676|NKR7676
นครราชสีมา,15.342777,102.445277,TUC,,,,,060364042401|060358041606,NKR8670|NKR8670
นครราชสีมา,14.639166,101.506388,TUC,,,,,060364042402|060358078401,NKR8688|NKR8688
นครราชสีมา,15.319721,102.429999,TUC,,,,,060364042404|060360218802,NKR8730|NKR8730
ชัยภูมิ,15.551388,101.59861,TUC,,,,,060365085312,836-1/3
ชัยภูมิ,15.550833,101.596666,TUC,,,,,060365085313,836-2/3
ชัยภูมิ,15.54861,101.597221,TUC,,,,,060365085314,836-3/3
ชัยภูมิ,16.43611,101.935277,TUC,,,,,060365085351,721-1/4
ชัยภูมิ,16.436944,101.935833,TUC,,,,,060365085352,721-2/4
ชัยภูมิ,16.439444,101.934721,TUC,,,,,060365085353,721-3/4
ชัยภูมิ,16.438888,101.937499,TUC,,,,,060365085354,721-4/4
ชัยภูมิ,16.19861,102.311944,TUC,,,,,060365085355,732-1/1
นครราชสีมา,14.389444,102.268332,TUC,,,,,060365085356,1690-1/2
นครราชสีมา,14.38861,102.267499,TUC,,,,,060365085357,1690-2/2
นครราชสีมา,14.731666,101.831388,TUC,,,,,060365085358,1748-1/1
นครราชสีมา,14.747499,101.851111,TUC,,,,,060365085359,1752-1/1
นครราชสีมา,14.759166,101.755277,TUC,,,,,060365085360,1753-1/3
นครราชสีมา,14.758888,101.750833,TUC,,,,,060365085361,1753-2/3
นครราชสีมา,14.761944,101.745555,TUC,,,,,060365085362,1753-3/3
นครราชสีมา,15.143888,102.67861,TUC,,,,,060365085363,1761-1/3
นครราชสีมา,15.144444,102.680832,TUC,,,,,060365085364,1761-2/3
นครราชสีมา,15.145277,102.679443,TUC,,,,,060365085365,1761-3/3
ชัยภูมิ,16.293055,102.362777,TUC,,,,,060365085367,831-3/3
ชัยภูมิ,16.251944,102.239444,TUC,,,,,060365085368,870-1/2
ชัยภูมิ,16.253611,102.237221,TUC,,,,,060365085369,870-2/2
ชัยภูมิ,16.315833,102.3025,TUC,,,,,060365085370,876-1/1
ชัยภูมิ,16.299444,102.301111,TUC,,,,,060365085371,880-1/1
ชัยภูมิ,16.03861,101.958611,TUC,,,,,060365085372,886-1/3
ชัยภูมิ,16.039166,101.958055,TUC,,,,,060365085373,886-2/3
ชัยภูมิ,16.039999,101.958055,TUC,,,,,060365085374,886-3/3
นครราชสีมา,14.38611,102.274999,TUC,,,,,060365085375,1685-1/3
นครราชสีมา,14.38611,102.278888,TUC,,,,,060365085376,1685-2/3
นครราชสีมา,14.384166,102.28361,TUC,,,,,060365085377,1685-3/3
นครราชสีมา,14.390277,102.266666,TUC,,,,,060365085378,1687-1/3
นครราชสีมา,14.392499,102.263611,TUC,,,,,060365085379,1687-2/3
นครราชสีมา,14.39611,102.256944,TUC,,,,,060365085380,1687-3/3
นครราชสีมา,14.449721,102.077777,TUC,,,,,060365085381,1692-1/3
นครราชสีมา,14.451111,102.07611,TUC,,,,,060365085382,1692-2/3
นครราชสีมา,14.45,102.079443,TUC,,,,,060365085383,1692-3/3
นครราชสีมา,14.452222,102.072221,TUC,,,,,060365085384,1693-1/1
นครราชสีมา,14.449166,102.07611,TUC,,,,,060365085385,1694-1/2
นครราชสีมา,14.44861,102.078332,TUC,,,,,060365085386,1694-2/2
นครราชสีมา,14.348055,102.303055,TUC,,,,,060365085387,1695-1/3
นครราชสีมา,14.349166,102.317777,TUC,,,,,060365085388,1695-2/3
นครราชสีมา,14.349721,102.300555,TUC,,,,,060365085389,1695-3/3
นครราชสีมา,14.887499,102.446666,TUC,,,,,060365085390,1696-1/3
นครราชสีมา,14.885277,102.446944,TUC,,,,,060365085391,1696-2/3
นครราชสีมา,14.865555,102.379166,TUC,,,,,060365085392,1700-1/2
นครราชสีมา,14.868332,102.375832,TUC,,,,,060365085393,1700-2/2
นครราชสีมา,14.875554,102.39861,TUC,,,,,060365085394,1703-1/3
นครราชสีมา,14.877221,102.39861,TUC,,,,,060365085395,1703-2/3
นครราชสีมา,14.877499,102.401388,TUC,,,,,060365085396,1703-3/3
นครราชสีมา,14.863888,102.402777,TUC,,,,,060365085397,1704-1/1
นครราชสีมา,15.206111,102.666388,TUC,,,,,060365085398,1708-1/2
นครราชสีมา,15.205,102.666388,TUC,,,,,060365085399,1708-2/2
นครราชสีมา,15.219721,102.679166,TUC,,,,,060365085400,1709-2/2
นครราชสีมา,15.591944,102.256666,TUC,,,,,060365085401,1712-1/2
นครราชสีมา,15.593333,102.260833,TUC,,,,,060365085402,1712-2/2
นครราชสีมา,15.593333,102.251944,TUC,,,,,060365085403,1713-1/2
นครราชสีมา,15.592777,102.249444,TUC,,,,,060365085404,1713-2/2
นครราชสีมา,14.974999,102.097221,TUC,,,,,060365096266|060365055036,NKR8267|NKR8267
นครราชสีมา,14.844721,101.645277,TUC,,,,,060365096268,NKR8280
นครราชสีมา,14.700833,101.410277,TUC,,,,,060365096269,NKR8284
นครราชสีมา,15.023332,102.331388,TUC,,,,,060365096270,NKRA289
นครราชสีมา,14.642777,102.127499,TUC,,,,,060365096271,NKRA290
นครราชสีมา,14.614722,102.223054,TUC,,,,,060365096272,NKRS010
นครราชสีมา,14.846388,101.645555,TUC,,,,,060365096274,NKR8279
นครราชสีมา,15.036388,102.092499,TUC,,,,,060365096276,NKR8275
นครราชสีมา,14.753888,101.306666,TUC,,,,,060365096279,NKRX002
นครราชสีมา,14.991388,102.119443,TUC,,,,,060365096281,NKRA208
นครราชสีมา,14.743888,102.215277,TUC,,,,,060365096282,NKR8271
นครราชสีมา,14.744166,102.216388,TUC,,,,,060365096283,NKR8272
นครราชสีมา,14.546666,101.353055,TUC,,,,,060365096310,NKR7344
นครราชสีมา,14.968054,102.311388,TUC,,,,,060365096311,BRR7403
นครราชสีมา,14.604166,101.366111,TUC,,,,,060365132244,NKR6412
นครราชสีมา,14.734721,102.216111,TUC,,,,,060365066954,NKRA224
นครราชสีมา,14.833333,101.619999,TUC,,,,,060365055017,NKRA301
นครราชสีมา,15.273888,102.706666,TUC,,,,,060365055019,NKRA298
นครราชสีมา,14.884444,101.724721,TUC,,,,,060365055035,NKRA302
นครราชสีมา,15.236944,102.471666,TUC,,,,,060365055037,CYP6458
นครราชสีมา,14.774999,101.522221,TUC,,,,,060364112019,NKRA145
นครราชสีมา,14.644721,101.400555,TUC,,,,,060364141053,NKRA243
นครราชสีมา,14.849721,102.232777,TUC,,,,,060364141054,NKRS006
นครราชสีมา,14.851666,102.248055,TUC,,,,,060364141055,NKRS007
นครราชสีมา,14.844444,102.267777,TUC,,,,,060364141056,NKRS008
นครราชสีมา,14.57861,101.633054,TUC,,,,,060364141505,NKRA191
นครราชสีมา,14.993888,101.964722,TUC,,,,,060364141510|060366012286,NKRA263|NKRA263
นครราชสีมา,14.573054,101.324166,NT|TUC,,,060366033107,NKRA284,060364141511,NKRA284
นครราชสีมา,15.273054,102.900555,TUC,,,,,060364141519,NKR6583
นครราชสีมา,14.611944,101.553055,TUC,,,,,060364141522,NKRA195
นครราชสีมา,14.654722,101.447499,TUC,,,,,060364141523,NKRA244
นครราชสีมา,14.715277,101.489166,TUC,,,,,060364141524,NKRA245
นครราชสีมา,14.730277,101.506388,TUC,,,,,060364141525,NKRA246
ชัยภูมิ,15.52861,101.801666,TUC,,,,,060362186307,CYP6432
นครราชสีมา,14.882777,101.85,TUC,,,,,060362186361,NKR7398
นครราชสีมา,14.929166,101.781666,NT|TUC,,,060363037982,NKRA059,060362186363,NKRA059
นครราชสีมา,15.041388,101.72611,NT|TUC,,,060363037984,NKRA101,060362186365,NKRA101
นครราชสีมา,15.234999,102.504166,TUC,,,,,060362186367,NKRA124
นครราชสีมา,15.225554,102.505555,TUC,,,,,060362186368,NKRA126
ชัยภูมิ,15.675554,102.1125,NT|TUC,,,060365137715,CYP7206,060362131662,CYP7206
นครราชสีมา,15.520832,102.541388,TUC,,,,,060362131663,NKR5956
นครราชสีมา,14.489444,101.556388,TUC,,,,,060362131670,NKR7994
ชัยภูมิ,15.655277,101.517499,NT|TUC,,,060365137704,CYP6414,060362131690,CYP6414
นครราชสีมา,14.52861,101.78361,TUC,,,,,060362060781|060366014074,NKR7635|NKR7632
นครราชสีมา,14.57111,101.401388,TUC,,,,,060362060782,NKR7637
นครราชสีมา,14.789999,101.524999,TUC,,,,,060362060784,NKR7640
นครราชสีมา,14.783333,101.557222,TUC,,,,,060362060786,NKR7644
นครราชสีมา,14.542221,101.564722,TUC,,,,,060362064057,NKR6409
นครราชสีมา,14.543055,101.334166,TUC,,,,,060362064058,NKR6419
นครราชสีมา,14.911388,101.618888,TUC,,,,,060362064059,NKR6443
นครราชสีมา,14.742221,102.219443,TUC,,,,,060362064062,NKR7601
นครราชสีมา,14.67361,101.396666,TUC,,,,,060362064064,NKR7941
นครราชสีมา,14.87361,102.030554,TUC,,,,,060363074302,NKRA108
ชัยภูมิ,16.110833,102.254722,TUC,,,,,060363019678,CYP6434
ชัยภูมิ,16.356944,102.132221,TUC,,,,,060362232810,CYP6431
ชัยภูมิ,15.997221,101.889166,TUC,,,,,060362232811,CYP7158
นครราชสีมา,15.633333,102.413611,NT|TUC,,,060365078089,NKR5839,060362232824,NKR5839
นครราชสีมา,14.618332,101.506111,NT|TUC,,,060365078086,NKR5801,060362167342,NKR5801
นครราชสีมา,15.050555,102.228888,TUC,,,,,060362167346,NKR5871
นครราชสีมา,14.733054,102.156388,TUC,,,,,060362167349,NKR5909
ชัยภูมิ,15.78861,102.02861,TUC,,,,,060362194321,CYP7402
นครราชสีมา,14.974721,102.097777,TUC,,,,,060362194330,NKR7153
นครราชสีมา,14.58361,101.43861,TUC,,,,,060362194331,NKR7329
นครราชสีมา,14.97361,102.106666,TUC,,,,,060362194333,NKR7416
นครราชสีมา,14.523332,102.243333,TUC,,,,,060362194361,NKRA099
นครราชสีมา,15.240277,101.774999,NT|TUC,,,060363037983,NKRA100,060362194362,NKRA100
ชัยภูมิ,16.394444,102.0075,NT|TUC,,,060365137700,CYP6410,060362029821,CYP6410
ชัยภูมิ,15.950555,102.328332,NT|TUC,,,060365137710,CYP7168,060362029988,CYP7168
ชัยภูมิ,16.195277,102.264166,NT|TUC,,,060365137714,CYP7200,060362029990,CYP7200
นครราชสีมา,14.986388,102.168332,TUC,,,,,060362030035|060367026786,NKR5904|NKR5904
นครราชสีมา,14.886388,101.974999,TUC,,,,,060362030036,NKR5913
นครราชสีมา,14.97111,102.176388,TUC,,,,,060362030037,NKR5960
ชัยภูมิ,16.282777,102.358888,NT|TUC,,,060365137695,CYP6405,060362030043,CYP6405
ชัยภูมิ,16.358055,102.412777,NT|TUC,,,060365137697,CYP6407,060362030051,CYP6407
ชัยภูมิ,16.361388,102.377777,NT|TUC,,,060365137698,CYP6408,060362030052,CYP6408
ชัยภูมิ,16.4125,102.381666,NT|TUC,,,060365137699,CYP6409,060362030054,CYP6409
ชัยภูมิ,16.124721,101.927777,NT|TUC,,,060365137701,CYP6411,060362030055,CYP6411
นครราชสีมา,15.002222,102.147499,TUC,,,,,060361079002,NKR7696
ชัยภูมิ,16.148055,102.095833,TUC,,,,,060361029825,727-1/2
ชัยภูมิ,16.149166,102.098333,TUC,,,,,060361029826,727-2/2
ชัยภูมิ,15.610555,101.609722,TUC,,,,,060361029827,765-1/3
ชัยภูมิ,15.613611,101.605833,TUC,,,,,060361029828,765-2/3
ชัยภูมิ,16.615,101.608888,TUC,,,,,060361029829,765-3/3
ชัยภูมิ,15.624721,101.579999,TUC,,,,,060361029830,768
ชัยภูมิ,15.646666,101.523054,NT|TUC,,,060355000024,,060361029832,789-2/2
ชัยภูมิ,15.804166,101.494999,TUC,,,,,060361029833,816
ชัยภูมิ,16.010555,101.689166,TUC,,,,,060361029834,891-1/3
ชัยภูมิ,16.017221,101.68611,TUC,,,,,060361029835,891-2/3
ชัยภูมิ,16.008611,101.68861,TUC,,,,,060361029836,891-3/3
ชัยภูมิ,16.015555,101.524166,TUC,,,,,060361029837,903-1/3
ชัยภูมิ,16.0125,101.526943,TUC,,,,,060361029838,903-2/3
ชัยภูมิ,16.013333,101.525554,TUC,,,,,060361029839,903-3/3
ชัยภูมิ,16.011944,101.648055,TUC,,,,,060361029840,913-1/2
ชัยภูมิ,16.013333,101.64611,TUC,,,,,060361029841,913-2/2
ชัยภูมิ,16.043888,101.647221,TUC,,,,,060361029842,915-1/3
ชัยภูมิ,16.043888,101.64861,TUC,,,,,060361029843,915-2/3
ชัยภูมิ,16.042499,101.647221,TUC,,,,,060361029844,915-3/3
ชัยภูมิ,16.161111,101.625832,TUC,,,,,060361029845,937
ชัยภูมิ,16.151111,101.644999,TUC,,,,,060361029846,962-1/4
ชัยภูมิ,16.151111,101.643333,TUC,,,,,060361029847,962-2/4
ชัยภูมิ,16.154722,101.639999,TUC,,,,,060361029848,962-3/4
ชัยภูมิ,16.149444,101.642221,TUC,,,,,060361029849,962-4/4
นครราชสีมา,14.956111,102.11861,NT|TUC,,,060366033105,NKR8544,060360219003,NKR8544
นครราชสีมา,14.716943,101.432777,TUC,,,,,060360219005|060367026829,NKR8567|NKR8567
นครราชสีมา,15.601666,102.416943,TUC,,,,,060360219016|060367026837,NKR8606|NKR8606
นครราชสีมา,15.581388,102.434166,TUC,,,,,060360219018,NKR8608
นครราชสีมา,15.011111,102.120554,TUC,,,,,060360218800,NKR8713
นครราชสีมา,14.582777,101.388888,TUC,,,,,060360218909,NKR5555
นครราชสีมา,14.888055,101.853611,TUC,,,,,060360218910,NKR5558
ชัยภูมิ,15.458888,101.72111,TUC,,,,,060360240899,NKW8031
ชัยภูมิ,16.094999,101.709722,TUC,,,,,060360217722,CYP8545
ชัยภูมิ,16.334444,102.178332,TUC,,,,,060360217723,CYP8559
ชัยภูมิ,15.503888,101.690555,TUC,,,,,060360217724|060367048710,CYP8569|CYP8569
นครราชสีมา,14.555,102.216111,TUC,,,,,060360217728,NKR8732
นครราชสีมา,14.447221,102.34861,TUC,,,,,060360213821,NKR1647
นครราชสีมา,15.101944,102.035833,NT|TUC,,,060361036563,NKR1973,060360213822,NKR1973
นครราชสีมา,15.530832,102.153055,NT|TUC,,,060359181769,NKR1996,060360213823,NKR1996
นครราชสีมา,15.098333,102.406944,NT|TUC,,,060359181753,NKR2034,060360213824,NKR2034
ชัยภูมิ,15.416666,101.567221,TUC,,,,,060360211922,CYP1632
ชัยภูมิ,16.136944,102.094999,TUC,,,,,060360211924,CYP1931
ชัยภูมิ,15.760277,102.023888,NT|TUC,,,060363036979,CYP7722,060360211931,CYP7722
ชัยภูมิ,15.8625,102.293055,TUC,,,,,060360132532|060359184483,CYP1938|CYP1938
นครราชสีมา,14.585555,101.227499,TUC,,,,,060360132538,NKR1652
นครราชสีมา,15.489444,102.091944,NT|TUC,,,060361036553,NKR1946,060360132539|060358041284,NKR1946|NKR1946
นครราชสีมา,15.110833,102.101111,TUC,,,,,060360132602,NKR0077
นครราชสีมา,14.776943,102.043888,TUC,,,,,060360132603,NKR0083
นครราชสีมา,14.644721,102.203055,NT|TUC,,,060359181749,NKR0087,060360132604,NKR0087
นครราชสีมา,15.16,102.51,NT|TUC,,,060361036549,NKR1939,060360132608,NKR1939
นครราชสีมา,15.215,102.448888,TUC,,,,,060360132611,NKR1942
นครราชสีมา,15.540833,102.391944,TUC,,,,,060360132612,NKR1952
นครราชสีมา,14.484444,101.931388,NT|TUC,,,060361036558,NKR1960,060360132613,NKR1960
ชัยภูมิ,15.656388,101.566111,TUC,,,,,060360218107,CYP6731
นครราชสีมา,14.845833,101.755833,NT|TUC,,,060360247060,NKR6782,060360218133,NKR6782
นครราชสีมา,15.121943,102.562777,TUC,,,,,060360241196,NKR7234
นครราชสีมา,15.15,102.146666,TUC,,,,,060360241197,NKR7270
นครราชสีมา,15.194999,101.941944,TUC,,,,,060360217919,NKR8698
นครราชสีมา,15.006388,102.076666,TUC,,,,,060360217927,NKR8593
นครราชสีมา,14.701388,102.174443,TUC,,,,,060360217929|060367026792,NKR8613|NKR8613
นครราชสีมา,14.602777,102.102777,TUC,,,,,060360211724,BRR8531
ชัยภูมิ,16.070832,102.279443,TUC,,,,,060360211728,CYP8539
ชัยภูมิ,15.829166,102.059166,TUC,,,,,060360211729,CYP8541
ชัยภูมิ,16.603888,101.904722,TUC,,,,,060360211730,CYP8558
ชัยภูมิ,15.911666,102.127499,TUC,,,,,060360211732,CYP8563
ชัยภูมิ,15.804722,102.161666,TUC,,,,,060360204240,CYP1608
ชัยภูมิ,15.883888,102.106388,TUC,,,,,060360204241,CYP1613
ชัยภูมิ,15.963055,102.181943,NT|TUC,,,060360014943,CYP1614,060360204242,CYP1614
ชัยภูมิ,15.864722,102.034721,TUC,,,,,060360204243,CYP1621
ชัยภูมิ,15.5625,102.001944,TUC,,,,,060360204245,CYP1805
ชัยภูมิ,15.771388,102.024999,TUC,,,,,060360204246,CYP1806
ชัยภูมิ,15.837221,102.078054,TUC,,,,,060360204247|060367048695,CYP1901|CYP1901
ชัยภูมิ,16.195555,101.944999,TUC,,,,,060360204248,CYP1914
นครราชสีมา,14.69361,101.201388,TUC,,,,,060360132387,SRB6711
นครราชสีมา,14.726666,101.216388,NT|TUC,,,060361036577,SRB1534,060360132432,SRB1534
ชัยภูมิ,16.125554,101.713055,NT|TUC,,,060361177602,CYP1917,060360132433,CYP1917
นครราชสีมา,14.630554,101.294444,TUC,,,,,060360132621,NKR5506
นครราชสีมา,14.578054,101.420277,TUC,,,,,060360132622,NKR5543
ชัยภูมิ,16.493888,101.931943,TUC,,,,,060358078402|060364042228,CYP8547|CYP8547
นครราชสีมา,14.897499,102.521666,TUC,,,,,060358032178,NKR6876
นครราชสีมา,15.461666,102.17361,NT|TUC,,,060360239320,NKR6798,060358032210,NKR6798
นครราชสีมา,15.353888,102.084999,NT|TUC,,,060360239266,NKR6706,060358030830,NKR6706
นครราชสีมา,14.615,102.048888,NT|TUC,,,060360249312,NKR6747,060358030832,NKR6747
นครราชสีมา,15.304166,102.556111,NT|TUC,,,060360048786,NKR6729,060358030855,NKR6729
นครราชสีมา,15.408055,102.775554,NT|TUC,,,060360048801,NKR6807,060358030856,NKR6807
นครราชสีมา,14.720832,101.439444,TUC,,,,,060358036939|060367037182,NKR0023|NKR0023
นครราชสีมา,14.889721,101.724443,TUC,,,,,060358041580|060367037187,NKR8576|NKR8576
ชัยภูมิ,16.079721,101.808611,TUC,,,,,060358041587|060367048705,CYP8509|CYP8509
ชัยภูมิ,16.59361,101.927777,TUC,,,,,060358041590,CYP8520
ชัยภูมิ,15.64111,101.942221,TUC,,,,,060358041591,CYP8522
ชัยภูมิ,16.17861,102.211666,TUC,,,,,060358041592|060362166325,CYP8523|CPM0123-U21
ชัยภูมิ,15.78861,101.816943,TUC,,,,,060358041594,CYP8526
นครราชสีมา,14.726943,102.171943,TUC,,,,,060358041602|060367026831,NKR8577|NKR8577
นครราชสีมา,14.810833,102.346388,TUC,,,,,060358041603|060367037188|060362166339,NKR8663|NKR8663|NMA0524-U21
นครราชสีมา,15.417221,102.385555,TUC,,,,,060358041607,NKR8671
นครราชสีมา,15.056111,102.403055,NT|TUC,,,060360247103,NKR6841,060358041676,NKR6841
นครราชสีมา,15.701388,102.230832,NT|TUC,,,060360249311,NKR6764,060358034243,NKR6764
นครราชสีมา,14.774999,101.719999,TUC,,,,,060358034244,NKR6851
นครราชสีมา,14.940277,102.131666,TUC,,,,,060358041514,NKR8561
นครราชสีมา,14.738333,102.029443,TUC,,,,,060358041282|060367026690,NKR1922|NKR1922
นครราชสีมา,15.171666,102.39611,NT|TUC,,,060360187119,NKR2041,060358041285,NKR2041
นครราชสีมา,15.681666,102.576388,TUC,,,,,060357067823,NKR6717
ชัยภูมิ,15.401388,101.619443,TUC,,,,,060357067852,CYP6733
ชัยภูมิ,16.137777,102.168054,NT|TUC,,,060360023914,CYP1944,060357067873,CYP1944
ชัยภูมิ,16.441388,102.18611,TUC,,,,,060357067927,CYP1913
นครราชสีมา,14.963055,102.010555,TUC,,,,,060357068146|060367026686,NKR1902|NKR1902
นครราชสีมา,14.97611,102.101388,NT|TUC,,,060363036811,NKR9002,060357062969|060357079213,NKR9002|NKR7402
นครราชสีมา,15.018888,101.919999,NT|TUC,,,060363036808,NKR1975,060357078686,
นครราชสีมา,14.603333,102.138055,TUC,,,,,060357078713,NKR1928
นครราชสีมา,15.089166,101.903611,TUC,,,,,060357078739|060367026687,NKR1906|NKR1906
นครราชสีมา,14.99111,102.120554,TUC,,,,,060357079005,NKR8638
นครราชสีมา,14.949444,102.0525,TUC,,,,,060357075393,NKR7008
นครราชสีมา,14.955277,102.072499,TUC,,,,,060357075394,NKR7009
นครราชสีมา,14.964722,102.07611,TUC,,,,,060357075399,NKR7000
นครราชสีมา,14.964166,102.066943,TUC,,,,,060357079574,NKR0001
นครราชสีมา,14.956944,102.043888,TUC,,,,,060357079580,NKR1501
นครราชสีมา,14.97611,102.088055,NT|TUC,,,060363036809,NKR2057,060357079585,NKR2057
นครราชสีมา,14.942499,102.056388,TUC,,,,,060358046442|060367026811,NKR8508|NKR8508
นครราชสีมา,14.943333,102.046388,TUC,,,,,060358046443|060367037190,NKR8509|NKR8509
นครราชสีมา,14.921666,102.101666,TUC,,,,,060358046447|060367026830,NKR8571|NKR8571
นครราชสีมา,15.019166,102.093888,TUC,,,,,060358046449|060367026835,NKR8594|NKR8594
ชัยภูมิ,15.841666,101.363888,TUC,,,,,060358037006|060360218270,CYP6730|CYP6730
นครราชสีมา,14.560277,101.406944,TUC,,,,,060358037030,NKR0502
นครราชสีมา,14.821666,101.497221,NT|TUC,,,060360239268,NKR6740,060357071810|060367026797,NKR6740|NKR6740
ชัยภูมิ,16.280832,101.943888,TUC,,,,,060357071827|060364042212,CYP1801|CYP1801
นครราชสีมา,15.661388,102.687777,TUC,,,,,060357071830|060367022393,KKN6720|KKN6720
นครราชสีมา,14.975554,102.161944,TUC,,,,,060358041556|060367037183,NKR8592|NKR8592
นครราชสีมา,15.22111,102.497221,TUC,,,,,060358041557|060367037184,NKR8596|NKR8596
นครราชสีมา,15.03861,102.191388,TUC,,,,,060358041560|060367026841,NKR8617|NKR8617
ชัยภูมิ,15.726388,102.019999,TUC,,,,,060357067757,CYP3007
ชัยภูมิ,15.855,101.410277,NT|TUC,,,060361177523,CYP1601,060357067944|060360034076,CYP1601|CYP1601
ชัยภูมิ,16.366666,102.12611,TUC,,,,,060357067945,CYP1604
ชัยภูมิ,15.505277,101.688333,TUC,,,,,060357067946,CYP1610
ชัยภูมิ,16.035833,101.858055,TUC,,,,,060357067947,CYP1908
ชัยภูมิ,16.537499,101.898888,TUC,,,,,060357067948,CYP1912
ชัยภูมิ,16.2525,102.356944,TUC,,,,,060357067949,CYP1929
ชัยภูมิ,16.340833,102.273888,NT|TUC,,,060360023913,CYP1936,060357067950,CYP1936
ชัยภูมิ,16.321943,102.046944,NT|TUC,,,060360023917,CYP1937,060357067951,CYP1937
ชัยภูมิ,16.337499,102.378054,NT|TUC,,,060360023915,CYP1940,060357067952,CYP1940
ชัยภูมิ,16.373888,101.97611,NT|TUC,,,060360023912,CYP1941,060357067953,CYP1941
ชัยภูมิ,15.562777,101.846666,TUC,,,,,060357067954|060367048697,CYP2343|CYP2343
นครราชสีมา,14.450277,101.669443,NT|TUC,,,060361036556,NKR1957,060357067964,NKR1957
นครราชสีมา,15.636388,102.570554,TUC,,,,,060357067981,NKR0058
นครราชสีมา,14.645833,101.29611,TUC,,,,,060357067990,NKR1803
นครราชสีมา,15.203333,101.806111,TUC,,,,,060357067993|060367026689,NKR1921|NKR1921
นครราชสีมา,15.194721,102.161944,NT|TUC,,,060359181763,NKR2030,060357068000,NKR2030
ชัยภูมิ,15.413611,101.532221,NT|TUC,,,060361079623,CYP6751,060357068022,CYP6751
ชัยภูมิ,16.293888,101.900277,TUC,,,,,060357068062|060364042217,CYP6748|CYP6748
ชัยภูมิ,16.189999,102.32611,TUC,,,,,060357068063,CYP6707
นครราชสีมา,15.014166,102.1,TUC,,,,,060367026691|060360032554,NKR1923|NKR1923
นครราชสีมา,15.058333,101.675554,TUC,,,,,060366037378,LBR8513
นครราชสีมา,14.803888,101.675832,NT|TUC,,,060368045374,LBR8549,060366037379,LBR8549
นครราชสีมา,14.890277,101.878332,TUC,,,,,060367000019,NKR0060
ชัยภูมิ,15.811666,101.427777,TUC,,,,,060366059428,CYP7153
นครราชสีมา,14.976943,102.108888,TUC,,,,,060366059430,NKR0013
ชัยภูมิ,16.115277,101.891944,TUC,,,,,060366059431|060366022128,CYP1942|CYP1942
นครราชสีมา,14.582777,101.304444,NT|TUC,,,060360023830,NKR5530,060366059433,NKR5530
ชัยภูมิ,16.049721,102.155277,TUC,,,,,060366059437,CYP6428
ชัยภูมิ,16.037221,102.252222,TUC,,,,,060366059438,CYP6430
ชัยภูมิ,15.944721,102.170554,NT|TUC,,,060361017586,CYP6526,060366059439,CYP6526
นครราชสีมา,14.62861,101.338055,TUC,,,,,060366017034,NKRA240
นครราชสีมา,14.720554,102.245277,TUC,,,,,060366017035,NKRA217
นครราชสีมา,14.64361,101.38861,TUC,,,,,060366017037,NKRA242
นครราชสีมา,14.642499,101.380832,TUC,,,,,060366017038,NKRA241
นครราชสีมา,14.678888,101.399721,TUC,,,,,060367087152,NKR8768
ชัยภูมิ,15.781388,101.911388,TUC,,,,,060367048698|060357055784,CYP3027|CYP3027
ชัยภูมิ,16.012222,101.62111,TUC,,,,,060367048700|060363123441,CYP6439|CYP6439
ชัยภูมิ,16.365833,102.136666,TUC,,,,,060367048702|060363123443,CYP7165|CYP7165
ชัยภูมิ,15.8,102.037499,TUC,,,,,060367048703|060360218648,CYP8503|CYP8503
ชัยภูมิ,16.103333,102.256111,TUC,,,,,060367048709|060359178799,CYP8556|CYP8556
นครราชสีมา,15.233333,102.494444,TUC,,,,,060367037194|060358058936,NKR8597|NKR8597
นครราชสีมา,14.613333,101.35,TUC,,,,,060367037196|060359178844,NKR1653|NKR1653
นครราชสีมา,14.587221,101.306944,NT|TUC,,,060360023829,NKR1665,060367037197|060359178854,NKR1665|NKR1665
นครราชสีมา,14.583054,101.314722,NT|TUC,,,060363036810,NKR5505,060367037199|060359186130,NKR5505|NKR5505
ชัยภูมิ,15.932499,102.284999,TUC,,,,,060366016797,CYP6519
นครราชสีมา,14.935277,102.159166,TUC,,,,,060366014091,NKRA376
นครราชสีมา,14.9,101.467499,TUC,,,,,060366012229,NKRA309
นครราชสีมา,14.69361,101.503611,TUC,,,,,060366012230,NKRA339
นครราชสีมา,14.637221,101.655555,TUC,,,,,060366012231,NKRA342
นครราชสีมา,14.6525,101.213333,TUC,,,,,060366012233,NKRA345
นครราชสีมา,14.726943,101.434166,TUC,,,,,060366012234,NKRA349
นครราชสีมา,14.77861,102.1625,TUC,,,,,060366012237,NKRS027
นครราชสีมา,14.606111,102.100833,TUC,,,,,060366012239,NKRA334
นครราชสีมา,14.891944,101.638888,TUC,,,,,060366012241,NKRA253
นครราชสีมา,14.644444,102.035833,TUC,,,,,060366012242,NKRA335
นครราชสีมา,14.973888,102.107222,TUC,,,,,060366012285,NKRA187
นครราชสีมา,14.986666,101.985277,TUC,,,,,060366012287,NKRA264
นครราชสีมา,14.672777,101.800555,TUC,,,,,060366012315,NKRA311
นครราชสีมา,15.211666,101.763055,TUC,,,,,060366017153,NKRA232
นครราชสีมา,14.620832,101.239999,TUC,,,,,060366017039,NKRA239
ชัยภูมิ,16.048055,101.499444,NT|TUC,,,060365137716,CYP7208,060363123444,CYP7208
ชัยภูมิ,16.015,101.647777,NT|TUC,,,060365137717,CYP7214,060363123445,CYP7214
ชัยภูมิ,16.450277,101.961111,NT|TUC,,,060365137705,CYP6418,060362064112,CYP6418
ชัยภูมิ,16.467499,102.216388,NT|TUC,,,060365137719,CYP7220,060362064113,CYP7220
ชัยภูมิ,16.410277,102.3625,NT|TUC,,,060365098898,CPM0271-L23,060365098047,CPM0271
ชัยภูมิ,15.783054,101.9125,NT,,,060365118143,CPM014,,
นครราชสีมา,14.766388,101.34111,NT,,,060365118161|060361177645,NMA-010-RO-1|NKR6618,,
นครราชสีมา,15.292221,101.566111,NT,,,060365118162,NMA027,,
นครราชสีมา,14.979721,102.098333,AWN|NT,060363058420,874098,060366002682,874098_YSRNR,,
นครราชสีมา,14.98111,102.204722,AWN|NT,060362256256,874383 หนองไทร-เมืองนครราชสีมา,060366002701,874383_NSNKR,,
นครราชสีมา,14.874721,101.694721,AWN|NT,060363124173,874708 ชัยพัฒนา-สีคิ้ว,060366002731,874708_CPTSK,,
ชัยภูมิ,15.426388,101.434166,AWN|NT,060361112894,877668 บ้านซับหมี-เทพสถิต,060366002767,877668_SMTST,,
นครราชสีมา,14.625832,101.403611,AWN|NT,060359052081,870763 ภูหินสวยรีสอร์ท-ปากช่อง,060363105888,870763_PHSPC,,
นครราชสีมา,15.478888,102.7575,NT|TUC,,,060363119408,NMA0701-L23,060361005361,NMA0701-U21
นครราชสีมา,14.896388,102.015277,NT,,,060363088675,RM-NMA0672/D-L23,,
ชัยภูมิ,16.591944,101.925832,NT,,,060363123364,CPM0010-L23,,
นครราชสีมา,15.435555,102.32861,AWN|NT,060358008869,870394 ข้างโรงเรียนเมืองคง,060363058826,870394_MKGSC,,
นครราชสีมา,14.916111,101.942499,AWN|NT,060358079208,870459 โรงงาน พี ซี เอส โคกกรวด,060363058853,870459_PCSFK,,
นครราชสีมา,15.436944,102.319166,AWN|NT,060359032890,870512 ข้าง ว.เทคโนโลยีบริหารธุรกิจรักไทยฯ,060363058871,870512_SRKBC,,
นครราชสีมา,14.653888,101.316943,AWN|NT,060360206292,870537 สน.ปตท. หจก.ชัยวรพรปากช่อง,060363058878,870537_PCPPC,,
นครราชสีมา,15.311388,101.753888,AWN|NT,060359028856,870614วัดบ้านกุดพิมาน-ด่านขุนทด,060363058887,870614_KPMDK,,
นครราชสีมา,15.191944,101.761944,NT|TUC,,,060363086736,NMA0815-L23,060362271459|060368195875,NMA0815|NKR7457
นครราชสีมา,14.541666,101.565,AWN|NT,060361093207,870314 เคนซิงตันการ์เด้นรีสอร์ทเขาใหญ่),060363058813,870314_KSTRK,,
นครราชสีมา,15.334721,102.172221,AWN|NT,060358008870,870395 ข้างโลตัส ขามสะแกแสง,060363058827,870395_LTKSG,,
นครราชสีมา,14.995555,102.1,AWN|NT,060359051986,870441 หน้าโรงแรมสบาย,060363058843,870441_FSBHT,,
นครราชสีมา,14.763333,102.025554,AWN|NT,060359046649,สาขา2)สาย24,060363058868,870501_PTKRN,,
นครราชสีมา,14.726943,101.393055,AWN|NT,060359033002,870399 หน้าโรงแรมทองสมบูรณ์คลับ,060363058830,870399_FTSBC,,
นครราชสีมา,14.854722,101.764166,NT,,,060363058834,870405_BWMKM,,
นครราชสีมา,14.590277,101.281388,NT,,,060363058864,870483_BGMKY,,
นครราชสีมา,14.989999,102.117221,AWN|NT,060359046648,2)เทคโน,060363058867,870500_PTPTN,,
นครราชสีมา,14.654444,101.34861,AWN|NT,060358006566,870255 ลานจอดรถ ฟาร์มโชคชัย,060363058808,870255_FMCPK,,
นครราชสีมา,15.248333,102.377499,AWN|NT,060358008866,870387 ธารปราสาท-โนนสูง,060363058823,870387_TPSNG,,
นครราชสีมา,15.442777,102.32861,AWN|NT,060358008868,870393 ข้างที่ว่าการอำเภอคง,060363058825,870393_KGDOF,,
นครราชสีมา,15.197221,101.764722,AWN|NT,060360100342,1),060363058859,870470_PTDKT,,
นครราชสีมา,15.082499,102.120277,AWN|NT,060359032891,870515 บ้านหนองกระชาย-โคกสูง,060363058872,870515_NKCKS,,
นครราชสีมา,14.611111,101.403888,AWN|NT,060359051987,870517 หจก.เขาใหญ่ สเตชั่น,060363058873,870517_KYSTL,,
นครราชสีมา,14.971388,102.094999,AWN|NT,060359032892,870528 ข้างวัดหนองบัวรอง,060363058875,870528_SWNBR,,
นครราชสีมา,15.532499,102.717777,AWN|NT,060359032896,870643 ตลาดสด เทศบาลตำบลประทาย,060363058891,870643_TSTPT,,
นครราชสีมา,14.649721,101.408888,AWN|NT,060359059423,870668 แม็คโคร ปากช่อง,060363058892,870668_MKPCG,,
นครราชสีมา,14.69861,102.4525,NT|TUC,,,060363132395,NMA0722-L23,060361104469,NMA0722-U21
นครราชสีมา,14.686944,102.037221,NT|TUC,,,060363132397,NMA0745-L23,060362031073,NMA0745-U21
ชัยภูมิ,16.280832,101.923054,NT|TUC,,,060363132497,CPM0220-L23,060361169488,CPM0220-U21
ชัยภูมิ,15.679999,101.878054,NT|TUC,,,060363132492,CPM0049-L23,060357012682,CPM0049-U21
ชัยภูมิ,16.243888,101.951666,NT|TUC,,,060363132495,CPM0207-L23,060361114732,CPM0207-U21
นครราชสีมา,14.92111,102.165833,AWN|NT,060357045805,870055หน้าโรงงานโคราชไซซัน,060363100990,870055_FKRSS,,
นครราชสีมา,15.451111,102.332777,NT|TUC,,,060363132400,NMA0786-L23,060361224862,NMA0786-U21
นครราชสีมา,14.69611,101.955277,NT|TUC,,,060363132401,NMA0790-L23,060362005258,NMA0790-U21
นครราชสีมา,14.965833,102.090555,NT|TUC,,,060363132402,NMA0807-L23,060362181652,NMA0807-U21
นครราชสีมา,14.995277,102.208333,AWN|NT,060357084191|060369006239,870198บ้านยองแยง-หนองระเวียง|870198 บ้านยองแยง-หนองระเวียง,060363101000,870198_BYNRW,,
นครราชสีมา,14.49361,102.281388,NT|TUC,,,060363132407,NMA0830-L23,060363077856,NMA0830
นครราชสีมา,14.626943,102.009166,NT|TUC,,,060363132462,NMA0832-L23,060363085158,NMA0832
นครราชสีมา,15.222221,102.463611,AWN|NT,060365061799|060357039317,870005 กระเบื้องใหญ่-พิมาย|870005 กระเบื้องใหญ่-พิมาย,060363100987,870005_KBYPM,,
นครราชสีมา,14.650277,101.336666,AWN|NT,060358006564,870253 ฟาร์มโชคชัย แคมป์,060363101001,870253_FCKCM,,
นครราชสีมา,14.998888,102.125554,NT|TUC,,,060363088611,NMA0802-L23,060363027561,NMA0802-U21
ชัยภูมิ,15.441388,101.692777,AWN|NT,060359046660,877365สน.ปตท.หจก.เซ่งฮงปิโตรเลียมฯ,060363101403,877365_PSHPB,,
นครราชสีมา,14.972777,102.112222,NT|TUC,,,060363037725,NKR7005,060357055603,NKR7005
นครราชสีมา,14.675277,102.109722,NT,,,060361186648,NMA0246-L23,,
นครราชสีมา,14.970277,102.063611,NT|TUC,,,060362060765|060361113860,NMA0341-L23|NMA0336-L23,060362167048,NMA0341-U21
นครราชสีมา,15.127777,102.448888,NT,,,060361186643,NMA0108-L23,,
นครราชสีมา,14.845277,101.755833,NT,,,060361186645,NMA0147-L23,,
นครราชสีมา,15.138888,102.201388,NT,,,060361186652,NMA0688-L23,,
ชัยภูมิ,15.420277,101.832499,NT,,,060361186677,CPM0013-L23,,
นครราชสีมา,14.961666,102.081666,NT,,,060361186704,NMA0072-L23,,
นครราชสีมา,15.63361,102.478888,NT|TUC,,,060362180589,NKR8680,060360048317,NKR8680
นครราชสีมา,14.506111,101.503611,NT,,,060362060606,NMA0393-L23,,
นครราชสีมา,14.938333,102.065555,NT|TUC,,,060361222732,NKR6743,060360218292|060367026787,NKR6743|NKR6743
ชัยภูมิ,15.572499,101.862222,NT,,,060361189479,CPM0004-L23,,
ชัยภูมิ,16.325554,102.051944,NT,,,060361189480,CPM0058-L23,,
ชัยภูมิ,15.788333,101.959722,NT,,,060361191751,CPM0061-L23,,
ชัยภูมิ,16.431388,102.203333,NT,,,060361191752,CPM0071-L23,,
ชัยภูมิ,16.647499,101.816666,NT,,,060361191786,CPM0076-L23,,
นครราชสีมา,14.377499,102.490833,NT,,,060361186888,NMA0158-L23,,
นครราชสีมา,14.351944,102.425554,NT,,,060361186890,NMA0163-L23,,
ชัยภูมิ,16.383333,102.312777,NT,,,060361189450,CPM0078-L23,,
นครราชสีมา,15.355833,102.912222,NT,,,060361191762,NMA0106-L23,,
นครราชสีมา,14.584721,101.399444,NT,,,060362061108,NMA0230-L23,,
นครราชสีมา,14.789721,101.524999,NT,,,060361222770,NKR6619,,
นครราชสีมา,14.901944,101.982499,NT|TUC,,,060362060642,NMA0789-L23,060362005257,NMA0789-U21
ชัยภูมิ,15.463888,101.682221,NT,,,060361189449,CPM0005-L23,,
นครราชสีมา,14.665,101.639999,NT,,,060361191764,NMA0323-L23,,
ชัยภูมิ,16.383333,102.303333,NT|TUC,,,060362230483,CYP7130,060360048383,CYP7130
นครราชสีมา,15.724721,102.292777,NT|TUC,,,060362180591,NKR8720,060360048319,NKR8720
นครราชสีมา,15.666666,102.500833,NT,,,060361189384,NMA0091-L23,,
นครราชสีมา,14.750277,102.332499,NT,,,060361186644,NMA0120-L23,,
นครราชสีมา,14.82361,102.399166,NT,,,060361186646,NMA0192-L23,,
ชัยภูมิ,15.861111,102.020832,NT,,,060361186678,CPM0089-L23,,
นครราชสีมา,14.981666,102.089999,NT|TUC,,,060361186733,NMA0568-L23,060362001711,NMA0568-U21
นครราชสีมา,15.0075,102.414166,NT,,,060361186883,NMA0013-L23,,
นครราชสีมา,14.798055,101.9025,NT,,,060361186884,NMA0083-L23,,
นครราชสีมา,14.582499,101.993888,NT,,,060361186885,NMA0090-L23,,
นครราชสีมา,15.058888,102.395833,NT,,,060361186886,NMA0124-L23,,
นครราชสีมา,14.598333,102.136388,NT,,,060361186889,NMA0162-L23,,
นครราชสีมา,14.714166,101.337777,NT|TUC,,,060362061183,NMA0338-L23,060362167013,NMA0338-U21
นครราชสีมา,14.886666,101.914166,NT|TUC,,,060362061217,NMA0758-L23,060361123111,NMA0758-U21
นครราชสีมา,14.979999,102.096666,NT,,,060362061260,NMA0334-L23,,
ชัยภูมิ,15.679443,102.009722,NT,,,060361191899,CPM0003-L23,,
ชัยภูมิ,16.649444,101.847499,NT,,,060361191904,CPM0035-L23,,
ชัยภูมิ,15.429443,101.67611,NT,,,060361191906,CPM0042-L23,,
นครราชสีมา,14.877499,101.833054,NT|TUC,,,060362038208,NMA0797-L23,060368044750|060362001714,NKR0797|NMA0797-U21
ชัยภูมิ,15.81861,102.067499,NT|TUC,,,060362038251,CPM0204-L23,060361114730,CPM0204-U21
นครราชสีมา,14.957222,102.072777,NT|TUC,,,060362038276,NMA0682-L23,060361177682,NMA0682-U21
ชัยภูมิ,15.750833,101.758333,NT,,,060361191901,CPM0019-L23,,
ชัยภูมิ,16.226943,102.194166,NT,,,060361191902,CPM0027-L23,,
ชัยภูมิ,15.765277,102.026666,NT,,,060361191903,CPM0032-L23,,
นครราชสีมา,14.992777,102.064166,NT,,,060362038272,NMA0493-L23,,
นครราชสีมา,14.958611,102.003333,NT|TUC,,,060362038273,NMA0589-L23,060361177681,NMA0589-U21
นครราชสีมา,14.92611,102.144999,NT|TUC,,,060362038279,NMA0712-L23,060361104468,NMA0712-U21
ชัยภูมิ,15.878054,102.022777,NT|TUC,,,060362038250,CPM0196-L23,060361139540,CPM0196-U21
ชัยภูมิ,15.798055,101.99861,NT,,,060362038252,CPM0214-L23,,
นครราชสีมา,14.92361,102.182777,NT|TUC,,,060362038275,NMA0669-L23,060361169501,NMA0669-U21
นครราชสีมา,14.741388,102.176388,NT,,,060362038277,NMA0705-L23,,
ชัยภูมิ,15.792777,102.012777,NT,,,060361189684,CPM0121-L23,,
ชัยภูมิ,15.766666,102.003611,NT,,,060361186596,CPM0106-L23,,
ชัยภูมิ,16.036388,101.857222,NT,,,060361177527,CYP1908,,
ชัยภูมิ,16.021943,101.498888,NT,,,060361177532,CYP1919,,
ชัยภูมิ,16.115555,101.891944,NT,,,060361177534,CYP1942,,
ชัยภูมิ,15.79111,102.078888,NT,,,060361229647,CPM0172-L23,,
นครราชสีมา,15.185833,102.258888,NT,,,060361184103,NMA0032-L23,,
นครราชสีมา,14.649444,102.066943,NT,,,060361184104,NMA0203-L23,,
นครราชสีมา,14.732499,101.988888,NT,,,060361184105,NMA0289-L23,,
ชัยภูมิ,15.385555,101.437777,NT,,,060361186592,CPM0041-L23,,
ชัยภูมิ,15.526666,101.800555,NT,,,060361186593,CPM0046-L23,,
ชัยภูมิ,16.271943,102.356944,NT,,,060361186594,CPM0050-L23,,
ชัยภูมิ,15.495833,101.821388,NT,,,060361177536,CYP3005,,
นครราชสีมา,15.008611,102.632221,NT,,,060361183336,NMA0017-L23,,
นครราชสีมา,14.97111,102.072499,NT|TUC,,,060361193375,NMA0573-L23,060362167008,NMA0573-U21
นครราชสีมา,15.304722,101.974443,NT,,,060361186583,NMA0080-L23,,
นครราชสีมา,15.063333,101.948333,NT,,,060361186584,NMA0247-L23,,
นครราชสีมา,15.016666,101.629721,NT,,,060361186585,NMA0279-L23,,
นครราชสีมา,14.548055,101.429166,NT,,,060361186586,NMA0306-L23,,
นครราชสีมา,15.097499,102.328054,NT,,,060361186587,NMA0609-L23,,
ชัยภูมิ,16.048055,102.169166,NT,,,060361177528,CYP1911,,
ชัยภูมิ,16.537499,101.899166,NT,,,060361177529,CYP1912,,
ชัยภูมิ,16.441388,102.186388,NT,,,060361177530,CYP1913,,
ชัยภูมิ,16.195555,101.94611,NT,,,060361177531,CYP1914,,
ชัยภูมิ,15.409722,101.639721,NT,,,060361127630,877061_SQSTM,,
นครราชสีมา,15.001944,102.058888,NT,,,060361118451,NMA0078-L23,,
นครราชสีมา,14.717499,102.015,NT|TUC,,,060361118455,NMA0489-L23,060359046450,NMA0489-U21
นครราชสีมา,14.981388,102.124999,NT,,,060361113996,NMA0112-L23,,
นครราชสีมา,14.919443,102.091666,NT,,,060361113997,NMA0113-L23,,
นครราชสีมา,15.045277,102.134444,NT,,,060361113999,NMA0115-L23,,
นครราชสีมา,14.978888,102.163611,NT,,,060361118450,NMA0057-L23,,
นครราชสีมา,14.959444,102.048333,NT|TUC,,,060361113937,NMA0003-L23,060361224901,NMA0003-U21
นครราชสีมา,14.655,101.447499,NT,,,060361113938,NMA0444-L23,,
นครราชสีมา,14.98611,102.104444,NT,,,060361113989,NMA0001-L23,,
นครราชสีมา,15.032499,102.144166,NT,,,060361113990,NMA0002-L23,,
นครราชสีมา,14.939444,102.065,NT,,,060361118452,NMA0093-L23,,
นครราชสีมา,14.641944,101.424999,NT,,,060361118454,NMA0316-L23,,
นครราชสีมา,14.973888,102.08111,NT,,,060361113992,NMA0005-L23,,
นครราชสีมา,14.637499,101.256944,NT,,,060361113994,NMA0011-L23,,
นครราชสีมา,14.953055,102.063888,NT,,,060361114001,NMA0117-L23,,
นครราชสีมา,14.954166,102.404444,AWN|NT,060356048022,878569ศรีละกอ-จักราช,060361127821,878569_SRCRM,,
นครราชสีมา,15.6824834632311,102.365007519613,NT*,,,060361127837,878739_KKTBM,,
นครราชสีมา,15.456666,102.832499,AWN|NT,060356027393,878741บ้านเมืองจาก-ลิ้นฟ้า,060361127839,878741_MCLFA,,
นครราชสีมา,14.968332,102.147499,AWN|NT,060356046379,878708 บาหลี รีสอร์ท,060361127833,878708_BLRTA,,
นครราชสีมา,15.027499,102.011111,AWN|NT,060356059223,878924 พุดซา-พลกรัง,060361127867,878924_PUPKG,,
นครราชสีมา,14.918888,101.977221,AWN|NT,060356016976,ศิริวิทย์สแตนเลย์-โคกกรวด,060361127828,878697_SVKDM,,
นครราชสีมา,14.87111,101.830554,AWN|NT,060356046375,878700 แยกสูงเนิน,060361127829,878700_YSUNA,,
นครราชสีมา,14.881388,101.840555,NT,,,060361127830,878701_SNOCA,,
นครราชสีมา,14.599444,101.344721,AWN|NT,060357045831,878806 หนองขมิ้น-ปากช่อง,060361127843,878806_KMNPC,,
นครราชสีมา,15.369999,102.384166,AWN|NT,060365087723|060357058404,878915บ้านดอนพะงาด-เมืองคง|878915 บ้านดอนพะงาด-เมืองคง,060361127863,878915_DPGMK,,
นครราชสีมา,14.903055,102.011666,NT,,,060361113835,NMA0102-L23,,
นครราชสีมา,14.728332,101.382499,NT,,,060361113836,NMA0310-L23,,
ชัยภูมิ,16.27361,101.9,AWN|NT,060359059436,877506 หนองแต้-ยาง-เกษตรสมบูรณ์,060361127698,877506_NTYSB,,
นครราชสีมา,14.994444,102.119166,AWN|NT,060357045819,878775 หอพักสกุลไทย,060361114236|060360118899,NMA0043-L23|878775_SKTAT,,
นครราชสีมา,14.906666,102.069166,NT,,,060361114237,NMA0044-L23,,
นครราชสีมา,14.890555,101.723332,NT,,,060361114238,NMA0046-L23,,
นครราชสีมา,14.914722,102.147777,NT,,,060361114239,NMA0048-L23,,
นครราชสีมา,14.89111,102.02111,NT,,,060360051899,NKR6524,,
นครราชสีมา,14.993888,102.116943,NT,,,060360051901,NKR6561,,
นครราชสีมา,14.596666,101.258888,NT,,,060360119396,870184_WKDPC,,
นครราชสีมา,15.160833,102.509722,AWN|NT,060356016981,878738 สหกรณ์นิคม พิมาย,060360205612,878738_SHPMM,,
นครราชสีมา,15.574721,102.751666,NT,,,060360120818,870689_NKNGK,,
นครราชสีมา,14.74861,102.418888,NT,,,060360120798,870340_THNBM,,
นครราชสีมา,15.201666,102.523332,NT,,,060360187104,NKR0027,,
นครราชสีมา,15.435833,102.746944,NT,,,060360120835,871074_BTLCP,,
นครราชสีมา,14.869999,101.793888,NT,,,060360187107,NKR0061,,
นครราชสีมา,14.701111,101.357222,NT|TUC,,,060360187109,NKR1614,060360211850,NKR1614
นครราชสีมา,14.875277,101.691666,AWN|NT,060359032893,870558 กุดชนวน-สีคิ้ว,060360192538,870558_KCNSK,,
นครราชสีมา,15.134721,102.5125,AWN|NT,060365050995|060356027382,878105 นิคมสร้างตนเองพิมาย|878105 นิคมสร้างตนเองพิมาย,060360120852,878105_PMSSM,,
นครราชสีมา,15.417777,102.390277,AWN|NT,060365050999|060356016954,878472 อบต.คูขาดเมืองคง|878472 อบต.คูขาดเมืองคง,060360120884,878472_OTKMM,,
นครราชสีมา,15.473332,102.779721,AWN|NT,060356046378,878704บ้านช่องแมว-ประทาย,060360120893,878704_CMPTA,,
นครราชสีมา,15.374166,101.900833,NT|TUC,,,060360187111,NKR1621,060360048852,NKR1621
นครราชสีมา,14.988888,102.094721,AWN|NT,060357055413,870077 ข้างศูนย์อาหาร บ.ข.ส.ใหม่นครราชสีมา,060360192532,870077_FCNBT,,
นครราชสีมา,15.160277,101.696388,NT,,,060360120898,878756_TDKNM,,
ชัยภูมิ,15.631943,101.92611,NT|TUC,,,060360023918,CYP3006,060360015069,CYP3006
นครราชสีมา,14.976666,102.084444,NT,,,060360044585,NMA_109,,
นครราชสีมา,14.948888,102.126943,AWN|NT,060357055408,870020 เทสโก้ โลตัส หัวทะเล,060360119392,870020_LTHTL,,
นครราชสีมา,14.923054,102.182777,AWN|NT,060357084207,870269 ข้างตลาดซัมซุง,060360119401,870269_KTLSS,,
นครราชสีมา,15.066388,102.109166,AWN|NT,060365061805|060358008857,870357 ระงม-โคกสูง|870357 ระงม-โคกสูง,060360119408,870357_RNGKS,,
ชัยภูมิ,16.176943,101.925554,AWN|NT,060365061831|060356056650,877076 โนนกอก|877076 โนนกอก,060360119832,877076_NNKOM,,
นครราชสีมา,14.606666,101.53611,NT,,,060360114810,NKR6643,,
นครราชสีมา,14.9935355708038,102.047769489384,NT*,,,030350001471,วัดบ้านไร่(ตำบลสี่มุม,,
นครราชสีมา,15.045847723846,102.129941117907,NT*,,,030350001480|030347007936,บ้านหนองออก)|ประเทศไทย,,
นครราชสีมา,14.4263137126153,101.717381530164,NT*,,,060367097630,NKR1956,,
ชัยภูมิ,16.0763094121979,101.431551526567,NT*,,,030345008186|030341000587,|บ้านเจียง,,
นครราชสีมา,14.9913050755042,102.563302906058,NT*,,,030345008229|030347006115,|,,
นครราชสีมา,14.7254307677197,102.028376434131,NT*,,,030342004258|030349001595,|ชุมสายปักธงชัย,,
นครราชสีมา,14.4128121119185,101.818134429014,NT*,,,030342004263,,,
นครราชสีมา,14.813125128358,102.416510039186,NT*,,,030345008232|030347006943|030352004469,||NMA042/หนองบุญมาก,,
นครราชสีมา,14.561266272763,101.869839092797,NT*,,,030345008233|030347006934|030347003385,||,,
นครราชสีมา,14.8212854883913,101.629205393295,NT*,,,030350001528|030352003504|030347006925|030347006258|030347006044|030347003388,บ้านลาดบัวขาว)|SRN027/บ้านตานี||||,,
นครราชสีมา,15.4393507862252,102.955408862978,NT*,,,030347006130|030347006132|030347006009|030347006011|030347006131|030347006008,|||||,,
นครราชสีมา,15.2527727001328,102.109980969087,NT*,,,030347006148|030347007228,|,,
นครราชสีมา,15.3088838002648,102.272991848405,NT*,,,030347006150|030347006022,|,,
นครราชสีมา,15.4621222379442,102.246785359129,NT*,,,030347006155|030347006266|030347006027|030347006146,|||,,
นครราชสีมา,14.9527711522472,101.839037228651,NT*,,,030347006157|030347006045,|,,
นครราชสีมา,14.9683608558553,101.574426188733,NT*,,,030347006164|030347006052,|,,
นครราชสีมา,14.7908225771639,101.89566184206,NT*,,,030347006166|030347006054|030347006172,||,,
นครราชสีมา,14.9700789438278,101.915310416596,NT*,,,030347006173|030347006174,|,,
นครราชสีมา,14.7052196699086,101.571522453527,NT*,,,030347006248|030347006036,|,,
นครราชสีมา,14.5753839927072,101.730738688399,NT*,,,030347006250|030347006251|030347006261|030347006005,|||,,
นครราชสีมา,14.6375345725816,101.64737826772,NT*,,,030347006257|030347006042,|,,
นครราชสีมา,14.6109632934835,101.482321833225,NT*,,,030347006259|030347006033,|,,
นครราชสีมา,14.9333117543825,101.483744071866,NT*,,,030347006264|030347006254|030347006034|030347006256,|||,,
นครราชสีมา,15.4967087239536,102.166966319507,NT*,,,030347006273|030347006270|030347006098|030347006091,|||,,
นครราชสีมา,15.6710959669832,102.575019027571,NT*,,,030347006280,,,
นครราชสีมา,15.6496760332559,102.530481260439,NT*,,,030347006282,,,
นครราชสีมา,15.5940966690925,102.75890175629,NT*,,,030347006284,,,
นครราชสีมา,15.5163526600123,102.429636616895,NT*,,,030347006291,,,
นครราชสีมา,15.4673823917827,102.74035675667,NT*,,,030347006121,,,
นครราชสีมา,15.346639645956,102.955503961797,NT*,,,030347006134|030347006016,|,,
นครราชสีมา,15.430072411216,102.815585661736,NT*,,,030347006137|030347006018|030347006124|030347006013,|||,,
นครราชสีมา,15.4096668381124,102.097831496887,NT*,,,030347006151|030347007227|030347006023,||,,
นครราชสีมา,15.4006320331854,102.329307736473,NT*,,,030347006152|030347006154|030347007198|030347006026|030347006024|030347003390,|||||,,
นครราชสีมา,15.2505420975753,102.210018203466,NT*,,,030347006153|030347006885|030347006025,||,,
นครราชสีมา,14.9387627873768,101.727162731221,NT*,,,030347006168|030347006169|030347006163|030347006051|030347006056,||||,,
นครราชสีมา,14.7967657118752,101.727709913965,NT*,,,030347006170|030347006165|030347006247|030347006055,|||,,
นครราชสีมา,15.5707981089386,102.187492568457,NT*,,,030347006268|030347006265|030347006093,||,,
นครราชสีมา,15.5059717545454,102.565843998995,NT*,,,030347006288,,,
นครราชสีมา,15.0303677280903,101.733761248697,NT*,,,030347006891,,,
นครราชสีมา,14.5580982188405,102.353847570411,NT*,,,030347006895,,,
นครราชสีมา,14.6724154954534,102.154199132288,NT*,,,030347006926,,,
นครราชสีมา,14.7525941830173,101.951872128354,NT*,,,030347006927,,,
นครราชสีมา,14.8701386186235,102.259593061232,NT*,,,030347006944|030347006945,|,,
นครราชสีมา,14.2472876393463,102.474046328783,NT*,,,030347006975,,,
นครราชสีมา,15.1126514244021,102.440964693742,NT*,,,030347006303,,,
นครราชสีมา,15.4356382191999,102.472015778654,NT*,,,030347006304,,,
นครราชสีมา,15.542096768298,102.068095959743,NT*,,,030347006274|030347006095,|,,
นครราชสีมา,15.4862532793865,102.466212878262,NT*,,,030347006283,,,
นครราชสีมา,15.5830266527344,102.707243776744,NT*,,,030347006290,,,
ชัยภูมิ,15.6100932177091,101.578213734684,NT*,,,030347006879,,,
นครราชสีมา,15.4764203303491,102.798744786738,NT*,,,030347006881|030347006020,|,,
นครราชสีมา,15.0615618028192,101.620095160788,NT*,,,030347006890|030347006059,|,,
นครราชสีมา,14.4617302378738,102.345398323782,NT*,,,030347006897,,,
นครราชสีมา,14.4573546458608,102.54035259499,NT*,,,030347006904|030347006903,|,,
นครราชสีมา,14.2547470182378,102.302422903801,NT*,,,030347006906,,,
นครราชสีมา,14.6747519660995,101.92492591189,NT*,,,030347006929|030347006949|030347007200,||,,
นครราชสีมา,14.5882561150099,101.95997305157,NT*,,,030347006938|030347006947,|,,
นครราชสีมา,14.6283705844505,101.904314763968,NT*,,,030347006940,,,
นครราชสีมา,14.9345685141217,102.430247493005,NT*,,,030347006954|030347006952,|,,
นครราชสีมา,14.7438347444763,102.447784105983,NT*,,,030347006956,,,
นครราชสีมา,14.8165563775716,102.342141602146,NT*,,,030347006883,,,
นครราชสีมา,14.7164983167139,102.237453559277,NT*,,,030347006920,,,
นครราชสีมา,14.6827966635564,102.105826689993,NT*,,,030347006933,,,
นครราชสีมา,14.8743447971982,102.383510568171,NT*,,,030347006951,,,
นครราชสีมา,15.0612975012052,102.229223928743,NT*,,,030352004547,NMA026/วิทยาลัยเทคโนโลยีอาชีวศึกษา,,
นครราชสีมา,14.9015307039581,102.108499327005,NT*,,,030352004549|030341001983,NMA058/สวนสัตว์โคราช|,,
ชัยภูมิ,15.657222,101.564444,NT,,,060355000022,,,
ชัยภูมิ,15.73111,101.475554,NT,,,060355000031,,,
ชัยภูมิ,15.540277,101.512222,NT,,,060355000033,,,
ชัยภูมิ,15.4476337761601,101.857245493174,NT*,,,030341000582,,,
ชัยภูมิ,16.1264411239873,101.577336225548,NT*,,,030341000586,วังชมภู,,
ชัยภูมิ,15.704444,101.514444,NT,,,060355000026,,,
ชัยภูมิ,15.761388,101.564166,NT,,,060355000027,,,
ชัยภูมิ,15.739999,101.493333,NT,,,060355000028,,,
ชัยภูมิ,15.748888,101.510833,NT,,,060355000029,,,
นครราชสีมา,15.2542742809348,102.387843526224,NT*,,,030341001982,,,
นครราชสีมา,14.92361,101.961944,AWN|NT,060363058418,872256 โรงพยาบาลเทพรัตน์ อาคารผู้ป่วยใน,060366005038,872256_IPDTR,,
ชัยภูมิ,15.618054,101.913333,AWN|NT|TUC,060359104967,877494 หนองหญ้าข้าวนก-ละหาน,060366005252|060367068595,877494_NYKLH|CPM0101-U21,060360238041,CPM0101-U21
นครราชสีมา,14.985555,101.492499,AWN|NT,060361059711|060369024845,872088 บ้านนาหว้า-สีคิ้ว|872088 บ้านนาหว้า-สีคิ้ว,060366001334,872088_BNWSK,,
ชัยภูมิ,16.030554,102.316943,AWN|NT,060360006458,877570 บ้านหนองหว้า-ช่องสามหมอ,060366001375,877570_BNWCM,,
นครราชสีมา,14.498333,101.937499,AWN|NT,060360032728,871307 สถานีฝึกนิสิตวนศาสตร์-วังน้ำเขียว,060366001306,871307_FRWNK,,
นครราชสีมา,15.706388,102.385555,AWN|NT,060360006439,871481 หนองโดน-ขุนทอง,060366001323,871481_NDNKT,,
นครราชสีมา,14.979166,101.805833,AWN|NT,060360006441,871487 กุคล้า-เสมา,060366001324,871487_KUASM,,
นครราชสีมา,14.957777,102.065,AWN|NT,060363058414,874543 โรงแรมรายาแกรนด์ โคราช,060366001354,874543_RYGAH,,
นครราชสีมา,14.674999,101.374721,AWN|NT,060363114330,874675 บันไดไม้หมู่4-ปากช่อง,060366001355,874675_BDMSP,,
นครราชสีมา,14.49611,102.27111,AWN|NT,060364028326,874992หลังวัดท่าศิลาอาสน์ เฉลียงพัฒนา-ครบุรี,060366001356,874992_TSLCP,,
นครราชสีมา,15.092221,101.616111,AWN|NT,060359187068,871523 บ้านนาตาหน-ด่านขุนทด,060366001328,871523_BNTDT,,
นครราชสีมา,14.539999,102.159722,AWN|NT,060361059710,872087 บ้านหนองโสน-ครบุรี,060366001333,872087_BNSKR,,
นครราชสีมา,14.727777,101.43361,AWN|NT,060361112893,872145 วัดท่ามะนาว-ปากช่อง,060366001342,872145_WTNPC,,
นครราชสีมา,14.988055,102.097777,AWN|NT,060361173771,872199 ตลาดสุรนคร-เมืองนครราชสีมา,060366001344,872199_TSNMN,,
นครราชสีมา,15.005277,102.128888,NT,,,060366059052,NMA0897-L23,,
นครราชสีมา,15.353611,102.906944,NT,,,060366050010,NMA031,,
นครราชสีมา,14.978332,102.084999,AWN|NT,060358079358,870841 แผนกอิเล็กทรอนิกส์-เทคนิคโคราช,060366000671,870841_ELTCN,,
นครราชสีมา,15.132777,102.423332,AWN|NT,060359168201,871247 บ้านหนองโสน-หนองระเวียงฯ,060366000714,871247_BRWPM,,
นครราชสีมา,15.292499,102.126943,AWN|NT,060359117940,871371 บ้านโตนด-โนนไทย,060366000716,871371_BTNNT,,
ชัยภูมิ,16.515,101.849721,AWN|NT,060359139210,877575 บ้านมอตาเจ๊ด-ห้วยยาง,060366000782,877575_NMJHY,,
นครราชสีมา,14.786944,101.403611,NT,,,060366015703,NKN7164,,
นครราชสีมา,14.884999,102.016388,AWN|NT,060357055416,870108 ข้างอาคารกิจการนักศึกษา มทส.21,060366000608,870108_SAKNS,,
นครราชสีมา,14.608055,101.616943,AWN|NT,060357084198,870233 หนองผักหนอก-ปากช่อง,060366000624,870233_NPKPC,,
นครราชสีมา,14.984999,102.100277,AWN|NT,060359052080,870509 โรงพยาบาลมหาราช นครราชสีมา ตึกการไฟฟ้า,060366000649,870509_ELBMH,,
นครราชสีมา,15.208333,101.791666,AWN|NT,060359033008,870725 วิทยาลัยเทคนิคหลวงพ่อคูณ อาคารสามัญ 1,060366000660,870725_LPKCB,,
นครราชสีมา,14.7575,102.200555,AWN|NT,060359033009,870746 โรงงานดับเบิ้ลเอ-โชคชัย,060366000664,870746_DBACC,,
นครราชสีมา,15.033054,102.140833,AWN|NT,060359033011,870762 โรงเรียนบ้านจอหอ,060366000666,870762_BCHSC,,
นครราชสีมา,14.881388,102.017777,AWN|NT|TUC,060357055415,870107 หน้าอาคารเรียนรวม มทส.22,060366000607,870107_FAKRS,060368195881,NKRC091
ชัยภูมิ,15.981943,102.100833,NT,,,060366000616,870174_STBAN,,
ชัยภูมิ,15.797499,102.02361,NT|TUC,,,060361182993,CPM0178-L23,060368044611|060361224839,CYP0178|CPM0178-U21
นครราชสีมา,14.890277,101.722221,TUC,,,,,060368044636|060357022850,NMA0046|NMA0046-U21
นครราชสีมา,14.524443,102.188333,AWN|TUC,060359104920,870904 จระเข้หิน-ครบุรี,,,060368044643|060357046518,NMA0131|NMA0131-U21
นครราชสีมา,15.201944,102.822221,AWN,060368044860,801643 ตรงข้ามโรงเรียนตลาดไทรพิทยาคม,,,,
นครราชสีมา,14.718332,101.418332,AWN,060368044857,801746 ชุมชนมอดินแดง-ปากช่อง,,,,
นครราชสีมา,14.933333,101.756666,AWN,060368044856,801724 กุดน้อย-สีคิ้ว,,,,
นครราชสีมา,15.114722,101.744444,TUC,,,,,060368044767,NKRA389
นครราชสีมา,14.685555,101.620554,AWN,060368047524,801723 กุดโง้ง-ปากช่อง,,,,
นครราชสีมา,14.739444,101.474166,AWN,060368059372,801558 หมู่บ้านธนารักษ์ ทหารสรรพาวุธ-ปากช่อง,,,,
ชัยภูมิ,16.356666,102.283333,AWN,060368059363,801722 บ้านเมืองคง-ภูเขียว,,,,
ชัยภูมิ,15.630832,101.394721,AWN|TUC,060368059376,807855 หน้าอุทยานแห่งชาติป่าหินงาม,,,060361039077,RM-CPM0062/D-U21
นครราชสีมา,14.997777,102.115,AWN,060368059379,874195 ลานหน้าเซ็นทรัลนครราชสีมา,,,,
นครราชสีมา,15.287221,102.570832,AWN,060368059364,801757 หนองบัว-พิมาย,,,,
นครราชสีมา,15.124721,102.005833,AWN,060368059375,801763 บ้านทรงธรรม-โนนไทย,,,,
นครราชสีมา,14.752222,102.074166,TUC,,,,,060368156214,NKRS042
นครราชสีมา,14.876388,102.321388,TUC,,,,,060368156216,NKRA394
นครราชสีมา,14.63611,101.208888,TUC,,,,,060368156218|060357014223,SRBC035|SRI0007-U21
นครราชสีมา,14.667777,102.45,TUC,,,,,060368156213,NKRA395
นครราชสีมา,14.957222,102.099444,AWN,060368156219,ส.พัน.22),,,,
ชัยภูมิ,15.827499,101.427221,AWN,060368156221,877030 ภักดีชุมพล,,,,
นครราชสีมา,14.872777,102.312222,TUC,,,,,060368161157,NKRS050
ชัยภูมิ,16.02361,101.559166,TUC,,,,,060368161173,CYP7188
นครราชสีมา,14.830832,102.247499,TUC,,,,,060368161156,NKRS041
ชัยภูมิ,16.1625,101.631388,TUC,,,,,060368161174,CYP7189
นครราชสีมา,14.811666,102.286388,TUC,,,,,060368161155,NKRA391
ชัยภูมิ,15.825277,101.628888,TUC,,,,,060368161171,CYP1921
นครราชสีมา,14.985833,102.123888,TUC,,,,,060368161207|060368071722,NKR1660|NKR1660
นครราชสีมา,14.772221,102.229166,TUC,,,,,060368161145,NKRA386
นครราชสีมา,14.473332,101.379443,TUC,,,,,060368161160,NKRA354
นครราชสีมา,14.463611,101.371388,AWN|TUC,060369021060,874025 ทางขึ้นเขาใหญ่ กม.33,,,060368161161,NKRA355
นครราชสีมา,14.451111,101.367777,TUC,,,,,060368161162,NKRA356
ชัยภูมิ,16.651111,101.82111,TUC,,,,,060368071600|060360048838,KKNC031|KKN0070
นครราชสีมา,14.605833,101.529443,TUC,,,,,060368071626|060358058932,NKR8695|NKR8695
นครราชสีมา,14.888888,102.007777,TUC,,,,,060368071624|060362030255,NKR7145|NKR7145
นครราชสีมา,14.885833,102.01,TUC,,,,,060368071625|060362030257,NKR7146|NKR7146
นครราชสีมา,15.048055,101.999166,AWN,060368163557,801781 บ้านโคกแขวน-ขามทะเลสอ,,,,
นครราชสีมา,15.476943,102.129721,AWN,060368163558,801790 บ้านปะคำ-เมืองคง,,,,
นครราชสีมา,14.750833,102.163055,AWN,060368163576,801776 โกลบอลเฮ้าส์ สาขาโชคชัย,,,,
นครราชสีมา,14.800555,102.432221,TUC,,,,,060368163924|060361169306,NMA0716|NMA0716-U21
นครราชสีมา,14.715555,102.242499,AWN,060368165865,801845 วัดนาตลิ่งชัน-โชคชัย,,,,
นครราชสีมา,14.772221,101.565,AWN,060368165866,801851 บ้านเห็ด ลีกาโน่-เขายายเที่ยงใต้),,,,
นครราชสีมา,14.551388,101.6075,AWN,060368165864,801841 หนองนกเต็น-ปากช่อง,,,,
ชัยภูมิ,16.371666,101.974999,TUC,,,,,060368071726|060359137643,CYP0095|CPM0095-U21
นครราชสีมา,14.866666,102.036666,TUC,,,,,060368071735|060363000111,NKR7440|NMA0577-U21
ชัยภูมิ,16.14361,101.682499,AWN,060368173246|060361105947,877685 บ้านนาเจริญ-หนองบัวแดง|877685 บ้านนาเจริญ,,,,
นครราชสีมา,14.770832,102.133888,AWN|NT,060368173215|060358008848,870337 คลองกลาง-โชคชัย|870337 คลองกลาง-โชคชัย,060366000632,870337_KGCKC,,
ชัยภูมิ,16.06,101.487221,AWN,060368173266,807845 คลองจันลา-ภักดีชุมพล,,,,
ชัยภูมิ,15.475277,101.766666,AWN,060368173262,807837 วัดท่าศาลา-บำเหน็จณรงค์,,,,
นครราชสีมา,15.317221,102.429443,AWN,060368177692,801862 ทุ่งแหลมทอง-คง,,,,
นครราชสีมา,15.571943,102.552222,AWN,060368179095,801881 ปากทางเข้าหมู่บ้านโนนสมบูรณ์-สีดา,,,,
นครราชสีมา,15.115555,102.73861,AWN,060368179277,801879 หนองเจ้าเรือน-ชุมพวง,,,,
ชัยภูมิ,15.935555,102.155277,AWN,060368179281,807882 บ้านซับรวงไทร-เมืองชัยภูมิ,,,,
นครราชสีมา,15.022221,102.246388,AWN,060368179276,801876 สลักได-หนองงูเหลือม,,,,
นครราชสีมา,14.52111,102.247221,AWN|NT,060368179814|060358078893,870867 ใกล้โรงเรียนครบุรี|870867 ใกล้โรงเรียนครบุรี,060363059155,870867_KBRSC,,
นครราชสีมา,14.886944,101.615555,AWN,060368180196,สีคิ้ว ขาเข้านครราชสีมา),,,,
นครราชสีมา,14.899166,101.881388,AWN,060368188937,801895 หน้าโครงการบ้านจัดสรรอมรภัทร.พีพี.วิลล์-สูงเนิน,,,,
นครราชสีมา,14.872777,102.021666,TUC,,,,,060368195883,NKRC093
นครราชสีมา,14.898055,101.899444,NT|TUC,,,060361229516,RM-NMA0678/C-L23,060368195884,NKRC094
นครราชสีมา,14.897777,101.899721,TUC,,,,,060368195886,NKRC096
นครราชสีมา,14.885555,102.009166,TUC,,,,,060368195880,NKRC085
นครราชสีมา,15.594999,102.430277,AWN,060365125320,808177,,,,
ชัยภูมิ,16.466943,102.215555,AWN,060365123518,807434 มูลกระบือ-ภูเขียว,,,,
นครราชสีมา,14.64861,101.505833,AWN,060365123711,สาขาปากช่อง),,,,
ชัยภูมิ,15.61861,101.506111,AWN|NT,060365060686,807389 บ้านหนองใหญ่-ซับใหญ่),060366005157,807389_BNYSY,,
นครราชสีมา,15.141944,101.996944,AWN|NT,060365055937|060356027387,878224 ค้างพลู|878224 ค้างพลู,060360068170,878224_KGPLM,,
ชัยภูมิ,16.322221,102.006388,AWN|NT,060365061593|060358078818,877386 หัน-เกษตรสมบูรณ์|877386 หัน-เกษตรสมบูรณ์,060361105107,877386_HKSSB,,
นครราชสีมา,15.634166,102.319443,AWN|NT,060365061631|060356016967,878530 ขามเตี้ย-บัวใหญ่)|878530 ขามเตี้ย-บัวใหญ่),060363059817|060363059818,878530_KTBYM|878532_HCCPM,,
นครราชสีมา,14.585555,101.847221,AWN|NT,060365061803|060357084194,870227 วัดซับยาง-ปักธงชัย|870227 วัดซับยาง-ปักธงชัย,060366000623,870227_WSYPC,,
นครราชสีมา,15.34611,102.1125,AWN|NT,060365061808|060358058052,870692 ชีวึก|870692 ชีวึก,060360068104,870692_SHEWK,,
ชัยภูมิ,15.676943,101.981666,AWN,060363114303,807115 บ้านโคกแพงพวย-จัสตุรัส,,,,
ชัยภูมิ,15.853888,102.271666,AWN,060363114304,807117 บ้านดอนไข่ผำ-คอนสวรรค์,,,,
ชัยภูมิ,15.542221,101.630277,AWN,060363114305,807118 บ้านหนองตาไก้-บำเหน็จณรงค์,,,,
ชัยภูมิ,15.806944,102.1025,AWN,060363114306,807161 สระไข่น้ำ-ชัยภูมิ,,,,
นครราชสีมา,14.684721,101.936388,AWN,060363114315,874695 บ้านพุปลาไหล-ปักธงชัย,,,,
นครราชสีมา,14.812777,102.201944,AWN,060363114316,874701 บ้านกุดโบสถ์-โชคชัย,,,,
นครราชสีมา,15.12861,101.570832,AWN,060363114317,874768 หนองกราดน้อย-ด่านขุนทด,,,,
นครราชสีมา,14.962222,102.127221,AWN|NT,060363114341,874659 บ้านหัวทะเลหมู่ 1,060366002723,874659_HTALE,,
นครราชสีมา,15.459166,102.069721,AWN,060363114523,874832 ห้วยลึก หมู่12-คง,,,,
นครราชสีมา,14.89861,101.723054,AWN,060363120361|060356011944,878114 สีคิ้ว|878114 สีคิ้ว,,,,
ชัยภูมิ,15.548055,101.603888,AWN,060363106758,807096 โรงเรียนบ้านห้วยทราย,,,,
ชัยภูมิ,15.9025,102.260277,AWN,060364028821,807247 ตรงข้ามอบต.บ้านโสก-คอนสวรรค์,,,,
นครราชสีมา,15.178888,102.254722,AWN|NT,060364028822,808044 ตรงข้าม ร.ร.โนนสูงศรีธานี,060366002566,808044_ONSTN,,
นครราชสีมา,14.604166,102.095833,AWN,060364028823,808073 หนองใหญ่พัฒนา-ครบุรี,,,,
นครราชสีมา,15.193333,101.651388,AWN,060364028827,808029 บ้านสระพัง-ด่านขุนทด,,,,
ชัยภูมิ,15.960277,102.279166,AWN,060364093019,807034 สระแก้ว-คอนสวรรค์,,,,
นครราชสีมา,14.48111,102.263611,AWN,060364093021,874363 ดอนตะเกียด-ครบุรี,,,,
นครราชสีมา,14.558333,101.865,AWN,060364093036,808147ต้นร้อยล้าน-ป่าภูหลวงปักธงชัย,,,,
นครราชสีมา,15.010555,102.424443,AWN|NT,060363124167,874673 หนองแมว-จักราช,060366002727,874673_NMCKR,,
นครราชสีมา,15.050833,102.226666,AWN|NT,060363124168,874677,060366002729,874677_PPWNL,,
นครราชสีมา,15.216666,101.856111,AWN,060363124169,874703,,,,
นครราชสีมา,15.204444,102.210555,AWN,060363124170,874704 เมืองที-โนนสูง,,,,
นครราชสีมา,14.775554,102.056944,AWN,060363124171,874705,,,,
นครราชสีมา,15.521943,102.111666,AWN,060363124172,874706,,,,
นครราชสีมา,14.620554,101.353055,AWN|NT,060363124182,878437 หนองน้ำแดง,060361127810,878437_NONDM,,
นครราชสีมา,14.359722,101.902777,AWN,060363124190,874560 คำชะโนด-วังน้ำเขียว,,,,
นครราชสีมา,15.659444,102.529443,AWN,060363106737,874668 ทางเข้าโรงพยาบาลบัวลาย,,,,
ชัยภูมิ,16.220277,102.289999,AWN,060363114007,807108,,,,
ชัยภูมิ,16.257777,102.341666,AWN,060363114008,807111,,,,
ชัยภูมิ,15.745277,101.94361,AWN,060363114009,807112,,,,
นครราชสีมา,14.656666,101.481388,AWN|NT,060363114025,874660,060366002724,874660_HSNPC,,
นครราชสีมา,14.924721,102.14111,AWN|NT,060363071948,874637บ้านหนองตะลุมปุ๊กใหม่พัฒนาหมู่10,060366002720,874637_NTPMP,,
นครราชสีมา,14.830277,102.114166,AWN|NT,060363067791,874651,060366002722,874651_GDLRE,,
นครราชสีมา,14.895555,102.010833,AWN|NT,060363058422,874476 หลังหอพักสุรนิเวศ 9-มทส.,060366002709,874476_BSRNW,,
นครราชสีมา,14.996944,102.073888,AWN|NT,060363058423,874500,060366002711,874500_BTSRN,,
นครราชสีมา,14.951666,102.117221,AWN|NT,060363058424,874524 ลานหอประชุม20ปีบุญวัฒนา,060366002714,874524_HBWTN,,
นครราชสีมา,14.981666,102.132499,AWN|NT,060362256239,874438 โรงเรียนบุญวัฒนา2,060366005045,874438_BWTNT,,
ชัยภูมิ,15.652222,102.014444,AWN,060362256245,807032 หนองน้ำไข่-เนินสง่า,,,,
นครราชสีมา,14.513333,101.452222,AWN,060362229790,874291 ชาโต เดอ เขาใหญ่),,,,
นครราชสีมา,14.739999,102.217499,AWN,060362229791,874292 บ้านโนนเพชร-โชคชัย,,,,
ชัยภูมิ,16.013333,102.022777,AWN,060362224800,877976สถานีควบคุมไฟป่าตาดโตน-ภูแลนคา,,,,
นครราชสีมา,15.158888,102.508888,AWN|NT,060362224803|060366077523,874294 ข้างวัดตลาด-นิคมพิมาย|874294 ข้างวัดตลาด-นิคมพิมาย,060366002688,874294_KWTNP,,
นครราชสีมา,14.819721,102.48111,AWN,060362073388,874033,,,,
นครราชสีมา,14.987499,102.639166,AWN|NT,060362073402,874032 บ้านไทยอารี-ห้วยแถลง,060366002678,874032_BTARH,,
นครราชสีมา,15.230554,102.494721,AWN,060361173759,872818 ร้านทิวไผ่เป็ดย่าง,,,,
นครราชสีมา,14.798333,101.532777,AWN|NT,060361173772,872200 มอเตอร์เวย์-ลำตะคอง จุดที่ 1,060366002654,872200_MTWLO,,
นครราชสีมา,14.82861,101.547499,AWN,060361173773,872201 มอเตอร์เวย์-ลำตะคอง จุดที่ 2,,,,
นครราชสีมา,14.759444,102.025277,AWN,060361155275,872154 บ.สีมาเทคโนโลยี โรงงานที่ 3,,,,
ชัยภูมิ,15.817221,101.656666,AWN,060361112902,877682บ้านโนนสำราญ,,,,
นครราชสีมา,14.908888,102.003888,AWN|NT,060361093203,872117บ้านอ่างห้วยยาง,060366005036,872117_BAHMN,,
ชัยภูมิ,15.860833,101.722221,AWN,060361093204,877688บ้านวังกำแพง-บ้านเขว้า,,,,
นครราชสีมา,14.91,101.956666,AWN,060361093208,871341 โรงงานราชสีมาผลิตเหล็ก,,,,
นครราชสีมา,14.634999,102.145277,AWN,060361093229,871329 วัดหนองต้อ-ครบุรี,,,,
นครราชสีมา,14.998333,102.468054,AWN,060361059702,871956 บ้านหนองนกกวัก-จักราช,,,,
นครราชสีมา,14.392777,101.77861,AWN,060361059703,871957 ตรงข้ามเวลาเวียนรีสอร์ท-วังน้ำเขียว,,,,
นครราชสีมา,15.658333,102.548333,AWN,060361059705,871997 ฝาผนัง - บัวลาย,,,,
นครราชสีมา,14.866943,102.158611,AWN|NT,060361059707,872014บ้านหนองโสมง-หนองบัวศาลา,060363059270,872014_BNSNB,,
นครราชสีมา,15.13611,102.64861,AWN|NT,060361059708,872016บ้านสายทอง-ห้วยแถลง,060363059271,872016_BSTHT,,
นครราชสีมา,14.393888,102.298888,AWN,060361059709,872086 บ้านไร่แหลมทอง-ครบุรี,,,,
นครราชสีมา,14.973888,102.065277,AWN|NT,060360206293,871819 โรงแรมแคนทารี นครราชสีมา,060363059267,871819_KTRHN,,
นครราชสีมา,14.846666,101.598888,AWN|NT,060360206308,871069 บริษัทปทุมไรซ์มิลแอนด์แกรนารีจำกัด-ลาดบัวขาว,060363059208,871069_PTRBK,,
นครราชสีมา,14.39861,101.753055,AWN,060360206310,871929 บ้านคลองทุเรียน-สวนลุงโชค,,,,
นครราชสีมา,14.763888,101.710555,AWN,060360206311,871930 สำนักงานป่าไม้วะภูแก้ว-สูงเนิน,,,,
นครราชสีมา,14.571943,101.318332,AWN|NT,060360206312,871933 บ้านเขาวง-หนองน้ำแดง,060366002646,871933_BKWND,,
นครราชสีมา,15.354444,102.209444,AWN|NT,060360206314,871949 บ้านหนุก-ขามสะแกแสง,060366002647,871949_BNKSS,,
นครราชสีมา,15.288888,101.774721,AWN|NT,060360206354,871376 หนองกระเทียมเหนือ-กุดพิมาน,060366005218,871376_NKNKP,,
นครราชสีมา,14.926943,102.177777,AWN|NT,060361180418,872832 โรงงานโชนันโกเซอิ-เขตอุตสาหกรรมสุรนารี,060366002657,872832_SNGSI,,
นครราชสีมา,14.841944,101.556388,AWN,060361180469,872202มอเตอร์เวย์-ลำตะคองจุดที3,,,,
นครราชสีมา,14.630554,101.226943,AWN|NT,060361180470,872203 หน้าวัดถ้ำสองพี่น้อง-ปากช่อง,060366002655,872203_NWTSP,,
นครราชสีมา,15.408333,102.776388,AWN|NT,060360205745,871190 โนนสำโรง-ดอนมัน,060366005207,871190_NSRDM,,
นครราชสีมา,14.805277,101.78611,AWN|NT,060359141404,871412 วัดหนองไม้ตาย-สูงเนิน,060363059254,871412_WNMSN,,
นครราชสีมา,15.568332,102.209722,AWN|NT,060359141420,870639 ตลุกพลวง-บ้านเหลื่อม,060366002598,870639_TLPBL,,
นครราชสีมา,15.117221,102.401666,AWN|NT,060359141423,871432 ชุมชนบ้านดอนหวาย-พิมาย,060366002631,871432_CDWPM,,
นครราชสีมา,14.726666,101.233054,AWN,060359141424,871434 อ่างหิน-ปากช่อง,,,,
นครราชสีมา,15.199166,102.029721,AWN|NT,060359141425,871467 ศิริบ้านไร่-โนนไทย,060363059257,871467_SRBNT,,
ชัยภูมิ,16.174721,101.696944,AWN,060359141427,877567บ้านสะพุงเหนือฯ,,,,
ชัยภูมิ,15.408333,101.77611,AWN,060359141428,877571 บ้านหนองดง-หัวทะเล,,,,
ชัยภูมิ,15.704722,101.514722,AWN,060359141429,877576 บ้านห้วยน้อย-นายางกลัก,,,,
นครราชสีมา,15.218332,102.019166,AWN|NT,060359139202,871470 บ้านโคกน้อย-โนนไทย,060363059259,871470_BKNNT,,
นครราชสีมา,15.665833,102.38111,AWN|NT,060359139203,871482 บ้านโคกสว่าง-ขุนทอง,060363059260,871482_BKSKT,,
นครราชสีมา,15.51861,102.426943,AWN|NT,060359139204,871483 บ้านโนนติ้ว-เสมาใหญ่),060366000718,871483_BNTSY,,
นครราชสีมา,15.256111,102.318888,AWN,060359139205,871484 บ้านห้วยน้อย-หลุมข้าว,,,,
ชัยภูมิ,16.094721,102.132221,AWN,060359139206,877568 บ้านตลุกหิน-โคกกุง,,,,
ชัยภูมิ,15.631666,101.495277,AWN,060359139207,877569บ้านหนองใหญ่-นายางกลัก,,,,
ชัยภูมิ,15.710833,101.475277,AWN,060359139208,877572 บ้านประดู่ซับกาด-นายางกลัด,,,,
ชัยภูมิ,16.419721,101.822499,AWN,060359139209,877574 บ้านห้วยหินลับ-หนองโพนงาม,,,,
ชัยภูมิ,16.059444,102.000833,AWN,060359139211,877577 บ้านวังคำแคน-โนนหินโงม,,,,
นครราชสีมา,14.958055,102.3125,AWN,060359059422,870317 สนามบินโคราช,,,,
นครราชสีมา,15.038333,102.2025,AWN|NT,060359059465,871215 บ้านลองตอง,060363059229,871215_BLGTG,,
นครราชสีมา,15.080277,102.536388,AWN,060358078771,870624 หนองปรือ-ห้วยแถลง,,,,
ชัยภูมิ,16.545555,101.994999,AWN,060358078772,877330 โคกนกทา-คอนสาร,,,,
นครราชสีมา,14.964444,101.533333,AWN|NT,060359046694,871242 บ้านโนนกราด-หนองหญ้าขาว,060366000712,871242_BNKNY,,
นครราชสีมา,15.259722,101.554166,AWN,060359046696,871244 บ้านเทพทักษิณ-เทพารักษ์,,,,
นครราชสีมา,14.934166,102.106111,AWN|NT,060359046697,871245ซอยธารทอง-บ้านศรีสมบรูณ์ หนองปรือ,060366000713,871245_STSNP,,
นครราชสีมา,14.926666,102.145277,AWN|NT,060359046698,871246 ข้างโรงงานแป้งมันตะวันออก-หนองตาคง,060363059235,871246_RPMTK,,
ชัยภูมิ,15.599721,101.406388,AWN,060359046701,877510โนนสำราญ-เทพสถิต,,,,
นครราชสีมา,15.094721,101.772499,AWN,060360032729,871479 บ้านหนองสาร-สระจระเข้),,,,
นครราชสีมา,15.135555,102.339999,AWN|NT,060360006435,871469 บ้านสำโรงกระจาย-โนนสูง,060363059258,871469_BSKNS,,
นครราชสีมา,14.68611,101.879166,AWN,060360006436,871473 โคกเหิบ-ตะขบ,,,,
นครราชสีมา,15.034721,101.641944,AWN,060360006437,871475 สีคิ้ว-วังโรงใหญ่),,,,
นครราชสีมา,15.236944,101.804722,AWN,060360006442,871488 บ้านกุดน้ำใส-หนองบัวตะเกียด,,,,
นครราชสีมา,15.474443,102.208055,AWN,060360006443,871508 บ้านตลุกสาหร่าย-โนนเต็ง,,,,
นครราชสีมา,15.369166,102.427777,AWN,060360006444,871509 บ้านมะค่า-ขามสมบูรณ์,,,,
นครราชสีมา,14.934721,102.438888,AWN|NT,060360006445,871511 บ้านใหม่ศรีจันทร์สินธ์-จักราช,060363059261,871511_BSCCR,,
ชัยภูมิ,15.856111,101.784166,AWN,060360006454,877563 บ้านสงแคน-ชีบน,,,,
ชัยภูมิ,15.755,101.601944,AWN,060360006455,877564 บ้านห้วยหินฝน-โคกสะอาด,,,,
ชัยภูมิ,15.751111,101.595555,AWN,060360006456,877565 บ้านบุ่งเวียน-โป่งนก,,,,
ชัยภูมิ,16.235555,102.380832,AWN,060360006457,877566บ้านหนองหญ้าปล้อง-หนองสังข์,,,,
ชัยภูมิ,15.542221,101.487777,AWN,060360006459,877578 แทงค์น้ำวัดสิริคงเจริญ-บ้านไร่),,,,
นครราชสีมา,14.93361,102.136666,AWN|NT,060359052226,870915 ดูโฮม-นครราชสีมา,060363059164,870915_DHNMA,,
ชัยภูมิ,16.010555,101.436944,AWN,060359052228,877465 บ้านหินเหิบซับภูทอง-ภักดีชุมพล,,,,
นครราชสีมา,15.105277,101.443055,AWN|NT,060360239639,870667 หนองใหญ่-สีคิ้ว,060366005187,870667_NGYSK,,
นครราชสีมา,14.686666,101.292777,AWN,060360239641,871881 บ้านหนองเครือคต-กลางดง,,,,
ชัยภูมิ,16.426943,101.858055,AWN,060360239643,877375หนองโพนงาม-ชัยภูมิ,,,,
ชัยภูมิ,16.367777,102.176943,AWN|NT,060360239644,877411โนนดินจี่-ภูเขียว,060361160317,CPM0072-L23,,
ชัยภูมิ,16.25,102.239444,AWN,060360239645,877526 ห้วยหอย-ธาตุทอง,,,,
นครราชสีมา,15.328888,102.169721,AWN|TUC,060360092215|060369006241,871022 สันติสุข-ขามสะแกแสง|871022 สันติสุข-ขามสะแกแสง,,,060356033613,NMA0070-U21
นครราชสีมา,14.530277,101.39861,AWN,060360092216,871025 จุลดิษฐ์-ปากช่อง,,,,
ชัยภูมิ,16.498333,101.754722,AWN,060360092223,877377 ทุ่งลุยลาย-คอนสาร,,,,
ชัยภูมิ,16.215833,102.112222,AWN,060359187070,877562 บ้านตาดรินทอง,,,,
ชัยภูมิ,15.790277,101.766666,AWN,060359187071,877581 บ้านละหานค่าย-โคกสะอาด,,,,
ชัยภูมิ,15.500277,101.687221,AWN,060359054576,877371 หน้าอำเภอบำเหน็จณรงค์,,,,
นครราชสีมา,14.689721,101.303888,AWN,060359054614,871249 บ้านหนองเครือคต-ปากช่อง,,,,
นครราชสีมา,14.899721,102.52611,AWN,060359054615,871253 หนองนกคุ้ม-จักราช,,,,
นครราชสีมา,14.739999,102.153888,AWN|NT,060359051989,870534 สน.ปตท.โชคชัย,060363101381,870534_PCKCI,,
นครราชสีมา,14.979721,102.081388,AWN|NT,060359051990,870716 สน.ปตท.หจก.ธนพลเอ็นเนอจี-นครราชสีมา,060363058896,870716_PTNEG,,
นครราชสีมา,14.687221,101.403888,AWN|NT,060359051991,870719 สน.ปตท.หจก.วิทยชัยปิโตรเลียมฯ,060363058897,870719_PWYCP,,
นครราชสีมา,15.352222,102.463333,AWN,060359028857,870651 ตะคร้อ-คง,,,,
นครราชสีมา,15.367777,101.770554,AWN|NT,060359104950,871201 หนองกราด-ด่านขุนทด,060366005216,871201_NKTDT,,
ชัยภูมิ,16.397499,101.972221,AWN,060359104964,877490 บ้านเป้า-ชัยภูมิ,,,,
ชัยภูมิ,15.83111,101.979166,AWN|NT,060359104966,877493 โคกสูง-เมืองชัยภูมิ,060366005251,877493_KSMCP,,
นครราชสีมา,15.269721,102.905555,AWN|NT,060359168194,871154 บ้านสี่เหลี่ยม-ลำทะเมนชัย,060366002612,871154_BSLTC,,
นครราชสีมา,14.647777,101.305,AWN|NT,060359168195,871155 บ้านสวน-ปากช่อง,060363059222,871155_BSUPC,,
นครราชสีมา,14.844999,102.198055,AWN|NT,060359168196,871156 ชุมชนริมมูล-ด่านเกวียน,060363059223,871156_CRMDK,,
นครราชสีมา,15.128888,102.318888,AWN|NT,060359168198,871159 โรงเรียนชุมชนบ้านเพชร,060366000703,871159_BPCMS,,
นครราชสีมา,15.278332,102.940833,AWN|NT,060359168200,871217 บ้านอรุณพัฒนา-ลำทะเมนชัย,060363059230,871217_ARLMC,,
นครราชสีมา,14.957222,102.128332,AWN|NT,060359168202,871250 ดอนขวาง-หัวทะเล,060363059237,871250_DKHTL,,
นครราชสีมา,14.962222,102.020554,AWN|NT,060359168203,871265 ชุมชนบ้านใหม่-ตำบลบ้านใหม่),060363059238,871265_CBMBM,,
นครราชสีมา,15.04611,102.145277,AWN|NT,060359168204,871275 ชุมชนบ้านปูน-จอหอ,060363059242,871275_CBPJH,,
นครราชสีมา,14.510555,102.36861,AWN|NT,060359168205,871288 หนองหินดาด-ครบุรี,060366000715,871288_NHDKB,,
ชัยภูมิ,15.67611,101.409166,AWN|NT,060359168209,877489 เทพพนา-เทพสถิต,060366002761,877489_TPNTT,,
ชัยภูมิ,16.311944,102.39361,AWN,060359168210,877498 บ้านหนองเรือ-บ้านแท่น,,,,
ชัยภูมิ,16.286666,102.398333,AWN,060359168211,877499 บ้านหนองหญ้าปล้อง-บ้านแท่น,,,,
ชัยภูมิ,16.055555,101.822777,AWN|NT,060359168212,877504 บ้านหนองไฮ-หนองบัวแดง,060366000781,877504_BNHBD,,
ชัยภูมิ,16.175277,102.097499,AWN,060359168213,877505 บ้านท่าทางเกวียน-แก้งคร้อ,,,,
นครราชสีมา,14.845555,101.565277,AWN|NT,060359054687,870822 สวนเมืองพร-สีคิ้ว,060363059137,870822_SMPSK,,
นครราชสีมา,14.949444,102.065277,AWN|NT,060359054689,871137,060366000702,871137_WTNJB,,
นครราชสีมา,14.92861,102.362222,AWN,060358078874,870829 บ้านพิมาน,,,,
นครราชสีมา,14.976388,102.09611,AWN|NT,060358078875,870833 วัดสะแก-ตลาดแม่กิมเฮง,060363059141,870833_WSKHG,,
นครราชสีมา,14.980832,102.093333,AWN,060358078877,870843 บริษัท ดิจิตอล เทเลวิชั่น เน็ทเวิร์ค,,,,
นครราชสีมา,14.97361,102.094721,AWN|NT,060358078878,870844 หน้าภัตตาคารเสียวเสี้ยว-หนองบัวรอง,060363059144,870844_SWRNB,,
นครราชสีมา,14.85,101.692221,AWN|NT,060358078880,870847 อ่างเก็บน้ำซับประดู่-สีคิ้ว,060366000672,870847_SPDSK,,
นครราชสีมา,15.39861,101.862777,AWN,060358078881,870848 บ้านโคกสามัคคี-ด่านขุนทด,,,,
นครราชสีมา,14.997777,102.103333,AWN|NT,060358078882,870851 อู่อินเตอร์คาร์-แยกประโดก,060363059148,870851_AICPD,,
นครราชสีมา,14.961388,102.054444,AWN|NT,060358078883,870852 ไทรเทลเพลส-ซอยมิตรภาพ 20,060363059149,870852_TPSMP,,
นครราชสีมา,14.993888,102.104166,AWN|NT,060358078884,870854 ตึกเอไอเอแยกประโดก-ถนนช้างเผือก,060363059150,870854_AIACP,,
นครราชสีมา,14.986944,102.110833,AWN|NT,060358078886,870857 หอพักหญิงเนทานแกรนด์-ซอยสุรนารายณ์ซอย 3,060363059151,870857_NTGSR,,
นครราชสีมา,15.021388,102.137777,AWN,060358078888,870861 หน้าหมู่บ้านโฮมการเด้นวิว สุรนารายณ์,,,,
นครราชสีมา,14.366666,101.843055,AWN|NT,060358078889,870863 หน้าตลาดศาลเจ้าพ่อ-วังน้ำเขียว,060366000674,870863_SJPWN,,
นครราชสีมา,14.425277,102.466388,AWN|NT,060358078890,870864 หน้าตลาดเสิงสาง-ชุมชนรุ่งอรุณ,060363059152,870864_SCRAR,,
นครราชสีมา,14.977777,102.076666,AWN|NT,060358078891,870865 พี.เค.เค.อพาร์เม้นท์ฯ,060363059153,870865_PKKAP,,
นครราชสีมา,14.499721,102.169999,AWN|NT,060358078894,870868 หน้าโรงงานน้ำตาลครบุรี,060366002599,870868_FKBRS,,
นครราชสีมา,15.024443,101.665555,AWN,060358078896,871011 บ้านห้วยลุง-สีคิ้ว,,,,
ชัยภูมิ,15.520554,101.499444,AWN,060358078902,877394 บ้านวังคมคายฯ,,,,
นครราชสีมา,14.801388,102.142221,AWN,060359001603,870999 คลองยาง-โชคชัย,,,,
นครราชสีมา,14.977777,102.401944,AWN,060361001510,871938 บ้านช่องโค-จักราช,,,,
ชัยภูมิ,15.522221,101.46861,AWN,060359117945,877532บ้านประดู่งาม-ต.ห้วยยายจิ๋ว,,,,
นครราชสีมา,15.047221,102.240555,AWN,060359104923,870912บ้านสวาสดิ์-เฉลิมพระเกียรติ,,,,
นครราชสีมา,15.082777,102.221666,AWN,060359104924,870913 บ้านโพธิ์-เมืองนครราชสีมา,,,,
ชัยภูมิ,15.856944,101.417777,AWN,060359054617,877486 หลังโรงเรียนภักดีชุมพล,,,,
ชัยภูมิ,16.008888,101.52611,AWN,060359054618,877487 หนองหอยปัง-หนองบัวแดง,,,,
ชัยภูมิ,16.030554,102.067499,AWN,060359054619,877488 ภูสองชั้น-แก้งคร้อ,,,,
ชัยภูมิ,16.12111,101.549721,AWN,060359054620,877515 บ้านทรัพย์เจริญ-หนองบัวแดง,,,,
ชัยภูมิ,15.657222,101.818332,AWN,060359054621,877521บ้านโคกโต่งโต้น-หนองบัวบาน,,,,
ชัยภูมิ,15.611666,101.523054,AWN|TUC,060359054622,877523 บ้านบุฉนวน-นายางกลัก,,,060364166540,769-1/1
นครราชสีมา,14.515,101.565555,AWN,060359032993,870114 ศาลาเขาใหญ่),,,,
นครราชสีมา,14.763333,102.083888,AWN,060359032994,870144 เดชาฟาร์ม-ปักธงชัย,,,,
นครราชสีมา,14.504444,102.151666,AWN,060359032995,870177 วัดเขาจอมทอง ครบุรี,,,,
นครราชสีมา,14.616943,102.227777,AWN,060359032996,870206 โรงโม่หินโชคชัย,,,,
นครราชสีมา,14.617221,102.227777,AWN,060359032997,870279 สำนักงานโรงโม่หินโชคชัย,,,,
นครราชสีมา,14.751944,102.203333,AWN,060359032998,870296 อาคารตาชั่ง ไชโยเอเอ โชคชัย,,,,
นครราชสีมา,15.126388,101.542221,AWN,060359033003,870559 บจก.แป้งมัน เม็งเส็ง,,,,
นครราชสีมา,14.56861,102.156666,AWN,060359033004,870560 เทศบาลตำบลครบุรีใต้),,,,
นครราชสีมา,14.709722,101.709722,AWN,060359033005,870561 ลานมัน กอ พาณิช,,,,
นครราชสีมา,14.644444,102.285555,AWN|NT,060359033007,870661หนองตะลุมปุ๊ก-หนองไม้ไผ่),060366000657,870661_NLPMP,,
นครราชสีมา,15.060555,102.174721,AWN|NT,060359033010,870747 ในโรงเรียนมหิศราธิบดี,060366000665,870747_IMHSR,,
นครราชสีมา,14.862222,101.704722,AWN|NT,060359033012,870776 โตคูมิ อิเล็คทรอนิคส์-สีคิ้ว,060363059132,870776_TKMSK,,
นครราชสีมา,14.904166,101.984999,AWN|NT,060359033014,870826 บ้านหนองรังกา,060366000670,870826_BNRKA,,
นครราชสีมา,14.968332,102.112222,AWN|NT,060359033015,870827 โรงเรียนชุมชนเบญจรงค์,060363059139,870827_BJRCS,,
นครราชสีมา,14.871943,101.916943,AWN|NT,060359033017,870846 บ้านนาใหญ่-สูงเนิน,060363059146,870846_BNYSN,,
นครราชสีมา,15.179166,102.255,AWN|NT,060359033022,870875หน้าโรงเรียนโนนสูงศรีธานี,060363059160,870875_NSSTN,,
นครราชสีมา,14.635555,101.814166,AWN,060359033023,870891 บ้านคลองสาริกา-ตะขบ,,,,
นครราชสีมา,14.671388,101.844166,AWN,060359033024,870897ยางกระทุง-ปักธงชัย,,,,
นครราชสีมา,14.398333,101.753888,AWN,060359033025,871130 บ้านคลองทุเรียน,,,,
นครราชสีมา,15.585555,102.328332,AWN|NT,060358078803,870807 หนองกระทุ่ม-บัวใหญ่),060361105100,870807_NKTBY,,
ชัยภูมิ,16.23861,101.493333,AWN,060358078815,877382 โนนศรีสง่า-หนองบัวแดง,,,,
ชัยภูมิ,16.659166,101.737777,AWN,060358078816,877383 ห้วยสนามทราย-คอนสาร,,,,
ชัยภูมิ,15.825554,102.067221,AWN,060358078820,877389 โพนทอง-ชัยภูมิ,,,,
นครราชสีมา,14.873888,102.024999,AWN|NT,060357055417,870111 หน้าหอสุรนภา มทส.20,060366000611,870111_FHSRN,,
นครราชสีมา,14.631666,101.342499,AWN,060359117848,870166 บ้านหนองน้ำแดง-ปากช่อง,,,,
นครราชสีมา,14.874999,101.538888,AWN|NT,060358058057,870739 ซับศรีจันทร์-คลองไผ่),060366000662,870739_SSCKP,,
นครราชสีมา,14.745833,102.418888,AWN,060358008851,870340 ถนนหัก-หนองบุญมาก,,,,
นครราชสีมา,14.927221,102.041388,AWN,060357045820,878784 ข้างสนามกีฬาฯ,,,,
นครราชสีมา,14.988333,102.124999,AWN|NT,060357045823,878788 ซอยมหาชัย 5/6,060360118900,878788_SOIMC,,
นครราชสีมา,14.993055,102.113055,AWN|NT,060357045824,878796 ซอยสามสิบกันยา4,060363059833,878796_SMSBK,,
นครราชสีมา,15.006111,102.118888,AWN|NT,060357045828,878801 ชุมชนโคกไผ่น้อย,060360118902,878801_CCKPN,,
นครราชสีมา,14.722499,101.439444,AWN|NT,060357045840,878863 ตลาดมิตรภาพ-ปากช่อง,060360118910,878863_MKETP,,
นครราชสีมา,14.636388,101.654444,AWN,060357045842,878930บ้านคลองม่วง-ปากช่อง,,,,
นครราชสีมา,14.542221,101.338055,AWN,060357045846,878988ซอยแดนตะวัน-เหวปลากั้ง,,,,
นครราชสีมา,15.594444,102.420554,AWN|NT,060359046650,870718 สน.ปตท.บจก.แสงสว่างนครราชสีมาฯ,060366000659,870718_PSWNP,,
นครราชสีมา,15.183333,102.077777,AWN,060359046651,870720 สน.ปตท.หจก.โค้วเทียนหยู ปิโตรเลียมฯ,,,,
ชัยภูมิ,16.362222,102.143888,AWN,060359046661,1987)ฯ,,,,
นครราชสีมา,14.756944,102.200555,AWN,060359046687,870157 ห้องแล็ป คิวซี  ไชโยเอเอ โชคชัย,,,,
นครราชสีมา,14.758055,102.200555,AWN,060359046688,870159 ออฟฟิคไฟเบอร์บอร์ด ไชโยเอเอ โชคชัย,,,,
นครราชสีมา,14.802222,102.168888,AWN,060359046689,870175 โรงงานคาวาซูมิ-โชคชัย,,,,
นครราชสีมา,14.802777,102.166943,AWN,060359046690,870192 คาวาซูมิ-โชคชัย อาคาร 9,,,,
นครราชสีมา,14.801666,102.168054,AWN,060359046691,870193 คาวาซูมิ-โชคชัย อาคารอินเจคชั่น,,,,
นครราชสีมา,15.034444,102.107222,AWN|NT,060359046692,871240 บ้านสระตาราช-จอหอ,060363059234,871240_STRCH,,
นครราชสีมา,14.655833,101.347499,AWN|NT,060358006567,870256 ลานน้ำตก ฟาร์มโชคชัย,060363101379,870256_WTFMC,,
นครราชสีมา,14.346666,101.940555,AWN,060358001173,870024 บ้านสมบูรณ์-วังน้ำเขียว,,,,
ชัยภูมิ,15.805277,102.035833,AWN,060357058403,877245สยามริเวอร์-ชัยภูมิ,,,,
นครราชสีมา,14.959166,101.623054,AWN,060357084187,870007หนองหญ้าขาว-หมู่12สีคิ้ว,,,,
นครราชสีมา,14.854166,101.497221,AWN,060357084188,870168 บ้านซับศิลาทอง-สีคิ้ว,,,,
นครราชสีมา,14.582221,101.38861,AWN|NT,060357084199,870234 เขาแคบ ปากช่อง,060360257650,870234_KKBPC,,
นครราชสีมา,15.02611,101.842777,AWN|NT,060357084200,870235,060366000625,870235_HLFSN,,
นครราชสีมา,14.969443,102.096944,AWN,060357084206,870259 ซอยข้างวัดสุทธจินดา,,,,
นครราชสีมา,14.99361,101.782499,AWN,060357084208,870277 โสกแจ้ง-สูงเนิน,,,,
ชัยภูมิ,15.834999,102.058333,AWN,060356011590,877021 โรงต้ม ชัยภูมิ,,,,
นครราชสีมา,14.722777,101.391666,AWN,060367096377,800739 ปากทางเข้าทองสมบูรณ์คลับ-ปากช่อง,,,,
นครราชสีมา,14.636944,101.616388,AWN,060367096378,800796 คลองม่วง-ปากช่อง,,,,
นครราชสีมา,15.027499,102.132777,AWN,060367096379,800855 ข้างวัดช่องอู่-จอหอ,,,,
ชัยภูมิ,15.927499,101.767499,AWN,060367076559|060357039387,877234 ภูแลนคา-บ้านเขว้า|877234 ภูแลนคา-บ้านเขว้า,,,,
นครราชสีมา,14.96,102.126666,AWN,060366077543,800420 หมู่บ้านไซด์วิลเลจ 2-หัวทะเล,,,,
นครราชสีมา,14.704444,101.414166,AWN,060357009849,878837 ไนท์พลาซ่าปากช่อง,,,,
ชัยภูมิ,15.683888,101.542221,AWN,060367037572|060356040105,877182 บ้านโคกอนุ นายางกลัก|877182 บ้านโคกอนุ นายางกลัก,,,,
ชัยภูมิ,16.485833,101.798333,AWN,060357039331,,,,,
นครราชสีมา,15.214722,101.760833,AWN,060356016974,878654 โพธิ์ทอง ด่านขุนทด,,,,
นครราชสีมา,15.067499,102.227777,AWN,060356016978,878725 โนนหมัน-หนองงูเหลือม,,,,
นครราชสีมา,15.394166,101.988055,AWN,060366066647,800344 ดอนขวาง-พระทองคำ,,,,
นครราชสีมา,14.971666,102.101111,AWN|NT,060356050169,878710 สี่แยกวัดสระแก้ว,060363059824,878710_SWSKM,,
นครราชสีมา,14.991666,102.095833,AWN|NT,060356046377,878703 หลัง บ.ข.ส.ใหม่),060360118888,878703_LBKSA,,
ชัยภูมิ,15.534999,101.808333,AWN,060356024048,877203 บ้านยางเครือ,,,,
ชัยภูมิ,16.482221,102.125832,TUC,,,,,060362167058,CPM0181-U21
ชัยภูมิ,15.873888,102.289721,TUC,,,,,060365000023,CPM0239
ชัยภูมิ,15.452777,101.8625,TUC,,,,,060365000024,CPM0261
นครราชสีมา,14.949166,102.684166,TUC,,,,,060365000027,NMA0865
นครราชสีมา,15.578332,102.738055,TUC,,,,,060365000028,NMA0866
นครราชสีมา,15.405555,102.939444,TUC,,,,,060365000029,NMA0869
นครราชสีมา,14.489166,101.527221,TUC,,,,,060364166269,RM-NMA0143/F
นครราชสีมา,14.924721,101.803055,TUC,,,,,060364166276,NMA0804-U21
นครราชสีมา,14.96,102.639721,TUC,,,,,060364166277,NMA0863
นครราชสีมา,14.943888,101.746944,TUC,,,,,060364166278,NMA0873
นครราชสีมา,15.094721,102.485555,TUC,,,,,060364166279,NMA0874
นครราชสีมา,15.29861,101.639999,TUC,,,,,060364166280,NMA0876
ชัยภูมิ,16.136388,102.215833,TUC,,,,,060365008658,CPM0263
นครราชสีมา,15.110555,101.633888,TUC,,,,,060364055890,NMA0798-U21
นครราชสีมา,15.189999,101.656111,TUC,,,,,060364055891,NMA0846
นครราชสีมา,14.46861,102.528888,TUC,,,,,060364056676,NMA0853
นครราชสีมา,14.479721,102.469166,TUC,,,,,060364056680,NMA0852
ชัยภูมิ,15.561388,101.956944,TUC,,,,,060364056686,CPM0245
นครราชสีมา,15.147777,101.792499,TUC,,,,,060364056689,NMA0729-U21
นครราชสีมา,14.506944,101.464444,TUC,,,,,060362269055,RM-NMA0157/M-U21
นครราชสีมา,14.8125,101.540555,TUC,,,,,060363009277,RM-NMA0819/C
นครราชสีมา,14.544999,102.229166,TUC,,,,,060362031074,NMA0753-U21
นครราชสีมา,15.280277,102.64111,TUC,,,,,060362031075,NMA0780-U21
นครราชสีมา,14.387777,101.797221,TUC,,,,,060361169548,RM-NMA0328-U21
ชัยภูมิ,16.404444,102.07111,NT|TUC,,,060361193047,CPM0199-L23,060361169297,CPM0199-U21
ชัยภูมิ,15.800555,102.018888,NT|TUC,,,060361182992,CPM0169-L23,060361169326,CPM0169-U21
ชัยภูมิ,16.49361,101.931666,TUC,,,,,060361139577,CPM0230-U21
นครราชสีมา,15.42361,102.62611,TUC,,,,,060361123109,NMA0738-U21
นครราชสีมา,14.928054,101.948333,TUC,,,,,060361104467,NMA0710-U21
นครราชสีมา,15.199444,102.071388,TUC,,,,,060361104471,NMA0727-U21
ชัยภูมิ,15.806111,102.0575,NT|TUC,,,060363008309,CPM0173-L23,060361093283,CPM0173-U21
นครราชสีมา,14.959444,102.059444,NT|TUC,,,060361182701,NMA0724-L23,060361093335,NMA0724-U21
นครราชสีมา,15.398055,102.524166,TUC,,,,,060361043270,RM-NMA0236/D
นครราชสีมา,14.988888,102.119999,NT|TUC,,,060361192989,RM-NMA0514/A-L23,060361043271,RM-NMA0514/A-U21
นครราชสีมา,14.982221,102.118888,NT|TUC,,,060361192990|060361229580,NMA0515-L23|NMA0515-L23,060361043273,RM-NMA0515/A-U21
ชัยภูมิ,15.801944,102.032499,NT|TUC,,,060361161086,CPM0176-L23,060360261770,CPM0176-U21
นครราชสีมา,15.659166,102.622221,TUC,,,,,060360261848,NMA0456-U21
นครราชสีมา,15.28861,101.774443,TUC,,,,,060360261850,NMA0505-U21
นครราชสีมา,15.456944,102.963055,TUC,,,,,060360261851,NMA0516-U21
นครราชสีมา,15.517221,102.623054,TUC,,,,,060360261891,NMA0471-U21
นครราชสีมา,15.160833,102.096666,TUC,,,,,060361038963,NMA0704-U21
นครราชสีมา,15.164722,102.24861,NT|TUC,,,060361193073,NMA0663-L23,060361003677,NMA0663-U21
ชัยภูมิ,15.775554,102.026943,TUC,,,,,060360206481,CPM0143-U21
ชัยภูมิ,15.777221,102.026943,TUC,,,,,060360206482,CPM0144-U21
ชัยภูมิ,15.503055,101.687777,NT|TUC,,,060361186597,CPM0129-L23,060360247918,CPM0129-U21
นครราชสีมา,14.901666,101.982499,TUC,,,,,060360215305,NMA0405-U21
นครราชสีมา,14.696388,101.955555,TUC,,,,,060360215306,NMA0406-U21
นครราชสีมา,14.883888,102.400555,TUC,,,,,060360215386,NMA0495-U21
นครราชสีมา,15.273332,101.606666,TUC,,,,,060360129391,NMA0527-U21
ชัยภูมิ,15.926666,102.281666,TUC,,,,,060360027793,CPM0008-U21
ชัยภูมิ,15.398333,101.479999,TUC,,,,,060360027794,CPM0009-U21
นครราชสีมา,15.301666,102.153333,TUC,,,,,060360040707,NMA0481-U21
นครราชสีมา,15.344999,102.596666,TUC,,,,,060360040708,NMA0586-U21
นครราชสีมา,14.993333,102.108333,TUC,,,,,060360040709,NMA0591-U21
นครราชสีมา,14.963333,102.066666,TUC,,,,,060360040710,NMA0594-U21
นครราชสีมา,14.974999,102.086666,TUC,,,,,060360040711,NMA0596-U21
นครราชสีมา,14.978332,102.108333,TUC,,,,,060360040712,NMA0598-U21
ชัยภูมิ,16.528332,101.646666,NT|TUC,,,060367092888,CPM0053,060360039446,CPM0053-U21
นครราชสีมา,15.191666,101.593333,TUC,,,,,060360039462,NMA0606-U21
นครราชสีมา,14.761666,101.691666,TUC,,,,,060360039470,SSK0216-U21
ชัยภูมิ,15.906666,101.421666,TUC,,,,,060360039472,CPM0025-U21
นครราชสีมา,14.631666,101.341666,TUC,,,,,060360039478,NMA0228-U21
ชัยภูมิ,15.434999,101.803333,TUC,,,,,060360015369,CPM0145-U21
ชัยภูมิ,16.398333,102.131666,TUC,,,,,060360047888,CPM0086-U21
ชัยภูมิ,15.638333,101.619999,TUC,,,,,060360047190,CPM0031-U21
ชัยภูมิ,15.561666,101.848333,TUC,,,,,060360047198,CPM0161-U21
ชัยภูมิ,15.755,101.461666,TUC,,,,,060359203697,CPM0082-U21
ชัยภูมิ,16.41,102.356666,TUC,,,,,060359203722,CPM0018-U21
ชัยภูมิ,15.936666,102.021666,TUC,,,,,060359203723,CPM0040-U21
ชัยภูมิ,15.526666,101.8,TUC,,,,,060359203724,CPM0046-U21
นครราชสีมา,14.871388,101.639999,TUC,,,,,060359062602,NMA0425-U21
ชัยภูมิ,16.088333,101.802777,NT|TUC,,,060361191792,CPM0096-L23,060359062619,CPM0096-U21
ชัยภูมิ,15.677221,101.976388,TUC,,,,,060359046446,CPM0147-U21
นครราชสีมา,14.655277,101.447221,TUC,,,,,060359023034,NMA0444-U21
นครราชสีมา,14.722221,101.44111,TUC,,,,,060357061994,NMA0109-U21
ชัยภูมิ,15.679721,102.01,TUC,,,,,060357022920,CPM0003-U21
นครราชสีมา,15.081388,102.119166,TUC,,,,,060356006063,NMA0081-U21
นครราชสีมา,14.995833,102.119721,TUC,,,,,060356007235,NMA0043-U21
นครราชสีมา,14.944999,102.040833,TUC,,,,,060356007236,NMA0086-U21
นครราชสีมา,15.001111,102.108611,TUC,,,,,060356007237,NMA0177-U21
นครราชสีมา,15.019721,102.132221,TUC,,,,,060356007238,NMA0189-U21
นครราชสีมา,15.008611,102.121943,TUC,,,,,060356023245,NMA0094-U21
ชัยภูมิ,15.845555,101.403611,TUC,,,,,060357028738,CPM0022-U21
ชัยภูมิ,16.521943,101.997777,TUC,,,,,060357028740,CPM0060-U21
ชัยภูมิ,15.751111,101.758333,TUC,,,,,060357049324,CPM0019-U21
นครราชสีมา,15.059166,102.395833,TUC,,,,,060356035293,NMA0124-U21
นครราชสีมา,15.001388,102.500277,TUC,,,,,060356035294,NMA0149-U21
นครราชสีมา,14.553888,102.361111,TUC,,,,,060356035296,NMA0164-U21
ชัยภูมิ,16.11,102.256111,TUC,,,,,060357012677,CPM0014-U21
ชัยภูมิ,15.990277,102.214444,TUC,,,,,060357012679,CPM0026-U21
ชัยภูมิ,16.648333,101.76861,TUC,,,,,060357012680,CPM0033-U21
ชัยภูมิ,16.646944,101.850555,TUC,,,,,060357012681,CPM0035-U21
ชัยภูมิ,16.32861,102.274999,TUC,,,,,060357012683,CPM0057-U21
ชัยภูมิ,15.661388,101.498055,TUC,,,,,060357012684,CPM0065-U21
ชัยภูมิ,16.367777,102.177221,TUC,,,,,060356033611,CPM0072-U21
นครราชสีมา,14.929999,101.681943,TUC,,,,,060356029736,NMA0148-U21
นครราชสีมา,14.637777,101.257222,TUC,,,,,060356029776,NMA0011-U21
นครราชสีมา,14.942777,102.010833,TUC,,,,,060356020448,NMA0087-U21
นครราชสีมา,14.934444,102.191944,TUC,,,,,060356020451,NMA0122-U21
นครราชสีมา,15.04861,102.24111,TUC,,,,,060356020453,NMA0133-U21
ชัยภูมิ,16.478332,101.999444,TUC,,,,,060364066939,CPM0246
นครราชสีมา,14.983054,102.089999,TUC,,,,,060363114137,NMA0836
นครราชสีมา,14.897777,101.899444,NT|TUC,,,060363088559,RM-NMA0678/A-L23,060361169682,RM-NMA0678/A-U21
นครราชสีมา,15.066943,102.13861,TUC,,,,,060361093429,NMA0681-U21
ชัยภูมิ,15.797499,102.012222,TUC,,,,,060361039079,RM-CPM0088/D-U21
นครราชสีมา,14.630832,101.410833,TUC,,,,,060361011365,NMA0483-U21
นครราชสีมา,15.680832,102.578888,TUC,,,,,060361011366,NMA0484-U21
นครราชสีมา,14.968054,102.08361,TUC,,,,,060361011367,NMA0575-U21
ชัยภูมิ,15.793888,102.032499,NT|TUC,,,060361179920,CPM0174-L23,060361003832,CPM0174-U21
นครราชสีมา,15.129166,102.302777,TUC,,,,,060360237980,NMA0639-U21
ชัยภูมิ,15.83111,101.978888,TUC,,,,,060360238043,CPM0104-U21
ชัยภูมิ,15.675554,102.067777,TUC,,,,,060360238044,CPM0105-U21
ชัยภูมิ,15.48111,101.567221,TUC,,,,,060360238045,CPM0109-U21
ชัยภูมิ,16.48611,101.79861,TUC,,,,,060360238046,CPM0110-U21
ชัยภูมิ,16.337221,102.375832,TUC,,,,,060360238047,CPM0111-U21
ชัยภูมิ,16.035833,101.865,TUC,,,,,060360238048,CPM0113-U21
ชัยภูมิ,15.396666,101.711944,TUC,,,,,060360238049,CPM0116-U21
นครราชสีมา,15.331388,101.819721,TUC,,,,,060360238067,NMA0450-U21
นครราชสีมา,15.520554,102.514166,TUC,,,,,060360238109,NMA0468-U21
นครราชสีมา,14.611388,101.85,TUC,,,,,060360238110,NMA0469-U21
นครราชสีมา,14.624999,101.463611,NT|TUC,,,060361193374,NMA0470-L23,060360238111,NMA0470-U21
นครราชสีมา,15.367777,101.770277,TUC,,,,,060360238113,NMA0482-U21
นครราชสีมา,14.758888,102.291944,TUC,,,,,060360238114,NMA0491-U21
นครราชสีมา,14.554166,102.296666,TUC,,,,,060360238116,NMA0500-U21
นครราชสีมา,14.550555,102.406944,TUC,,,,,060360238117,NMA0503-U21
นครราชสีมา,15.752777,102.320554,TUC,,,,,060364120170,NMA0849
นครราชสีมา,14.849444,102.358333,TUC,,,,,060365003160,NMA0870
ชัยภูมิ,15.942499,102.322499,TUC,,,,,060365003164,CPM0262
นครราชสีมา,15.272221,102.266666,TUC,,,,,060365003165,NMA0864
นครราชสีมา,15.646944,102.145277,TUC,,,,,060365003180,NMA0885
นครราชสีมา,14.789999,101.652222,TUC,,,,,060365003181,NMA0886
นครราชสีมา,15.577221,102.699166,TUC,,,,,060364166328,NMA0752-U21
นครราชสีมา,15.692777,102.445833,TUC,,,,,060364099016,NMA0810
ชัยภูมิ,15.826666,101.427221,TUC,,,,,060364042880,CPM0240
ชัยภูมิ,16.540555,101.856388,TUC,,,,,060364090271,CPM0247
ชัยภูมิ,15.640833,101.946666,TUC,,,,,060363027560,CPM0179-U21
นครราชสีมา,14.7,101.416666,NT|TUC,,,060363088670,NMA0528-L23,060363027578,NMA0528-U21
นครราชสีมา,15.265277,101.753888,TUC,,,,,060362166283,NMA0792-U21
ชัยภูมิ,15.787221,102.030554,NT|TUC,,,060363008275,CPM0237-L23,060362186396,CPM0237-U21
นครราชสีมา,14.491388,101.53111,TUC,,,,,060362166948,RM-NMA0143/D
นครราชสีมา,14.931943,102.136666,TUC,,,,,060362001712,NMA0670-U21
นครราชสีมา,15.192221,102.170554,TUC,,,,,060362001713,NMA0772-U21
ชัยภูมิ,15.814722,102.018332,NT|TUC,,,060361177355,CPM0170-L23,060361224838,CPM0170-U21
ชัยภูมิ,16.194999,102.177221,TUC,,,,,060361224876,CPM0202-U21
ชัยภูมิ,16.013333,101.792221,TUC,,,,,060361224877,CPM0222-U21
นครราชสีมา,14.98611,102.093055,TUC,,,,,060361224902,NMA0574-U21
ชัยภูมิ,15.845277,102.16861,TUC,,,,,060361160530,CPM0200-U21
ชัยภูมิ,15.926666,102.242221,TUC,,,,,060361160531,CPM0223-U21
นครราชสีมา,15.007777,102.296666,NT|TUC,,,060363057846,NMA0737-L23,060361153692,NMA0737-U21
นครราชสีมา,14.880554,101.894444,NT|TUC,,,060362061216,NMA0757-L23,060361118134,NMA0757-U21
ชัยภูมิ,15.92111,102.020277,NT|TUC,,,060362061209,CPM0206-L23,060361114731,CPM0206-U21
ชัยภูมิ,15.795277,101.99861,TUC,,,,,060361114734,CPM0214-U21
ชัยภูมิ,15.773888,102.166666,NT|TUC,,,060367068607,CPM0205-U21,060361108745,CPM0205-U21
นครราชสีมา,14.665555,101.666666,TUC,,,,,060364141537,NKRA282
นครราชสีมา,14.889166,101.625832,TUC,,,,,060364141538,NKRA251
ชัยภูมิ,15.57611,101.579166,TUC,,,,,060365044978,773-3/4
ชัยภูมิ,15.825832,101.748888,TUC,,,,,060365044979,826-1/1
นครราชสีมา,14.812222,102.173888,TUC,,,,,060360048846,NKR0076
นครราชสีมา,14.758333,101.446388,TUC,,,,,060359151723,NKR1631
ชัยภูมิ,16.381388,101.796666,TUC,,,,,060364166520,702-1/2
ชัยภูมิ,16.383888,101.792221,TUC,,,,,060364166521,702-2/2
ชัยภูมิ,16.468888,101.896666,TUC,,,,,060364166522,716-1/1
ชัยภูมิ,16.186944,102.084721,TUC,,,,,060364166523,729-1/3
ชัยภูมิ,16.193333,102.086388,TUC,,,,,060364166524,729-2/3
ชัยภูมิ,16.193888,102.08611,TUC,,,,,060364166525,729-3/3
ชัยภูมิ,16.159444,102.095555,TUC,,,,,060364166526,731-1/1
ชัยภูมิ,16.244444,102.3,TUC,,,,,060364166527,735-2/2
ชัยภูมิ,15.606944,101.509444,TUC,,,,,060364166528,761-1/5
ชัยภูมิ,15.608611,101.508611,TUC,,,,,060364166529,761-2/5
ชัยภูมิ,15.608333,101.507777,TUC,,,,,060364166530,761-3/5
ชัยภูมิ,15.61,101.508055,TUC,,,,,060364166531,761-4/5
ชัยภูมิ,15.614722,101.508055,TUC,,,,,060364166532,761-5/5
ชัยภูมิ,15.587499,101.599444,TUC,,,,,060364166533,763-1/5
ชัยภูมิ,15.587777,101.59611,TUC,,,,,060364166534,763-2/5
ชัยภูมิ,15.587777,101.594721,TUC,,,,,060364166535,763-3/5
ชัยภูมิ,15.587777,101.592499,TUC,,,,,060364166536,763-4/5
ชัยภูมิ,15.587499,101.597777,TUC,,,,,060364166537,763-5/5
ชัยภูมิ,15.623054,101.65,TUC,,,,,060364166538,767-1/2
ชัยภูมิ,15.622221,101.651111,TUC,,,,,060364166539,767-2/2
ชัยภูมิ,15.587777,101.605,TUC,,,,,060364166541,771-1/3
ชัยภูมิ,15.590277,101.6025,TUC,,,,,060364166542,771-2/3
ชัยภูมิ,15.59111,101.605277,TUC,,,,,060364166543,771-3/3
ชัยภูมิ,15.58111,101.576666,TUC,,,,,060364166544,773-1/4
ชัยภูมิ,15.583333,101.583333,TUC,,,,,060364166545,773-2/4
ชัยภูมิ,15.582499,101.577221,TUC,,,,,060364166546,773-4/4
ชัยภูมิ,15.58861,101.676943,TUC,,,,,060364166547,775-1/2
ชัยภูมิ,15.586666,101.674721,TUC,,,,,060364166548,775-2/2
ชัยภูมิ,15.573332,101.661944,TUC,,,,,060364166549,776-1/1
ชัยภูมิ,15.611944,101.696666,TUC,,,,,060364166550,781-1/1
ชัยภูมิ,15.600277,101.679166,TUC,,,,,060364166551,782-1/1
ชัยภูมิ,15.740277,101.494721,TUC,,,,,060364166552,806-1/3
ชัยภูมิ,15.738888,101.491944,TUC,,,,,060364166553,806-2/3
ชัยภูมิ,15.739444,101.492499,TUC,,,,,060364166554,806-3/3
ชัยภูมิ,15.539721,101.511666,TUC,,,,,060364166555,819-1/1
ชัยภูมิ,15.806666,101.763055,TUC,,,,,060364166556,828-1/2
ชัยภูมิ,15.547499,101.541944,TUC,,,,,060364166557,835-1/2
ชัยภูมิ,15.548333,101.539721,TUC,,,,,060364166558,835-2/2
ชัยภูมิ,15.76,101.377499,TUC,,,,,060364166559,850-1/1
ชัยภูมิ,16.14361,102.011944,TUC,,,,,060364166560,883-1/4
ชัยภูมิ,16.143888,102.010277,TUC,,,,,060364166561,883-2/4
ชัยภูมิ,16.144999,102.009444,TUC,,,,,060364166562,883-3/4
ชัยภูมิ,16.14611,102.009166,TUC,,,,,060364166563,883-4/4
ชัยภูมิ,16.162222,102.03861,TUC,,,,,060364166564,884-1/3
ชัยภูมิ,16.175277,102.038888,TUC,,,,,060364166565,884-2/3
ชัยภูมิ,16.17861,102.036944,TUC,,,,,060364166566,884-3/3
ชัยภูมิ,15.992777,101.954444,TUC,,,,,060364166567,885-1/4
ชัยภูมิ,15.992221,101.952777,TUC,,,,,060364166568,885-2/4
ชัยภูมิ,15.991666,101.952222,TUC,,,,,060364166569,885-3/4
ชัยภูมิ,15.991388,101.952222,TUC,,,,,060364166570,885-4/4
ชัยภูมิ,16.006388,101.699166,TUC,,,,,060364166571,890-1/2
ชัยภูมิ,16.009444,101.699166,TUC,,,,,060364166572,890-2/2
ชัยภูมิ,16.003888,101.679166,TUC,,,,,060364166573,893-1/1
ชัยภูมิ,16.005833,101.710277,TUC,,,,,060364166574,894-1/2
ชัยภูมิ,16.007777,101.711666,TUC,,,,,060364166575,894-2/2
ชัยภูมิ,16.007777,101.700833,TUC,,,,,060364166576,896-1/2
ชัยภูมิ,16.008611,101.7,TUC,,,,,060364166577,896-2/2
ชัยภูมิ,15.989444,101.689999,TUC,,,,,060364166578,897-1/3
ชัยภูมิ,15.984444,101.687777,TUC,,,,,060364166579,897-2/3
ชัยภูมิ,15.986388,101.68861,TUC,,,,,060364166580,897-3/3
ชัยภูมิ,16.011111,101.670832,TUC,,,,,060364166581,898-1/3
ชัยภูมิ,16.004722,101.679721,TUC,,,,,060364166582,898-2/3
ชัยภูมิ,16.006111,101.678888,TUC,,,,,060364166583,898-3/3
ชัยภูมิ,16.01,101.526388,TUC,,,,,060364166584,908-1/1
ชัยภูมิ,16.22361,101.535833,TUC,,,,,060364166585,931-1/2
ชัยภูมิ,16.223054,101.525832,TUC,,,,,060364166586,931-2/2
ชัยภูมิ,16.221666,101.592221,TUC,,,,,060364166587,933-1/1
ชัยภูมิ,16.222499,101.525832,TUC,,,,,060364166588,943-1/2
ชัยภูมิ,16.21861,101.524721,TUC,,,,,060364166589,943-2/2
ชัยภูมิ,16.226943,101.568332,TUC,,,,,060364166741,940-1/4
ชัยภูมิ,16.225832,101.568054,TUC,,,,,060364166742,940-2/4
ชัยภูมิ,16.226388,101.566666,TUC,,,,,060364166743,940-3/4
ชัยภูมิ,16.22611,101.565833,TUC,,,,,060364166744,940-4/4
ชัยภูมิ,16.137221,101.575277,TUC,,,,,060364166745,948-1/2
ชัยภูมิ,16.134999,101.580277,TUC,,,,,060364166746,948-2/2
ชัยภูมิ,16.065,101.674443,TUC,,,,,060364166747,959-1/3
ชัยภูมิ,16.063055,101.68111,TUC,,,,,060364166748,959-2/3
ชัยภูมิ,16.061388,101.678332,TUC,,,,,060364166749,959-3/3
นครราชสีมา,15.578332,102.092221,TUC,,,,,060364013258,NKR7279
นครราชสีมา,14.509166,102.366943,TUC,,,,,060364013259,NKR7277
นครราชสีมา,14.518332,102.376666,TUC,,,,,060364013260,NKR7266
นครราชสีมา,15.58111,102.095555,TUC,,,,,060364013261,NKR7278
นครราชสีมา,15.665,102.479443,TUC,,,,,060364028363,NKR5860
ชัยภูมิ,15.8075,102.011111,NT|TUC,,,060360048765,CYP6727,060364042216|060357053630,CYP6727|CYP6727
ชัยภูมิ,15.794999,102.034999,TUC,,,,,060364042218|060357053631,CYP6770|CYP6770
นครราชสีมา,14.631388,101.239721,TUC,,,,,060363120911,NKR7159
นครราชสีมา,14.632221,101.234999,TUC,,,,,060363120912,NKR7160
นครราชสีมา,14.632777,101.237777,TUC,,,,,060363120913,NKR7161
นครราชสีมา,14.721666,101.697499,TUC,,,,,060363120914,NKR7301
นครราชสีมา,14.713333,101.698333,TUC,,,,,060363120915,NKR7302
นครราชสีมา,14.6525,101.863888,TUC,,,,,060363120933,NKR7306
นครราชสีมา,14.974999,102.098333,TUC,,,,,060363120935,NKR7310
นครราชสีมา,14.601944,101.34111,TUC,,,,,060363120936,NKR7336
นครราชสีมา,14.806944,101.539444,TUC,,,,,060363120937,NKR7355
นครราชสีมา,14.810833,102.180832,TUC,,,,,060363074390,NKRA160
ชัยภูมิ,15.777221,102.025554,TUC,,,,,060363027534,CYP8208
นครราชสีมา,14.926388,102.058888,TUC,,,,,060363027540,NKR7347
นครราชสีมา,14.930832,102.055833,TUC,,,,,060363027541,NKR7348
นครราชสีมา,14.838333,101.5525,TUC,,,,,060363027542,NKR7357
นครราชสีมา,14.630277,101.229166,TUC,,,,,060363027543,NKR7365
นครราชสีมา,14.597499,101.375554,TUC,,,,,060363027544,NKR7367
นครราชสีมา,14.889721,102.038055,TUC,,,,,060363027545,NKR8106
นครราชสีมา,14.949444,102.055555,TUC,,,,,060363027546,NKR8263
นครราชสีมา,14.541388,101.339999,TUC,,,,,060363027548,NKRA048
ชัยภูมิ,15.528888,101.801666,TUC,,,,,060363019570,CYP6432
ชัยภูมิ,16.08361,102.247221,TUC,,,,,060363019571,CYP6433
นครราชสีมา,14.866666,102.036388,TUC,,,,,060363019606,NKR7431
ชัยภูมิ,15.808888,102.024721,TUC,,,,,060364028511,CYP7160
นครราชสีมา,14.681666,101.399721,TUC,,,,,060364028515,NKR7364
นครราชสีมา,14.809444,101.539999,TUC,,,,,060364028517,NKR7625
นครราชสีมา,14.821666,101.542777,TUC,,,,,060364028518,NKR7626
นครราชสีมา,14.879999,101.851666,TUC,,,,,060364028520,NKRA063
นครราชสีมา,14.898333,101.899721,TUC,,,,,060364028521,NKRA067
นครราชสีมา,14.98361,102.103611,TUC,,,,,060364028523,NKRA076
นครราชสีมา,14.984166,102.102222,TUC,,,,,060364028524,NKRA077
นครราชสีมา,14.98361,102.098888,TUC,,,,,060364028525,NKRA117
นครราชสีมา,14.986388,102.101388,TUC,,,,,060364028526,NKRA118
นครราชสีมา,14.56861,101.303055,TUC,,,,,060364028528,NKRA154
นครราชสีมา,14.57361,101.305,TUC,,,,,060364028529,NKRA155
นครราชสีมา,14.550555,101.325554,TUC,,,,,060364028530,NKRA162
นครราชสีมา,14.507222,101.465555,TUC,,,,,060364003484,NKR7363
นครราชสีมา,14.695555,102.222777,TUC,,,,,060364003511,NKRA218
นครราชสีมา,14.639721,101.506388,TUC,,,,,060364003520,NKRA180
ชัยภูมิ,15.756944,102.047777,TUC,,,,,060363123442,CYP7148
นครราชสีมา,14.902222,102.008888,TUC,,,,,060363123446,NKR5987
นครราชสีมา,14.678888,101.383333,TUC,,,,,060360219019,NKR8618
นครราชสีมา,15.21861,101.771388,TUC,,,,,060360219021|060367026793,NKR8625|NKR8625
นครราชสีมา,15.061944,101.711388,TUC,,,,,060360219027,NKR8704
นครราชสีมา,15.017221,101.528332,TUC,,,,,060360217975,NKR6753
ชัยภูมิ,15.981388,101.440555,NT|TUC,,,060360111247,CYP6741,060360217983,CYP6741
นครราชสีมา,15.2525,101.412222,TUC,,,,,060360218000,NKR6723
นครราชสีมา,15.340833,101.448055,NT|TUC,,,060360247059,NKR6749,060360218001,NKR6749
นครราชสีมา,14.552222,102.366666,TUC,,,,,060360218002,NKR6767
นครราชสีมา,15.073054,101.97611,NT|TUC,,,060360239314,NKR6754,060360211800,NKR6754
นครราชสีมา,14.707777,101.441666,TUC,,,,,060362030264,NKR7607
นครราชสีมา,14.874443,102.042499,TUC,,,,,060362030277,NKR5914
นครราชสีมา,15.705,102.311388,TUC,,,,,060362030279,NKR5955
ชัยภูมิ,16.143888,101.682221,TUC,,,,,060362030311,CYP6416
ชัยภูมิ,15.619443,101.664166,TUC,,,,,060362030312,CYP6419
นครราชสีมา,15.069999,102.511944,TUC,,,,,060362064209,NKR5940
นครราชสีมา,15.190277,101.655833,TUC,,,,,060362064215,NKR7952
นครราชสีมา,15.417499,101.924443,TUC,,,,,060362064216,NKR7953
นครราชสีมา,15.288888,102.571666,TUC,,,,,060362064218,NKR7955
นครราชสีมา,15.122221,102.450555,TUC,,,,,060362064219,NKR7956
นครราชสีมา,15.123332,102.244166,TUC,,,,,060362064221,NKR7958
นครราชสีมา,15.179999,102.316111,TUC,,,,,060362064222,NKR7959
นครราชสีมา,15.004166,102.266388,TUC,,,,,060362064226,NKR7981
นครราชสีมา,15.183888,101.983054,TUC,,,,,060362064227,NKR7983
นครราชสีมา,15.620554,102.450833,TUC,,,,,060362064228,NKR7986
นครราชสีมา,14.694721,102.029721,TUC,,,,,060362064247,NKR5844
นครราชสีมา,14.737777,102.001666,TUC,,,,,060362064253,NKR5851
นครราชสีมา,14.746666,102.218332,TUC,,,,,060360270215,NKR6578
นครราชสีมา,15.730832,102.351111,TUC,,,,,060360218547,NKR7171
นครราชสีมา,14.956388,102.136388,TUC,,,,,060360218563|060367026824,NKR8553|NKR8553
นครราชสีมา,15.026666,102.134444,TUC,,,,,060360218564,NKR8572
นครราชสีมา,14.984166,102.18611,TUC,,,,,060360218565,NKR8615
นครราชสีมา,15.043333,102.214166,TUC,,,,,060360218566|060367026840,NKR8616|NKR8616
นครราชสีมา,15.034166,102.125277,TUC,,,,,060360218569,NKR8712
นครราชสีมา,14.956111,102.127777,TUC,,,,,060360218640,NKR8546
นครราชสีมา,14.966388,102.141666,TUC,,,,,060360218641|060367026821,NKR8548|NKR8548
นครราชสีมา,14.951388,102.136944,TUC,,,,,060360218642|060367026823,NKR8552|NKR8552
ชัยภูมิ,16.089999,101.813055,TUC,,,,,060360218649,CYP8510
ชัยภูมิ,16.068888,101.799166,TUC,,,,,060360218650,CYP8511
ชัยภูมิ,16.359444,102.146944,TUC,,,,,060360218651,CYP8513
นครราชสีมา,14.947499,102.687221,TUC,,,,,060360240996,NKR7281
นครราชสีมา,14.958055,102.69611,TUC,,,,,060360240997,NKR7282
นครราชสีมา,14.949444,102.661944,TUC,,,,,060360240998,NKR7283
นครราชสีมา,14.363333,101.757222,TUC,,,,,060360240999,NKR7293
นครราชสีมา,14.367499,101.764166,TUC,,,,,060360241000,NKR7294
นครราชสีมา,14.369166,101.763333,TUC,,,,,060360241001,NKR7295
นครราชสีมา,14.552777,101.6025,TUC,,,,,060360241002,NKR7296
นครราชสีมา,14.52361,101.621666,TUC,,,,,060360241003,NKR7297
นครราชสีมา,14.542777,101.636666,TUC,,,,,060360241004,NKR7298
นครราชสีมา,15.025832,101.450555,TUC,,,,,060360241005,NKR7315
นครราชสีมา,15.029443,101.495833,TUC,,,,,060360241006,NKR7316
นครราชสีมา,14.727499,102.313888,TUC,,,,,060360241008,NKR7318
นครราชสีมา,14.716111,101.308888,TUC,,,,,060360241009,NKR7319
นครราชสีมา,14.697221,102.292777,TUC,,,,,060360241010,NKR7320
นครราชสีมา,14.697777,101.41,TUC,,,,,060362064086,NKR5805
นครราชสีมา,14.905277,101.959722,TUC,,,,,060362064089,NKR5921
ชัยภูมิ,15.549721,101.839721,TUC,,,,,060362064111,CYP6417
นครราชสีมา,14.963055,102.025554,TUC,,,,,060362030126,NKR7668
นครราชสีมา,14.597221,101.392777,TUC,,,,,060362030223,NKR7139
นครราชสีมา,14.896944,102.014722,TUC,,,,,060362030224,NKR7152
นครราชสีมา,14.3025,102.482499,TUC,,,,,060362030225,NKR7210
นครราชสีมา,14.551388,101.277499,TUC,,,,,060362030226,NKR7242
นครราชสีมา,14.58611,101.37111,TUC,,,,,060362030233,NKR7289
นครราชสีมา,14.520832,101.795555,TUC,,,,,060362030236,NKR7634
นครราชสีมา,14.89361,102.014166,TUC,,,,,060362030254,NKR7144
นครราชสีมา,14.885277,102.01,TUC,,,,,060362030258,NKR7147
นครราชสีมา,15.032777,101.697221,TUC,,,,,060360048016|060367026804,NKR0071|NKR0071
นครราชสีมา,15.495833,102.564444,TUC,,,,,060360048191,NKR8706
นครราชสีมา,15.384999,101.837221,TUC,,,,,060360048192,NKR8733
นครราชสีมา,15.294444,101.853055,NT|TUC,,,060360048797,NKR6791,060360048242,NKR6791
นครราชสีมา,15.596388,102.411944,TUC,,,,,060360048244,NKR6829
ชัยภูมิ,16.592777,101.962222,TUC,,,,,060360048293,CYP8538
ชัยภูมิ,15.429999,101.8025,TUC,,,,,060360048294,CYP8566
นครราชสีมา,14.988055,102.025554,TUC,,,,,060360048320,NKR8721
นครราชสีมา,14.740555,102.214444,TUC,,,,,060360047941,NKR9005
นครราชสีมา,15.264444,102.796944,TUC,,,,,060359151724,NKR1985
นครราชสีมา,15.544721,102.690555,TUC,,,,,060360046714,NKR8731
นครราชสีมา,14.573054,101.309444,TUC,,,,,060359178842,NKR5571
ชัยภูมิ,16.048055,102.168888,TUC,,,,,060360032548,CYP1911
ชัยภูมิ,16.004722,101.728888,TUC,,,,,060360032549,CYP1915
ชัยภูมิ,15.793888,102,TUC,,,,,060360032550,CYP1923
ชัยภูมิ,15.506388,101.574166,TUC,,,,,060360032639,CYP6709
ชัยภูมิ,15.623888,101.738888,TUC,,,,,060360032640,CYP6710
ชัยภูมิ,15.811111,101.733888,TUC,,,,,060360032641,CYP6728
ชัยภูมิ,16.169721,101.584999,NT|TUC,,,060361177603,CYP1918,060360048834,CYP1918
ชัยภูมิ,15.672221,102.064722,TUC,,,,,060360048835,CYP5507
นครราชสีมา,14.986666,102.193055,TUC,,,,,060360048847,NKR0078
นครราชสีมา,14.965833,102.033888,TUC,,,,,060360048850,NKR1502
นครราชสีมา,14.963611,102.138888,TUC,,,,,060360048851,NKR1600
นครราชสีมา,14.557777,101.260833,TUC,,,,,060360048853|060367026805,NKR1639|NKR1639
นครราชสีมา,15.301388,102.708055,TUC,,,,,060360048857,NKR1947
นครราชสีมา,15.141666,101.994999,TUC,,,,,060360048859,NKR1974
นครราชสีมา,14.818888,102.363055,TUC,,,,,060360048861,NKR2029
นครราชสีมา,14.599444,101.378888,TUC,,,,,060360048862,NKR5572
ชัยภูมิ,15.526666,101.78111,TUC,,,,,060360034077,CYP1904
ชัยภูมิ,15.495833,101.82111,TUC,,,,,060360034078,CYP3005
ชัยภูมิ,16.011944,101.789166,TUC,,,,,060360113887,CYP7141
นครราชสีมา,15.594444,102.660833,TUC,,,,,060360113898,NKR7216
นครราชสีมา,15.006944,101.604722,TUC,,,,,060360113901,NKR7229
นครราชสีมา,15.067777,101.657222,TUC,,,,,060360113902|060367026788,NKR7256|NKR7256
นครราชสีมา,14.955,102.308611,TUC,,,,,060360113903,NKR7259
นครราชสีมา,15.416666,102.956666,TUC,,,,,060360048396,NKR7202
นครราชสีมา,15.123888,102.348888,TUC,,,,,060360048397,NKR7206
นครราชสีมา,14.88361,102.447221,TUC,,,,,060360048399,NKR7223
ชัยภูมิ,15.796388,102.119999,TUC,,,,,060360049020,CYP6711
ชัยภูมิ,16.007777,102.228054,TUC,,,,,060360049021,CYP6715
ชัยภูมิ,15.590555,101.856111,TUC,,,,,060360049022,CYP6762
ชัยภูมิ,16.200555,101.591388,TUC,,,,,060360049023,CYP6766
ชัยภูมิ,15.885277,101.936944,NT|TUC,,,060361177604,CYP1933,060360015068,CYP1933
ชัยภูมิ,15.703888,101.84111,NT|TUC,,,060358047062,CYP6758,060360020987,CYP6758
ชัยภูมิ,15.630277,101.394721,TUC,,,,,060359169991,CYP5505
นครราชสีมา,15.033888,102.113055,TUC,,,,,060357063087,NKR0050
นครราชสีมา,14.971388,102.066111,TUC,,,,,060356042677,NKR0002
นครราชสีมา,14.993333,102.101111,TUC,,,,,060356042680,NKR0046
ชัยภูมิ,15.984999,102.03861,TUC,,,,,060359001016,CYP6781
นครราชสีมา,14.658888,101.380554,TUC,,,,,060357079467,NKR7399
ชัยภูมิ,15.682777,102.016388,TUC,,,,,060357063813,CYP1807
ชัยภูมิ,15.650555,102.036944,TUC,,,,,060357055783,CYP1943
นครราชสีมา,15.611666,102.768888,NT|TUC,,,060360048784,NKR6724,060357068937,NKR6724
นครราชสีมา,15.056944,102.686388,NT|TUC,,,060360048794,NKR6765,060357068941,NKR6765
นครราชสีมา,15.528332,102.325277,NT|TUC,,,060360239270,NKR6772,060357068955,NKR6772
นครราชสีมา,14.995833,102.222777,TUC,,,,,060357068956,NKR6787
ชัยภูมิ,15.803055,102.04611,NT|TUC,,,060360048764,CYP6726,060357053629,CYP6726
นครราชสีมา,15.421666,102.224443,TUC,,,,,060366054575,NKRA371
นครราชสีมา,15.285277,102.006388,TUC,,,,,060366054576,NKRA373
นครราชสีมา,14.540277,101.403055,TUC,,,,,060357008299,NKR1635
นครราชสีมา,14.99611,102.141388,TUC,,,,,060366067005,NKRS035
นครราชสีมา,14.994721,102.141388,TUC,,,,,060366067006,NKRS036
นครราชสีมา,14.752777,101.525554,TUC,,,,,060366058779,NKRA328
ชัยภูมิ,16.487777,102.159444,TUC,,,,,060366058783,CYP6473
นครราชสีมา,14.644999,101.592777,TUC,,,,,060366058804,NKR5824
ชัยภูมิ,16.07861,101.759166,TUC,,,,,060366058805,CYP7217
นครราชสีมา,14.637221,101.479999,TUC,,,,,060366058806,NKR7972
นครราชสีมา,14.876943,101.718888,TUC,,,,,060366058807,NKR2221
นครราชสีมา,15.23861,102.484999,TUC,,,,,060366058808,NKR0025
นครราชสีมา,14.875832,102.022777,TUC,,,,,060366058821,NKR7392
นครราชสีมา,15.025554,101.450277,TUC,,,,,060366058829,
นครราชสีมา,15.611944,102.403055,TUC,,,,,060366058771,NKR8290
นครราชสีมา,14.951944,102.053333,TUC,,,,,060366014064,NKR7008
นครราชสีมา,14.783333,102.167777,TUC,,,,,060366014065,NKR7287
นครราชสีมา,14.744999,102.217221,TUC,,,,,060366014066,NKR7374
นครราชสีมา,14.520554,101.795555,TUC,,,,,060366014073,NKR7631
นครราชสีมา,14.543333,101.754444,TUC,,,,,060366014075,NKR7633
นครราชสีมา,14.955833,102.088888,TUC,,,,,060366014076,NKR7680
นครราชสีมา,14.917499,102.075554,TUC,,,,,060366014077,NKR7681
นครราชสีมา,14.908055,102.08361,TUC,,,,,060366014078,NKR7682
นครราชสีมา,14.89111,102.103888,TUC,,,,,060366014079,NKR7683
นครราชสีมา,14.598888,101.365,TUC,,,,,060366014081,NKR7292
นครราชสีมา,14.642499,101.702777,TUC,,,,,060366014084,NKRA344
นครราชสีมา,14.918054,102.14111,TUC,,,,,060366014085,NKRA360
นครราชสีมา,14.421388,102.426943,TUC,,,,,060366014086,NKRA364
นครราชสีมา,14.585277,101.367221,TUC,,,,,060367051052,NKRS026
นครราชสีมา,14.973054,102.218888,TUC,,,,,060367051067,NKR5894
นครราชสีมา,14.831388,102.191944,TUC,,,,,060367051069,NKR5906
ชัยภูมิ,15.658888,101.725277,NT,,,060363060465,222056_BNKBM,,
นครราชสีมา,14.581943,101.238055,NT,,,060363101382,870535_PRCKP,,
นครราชสีมา,15.18861,102.07611,NT,,,060361183295,NMA0105-L23,,
ชัยภูมิ,15.526666,101.781388,NT,,,060361177526,CYP1904,,
ชัยภูมิ,16.253055,102.357777,NT,,,060361177533,CYP1929,,
ชัยภูมิ,15.650555,102.037499,NT,,,060361177535,CYP1943,,
นครราชสีมา,14.597777,101.394166,NT,,,060361191763,NMA0322-L23,,
ชัยภูมิ,16.371943,101.975554,NT,,,060361191790,CPM0095-L23,,
ชัยภูมิ,15.803888,102.02611,NT,,,060361192986,CPM0011-L23,,
นครราชสีมา,14.78611,101.546388,NT,,,060362038132,NMA0065-L23,,
นครราชสีมา,15.174721,102.243888,NT,,,060361189647,NMA0650-L23,,
นครราชสีมา,14.973332,102.096388,NT,,,060361192988,NMA0036-L23,,
ชัยภูมิ,15.93611,102.021388,NT,,,060361191905,CPM0040-L23,,
ชัยภูมิ,15.728332,102.022221,NT,,,060361191907,CPM0045-L23,,
ชัยภูมิ,16.371388,102.105277,NT,,,060361229456,CPM0126-L23,,
นครราชสีมา,14.637499,101.856944,NT,,,060361193207,NMA0175-L23,,
นครราชสีมา,14.661666,101.392777,NT,,,060361187873,NMA0540-L23,,
นครราชสีมา,15.32861,102.169443,NT,,,060361187937,NMA0070-L23,,
นครราชสีมา,15.093888,101.901666,NT,,,060361187938,NMA0123-L23,,
นครราชสีมา,15.136944,102.105555,NT,,,060361187939,NMA0216-L23,,
นครราชสีมา,14.924443,101.846388,NT,,,060361187940,NMA0256-L23,,
นครราชสีมา,14.99361,102.098888,NT,,,060361187884,NMA0337-L23,,
นครราชสีมา,15.677499,102.189721,NT,,,060361187941,NMA0285-L23,,
นครราชสีมา,14.755833,102.264722,NT,,,060361192077,NMA0059-L23,,
นครราชสีมา,15.436944,102.323332,NT,,,060361183161,NMA0018-L23,,
นครราชสีมา,15.209166,101.779999,NT,,,060361183163,NMA0028-L23,,
นครราชสีมา,14.589999,101.894444,NT,,,060361183170,NMA0331-L23,,
นครราชสีมา,14.635833,101.207222,NT,,,060361192150,SRI0007-L23,,
นครราชสีมา,14.696388,102.008611,NT,,,060361183160,NMA0016-L23,,
นครราชสีมา,15.336388,102.735277,NT,,,060361183165,NMA0035-L23,,
นครราชสีมา,14.903888,101.88611,NT,,,060361183166,NMA0119-L23,,
นครราชสีมา,15.615,102.219999,NT,,,060361183167,NMA0212-L23,,
นครราชสีมา,14.69361,101.543055,NT,,,060361183168,NMA0295-L23,,
นครราชสีมา,14.97861,102.090833,NT,,,060361183162,NMA0019-L23,,
นครราชสีมา,15.527221,102.722499,NT,,,060361183164,NMA0031-L23,,
นครราชสีมา,14.585277,101.439444,NT,,,060361183169,NMA0297-L23,,
นครราชสีมา,15.417777,102.819166,NT,,,060361229557,KKN0299-L23,,
นครราชสีมา,14.524443,102.188055,NT,,,060361177192,NMA0131-L23,,
นครราชสีมา,14.601666,101.48861,NT,,,060361177193,NMA0296-L23,,
นครราชสีมา,14.471666,101.67861,NT,,,060361193054,LRI0042-L23,,
นครราชสีมา,15.548055,102.433888,NT,,,060361193107,NMA0438-L23,,
นครราชสีมา,14.852777,102.069166,NT,,,060361179383,NMA0045-L23,,
นครราชสีมา,14.823054,102.139721,NT,,,060361193116,NMA0560-L23,,
นครราชสีมา,14.493333,102.28111,NT,,,060361192078,NMA0257-L23,,
ชัยภูมิ,16.651111,101.820832,NT,,,060361177606,KKN0070,,
ชัยภูมิ,16.004722,101.729166,NT,,,060361177601,CYP1915,,
นครราชสีมา,14.888333,102.169443,NT,,,060361188090,NMA0583-L23,,
นครราชสีมา,15.024166,101.917777,NT,,,060361182898,NMA0176-L23,,
นครราชสีมา,15.266388,102.023332,NT,,,060361182905,NMA0219-L23,,
นครราชสีมา,14.64111,101.53861,NT,,,060361182907,NMA0225-L23,,
นครราชสีมา,14.474999,101.569721,NT,,,060361182912,NMA0314-L23,,
นครราชสีมา,14.900833,102.231943,NT,,,060361182908,NMA0274-L23,,
นครราชสีมา,14.990277,101.458055,NT,,,060361182909,NMA0276-L23,,
นครราชสีมา,14.936944,101.49861,NT,,,060361182910,NMA0280-L23,,
นครราชสีมา,14.516388,101.381943,NT,,,060361182911,NMA0300-L23,,
นครราชสีมา,14.91861,102.401388,NT,,,060361182900,NMA0184-L23,,
นครราชสีมา,15.477777,102.63111,NT,,,060361182901,NMA0198-L23,,
นครราชสีมา,15.110555,102.154722,NT,,,060361182902,NMA0205-L23,,
นครราชสีมา,14.715,101.94611,NT,,,060361182903,NMA0215-L23,,
นครราชสีมา,15.744721,102.261944,NT,,,060361183664,NMA0061-L23,,
นครราชสีมา,14.708333,101.419166,NT,,,060361160230,NKR6538,,
นครราชสีมา,14.415,101.863055,NT,,,060361160232,NKR6543,,
ชัยภูมิ,15.829166,102.052777,NT,,,060361183969,CPM0001-L23,,
ชัยภูมิ,16.476388,102.204722,NT,,,060361183974,CPM0074-L23,,
ชัยภูมิ,15.809166,102.029166,NT,,,060361183976,CPM0085-L23,,
ชัยภูมิ,16.250277,102.239444,NT,,,060361160318,CPM0080-L23,,
นครราชสีมา,14.414722,101.863888,NT,,,060361183995,NMA0141-L23,,
นครราชสีมา,14.697777,102.056111,NT,,,060361170159,NMA0165-L23,,
นครราชสีมา,14.999721,102.108055,NT,,,060361170160,NMA0177-L23,,
นครราชสีมา,15.684721,102.238888,NT,,,060361170161,NMA0242-L23,,
นครราชสีมา,14.973888,102.069443,NT,,,060361177377,NMA0632-L23,,
นครราชสีมา,15.307222,101.734444,NT,,,060361183662,NMA0033-L23,,
นครราชสีมา,15.342777,102.443888,NT,,,060361183663,NMA0056-L23,,
นครราชสีมา,15.279721,102.3,NT,,,060361182897,NMA0169-L23,,
นครราชสีมา,15.551388,102.768888,NT,,,060361182899,NMA0183-L23,,
นครราชสีมา,15.119999,101.506666,NT,,,060361182904,NMA0218-L23,,
นครราชสีมา,15.262222,102.220554,NT,,,060361182906,NMA0224-L23,,
นครราชสีมา,14.701666,102.173054,NT,,,060361156545,NMA0202-L23,,
นครราชสีมา,14.553333,101.99611,NT,,,060361156547,NMA0270-L23,,
นครราชสีมา,14.810277,102.046944,NT,,,060361156652,NMA0129-L23,,
นครราชสีมา,14.921943,101.905277,NT,,,060361156654,NMA0272-L23,,
นครราชสีมา,14.56,101.405,NT,,,060361156540,NMA0089-L23,,
นครราชสีมา,14.762777,101.452777,NT,,,060361156541,NMA0130-L23,,
นครราชสีมา,14.738055,102.098055,NT,,,060361156543,NMA0150-L23,,
นครราชสีมา,14.977777,102.070832,NT,,,060361173093,NMA0339-L23,,
ชัยภูมิ,16.279166,101.946388,NT,,,060361183970,CPM0017-L23,,
ชัยภูมิ,16.615555,101.916943,NT,,,060361183973,CPM0047-L23,,
นครราชสีมา,15.547221,102.552222,NT,,,060361173112,NMA0024-L23,,
ชัยภูมิ,15.810555,102.010833,NT,,,060361179629,CPM0088-L23,,
นครราชสีมา,15.006666,102.641944,NT,,,060361160229,NKR6528,,
นครราชสีมา,15.590277,102.435833,NT,,,060361160231,NKR6542,,
นครราชสีมา,14.669166,101.401944,NT,,,060361160233,NKR6567,,
นครราชสีมา,14.860833,102.222499,NT,,,060361160322,NMA0275-L23,,
นครราชสีมา,15.047221,102.239999,NT,,,060361156451,NMA0133-L23,,
นครราชสีมา,14.970554,102.138333,NT,,,060361156453,NMA0137-L23,,
นครราชสีมา,15.015833,102.099721,NT,,,060361156460,NMA0187-L23,,
นครราชสีมา,14.617777,101.318888,NT,,,060361156469,NMA0326-L23,,
นครราชสีมา,14.902777,102.158888,NT,,,060361156478,NMA0584-L23,,
นครราชสีมา,14.975554,102.086666,NT,,,060361156483,NMA0596-L23,,
นครราชสีมา,14.964444,102.078888,NT,,,060361156485,NMA0604-L23,,
นครราชสีมา,14.999444,102.091944,NT,,,060361114234,NMA0026-L23,,
นครราชสีมา,14.964722,101.947777,NT,,,060361114243,NMA0073-L23,,
นครราชสีมา,14.961666,102.07361,NT,,,060361114250,NMA0099-L23,,
นครราชสีมา,14.721943,101.44111,NT,,,060361114252,NMA0109-L23,,
นครราชสีมา,15.080277,102.11861,NT,,,060361114244,NMA0081-L23,,
นครราชสีมา,14.988333,102.115,NT,,,060361114249,NMA0098-L23,,
นครราชสีมา,15.234166,102.495277,NT,,,060361114251,NMA0103-L23,,
นครราชสีมา,14.659444,101.4025,NT,,,060361114230,NMA0014-L23,,
นครราชสีมา,14.877221,102.029999,NT,,,060361114231,NMA0015-L23,,
นครราชสีมา,14.979166,102.069999,NT,,,060361114245,NMA0082-L23,,
นครราชสีมา,14.94361,102.040277,NT,,,060361114246,NMA0086-L23,,
นครราชสีมา,14.683888,101.401111,NT,,,060361114247,NMA0088-L23,,
นครราชสีมา,15.0075,102.119166,NT,,,060361114248,NMA0094-L23,,
นครราชสีมา,14.673054,101.958055,NT,,,060361098784,,,
นครราชสีมา,15.343888,102.298333,NT,,,060360249305,NKR6708,,
นครราชสีมา,14.974999,102.098888,NT,,,060360258957,NKR7745,,
นครราชสีมา,14.948888,102.126666,NT,,,060360258970,NKR7700,,
นครราชสีมา,14.739999,101.371943,NT,,,060360249308,NKR6744,,
นครราชสีมา,14.553333,101.457777,NT,,,060360239275,NKR6825,,
นครราชสีมา,15.598333,102.415833,NT,,,060360239276,NKR6829,,
นครราชสีมา,15.681943,102.576388,NT,,,060360239309,NKR6717,,
นครราชสีมา,14.923054,102.192499,NT,,,060361036548,NKR1938,,
นครราชสีมา,15.215277,102.448888,NT,,,060361036550,NKR1942,,
นครราชสีมา,15.141388,101.993333,NT,,,060361036564,NKR1974,,
นครราชสีมา,14.637221,101.634721,NT,,,060361036566,NKR1982,,
นครราชสีมา,15.302777,102.708333,NT,,,060361036554,NKR1947,,
นครราชสีมา,15.27861,102.300555,NT,,,060361036561,NKR1969,,
นครราชสีมา,15.261111,102.809166,NT,,,060361036568,NKR1985,,
นครราชสีมา,14.9025,101.982499,NT,,,060361036570,NKR2036,,
นครราชสีมา,14.666666,102.11,NT,,,060360247105,NKR6838,,
นครราชสีมา,14.990833,101.849444,NT,,,060360249304,NKR6710,,
นครราชสีมา,14.666111,101.39111,NT,,,060360256726,NKR2061,,
ชัยภูมิ,16.489444,101.931388,NT,,,060361079624,CYP6773,,
นครราชสีมา,14.603055,102.138055,NT,,,060361036544,NKR1928,,
นครราชสีมา,15.156388,101.683333,NT,,,060361036546,NKR1930,,
นครราชสีมา,14.925277,101.803055,NT,,,060361036551,NKR1943,,
นครราชสีมา,15.056666,102.171666,NT,,,060361036571,NKR2049,,
นครราชสีมา,15.214722,102.760833,NT,,,060360118879,878654_PTDKM,,
นครราชสีมา,14.958611,102.059444,NT,,,060360132255,NMA_134,,
นครราชสีมา,15.029166,102.139721,NT,,,060360132257,NMA_133,,
นครราชสีมา,14.359166,102.507777,NT,,,060360114809|060367093027,NKR6622|NMA080,,
นครราชสีมา,14.991666,102.107777,NT,,,060360132259,NMA_125,,
นครราชสีมา,14.991388,102.097777,NT,,,060360132260,NMA_120,,
นครราชสีมา,14.979166,102.079443,NT,,,060360132261,NMA_117,,
นครราชสีมา,15.530277,102.715833,NT,,,060360132262,NMA_116,,
นครราชสีมา,14.98611,102.105,NT,,,060360132258,NMA_127,,
นครราชสีมา,15.034721,102.137221,NT,,,060360132263,NMA_050,,
นครราชสีมา,14.979443,102.069999,NT,,,060360132268,NMA_118,,
นครราชสีมา,15.001111,102.106666,NT,,,060360132269,NMA_131,,
นครราชสีมา,14.54611,102.372221,NT,,,060360111249,NKR6767,,
ชัยภูมิ,15.8625,102.29361,NT,,,060360023916,CYP1938,,
นครราชสีมา,15.035833,102.169999,NT,,,060360048807,NKR6826,,
นครราชสีมา,14.447777,102.346388,NT,,,060359181747,NKR1647,,
นครราชสีมา,14.636666,101.855277,NT,,,060359181750,NKR1606,,
นครราชสีมา,15.115833,101.721943,NT,,,060359181751,NKR0072,,
ชัยภูมิ,15.810277,102.146666,NT,,,060359009036,CYP6505,,
นครราชสีมา,15.205833,102.070832,NT,,,060359009061,NKR6544,,
ชัยภูมิ,16.51,101.818888,NT,,,060358047098,CYP6722,,
นครราชสีมา,15.342777,102.444999,NT,,,060359009057,NKR6532,,
นครราชสีมา,15.183054,102.336388,NT,,,060359009058,NKR6536,,
ชัยภูมิ,15.754444,101.8625,NT,,,060360048769,CYP6761,,
ชัยภูมิ,16.091666,101.7075,NT,,,060360048771,CYP6768,,
ชัยภูมิ,15.506111,101.574999,NT,,,060360048761,CYP6709,,
ชัยภูมิ,16.200555,101.591944,NT,,,060360048770,CYP6766,,
ชัยภูมิ,15.814444,102.07111,NT,,,060360048772,CYP6771,,
ชัยภูมิ,15.5586312128261,101.967454810325,NT*,,,030352004477,CPM013/เนินสง่า,,
ชัยภูมิ,16.0191988551143,101.993925465223,NT*,,,030341000585,ท่าหินโงม,,
ชัยภูมิ,15.4962371611195,101.614764577477,NT*,,,030347007262,,,
นครราชสีมา,14.8053260367542,101.4548705974,NT*,,,030347006043|030347006041,|,,
นครราชสีมา,15.3552422708947,102.051433093473,NT*,,,030347006030|030347007277,|,,
นครราชสีมา,15.2567463703441,102.027559814812,NT*,,,030347006031,,,
นครราชสีมา,14.9293806670035,101.907739255779,NT*,,,030347006048|030347006050|030347006160|030347006162,|||,,
นครราชสีมา,15.006870831451,101.860160290754,NT*,,,030347006049|030347006161,|,,
นครราชสีมา,15.3331967256033,102.675164637142,NT*,,,030347006122,,,
นครราชสีมา,15.4856280383628,102.887874566674,NT*,,,030347006133|030347006010|030347006012|030347006019,|||,,
นครราชสีมา,15.2747087680053,102.137633408943,NT*,,,030347006156|030347006028,|,,
นครราชสีมา,15.025026567252,101.458088768032,NT*,,,030347006249|030347006262|030347006037|030347003386,|||,,
ชัยภูมิ,15.6615298611518,101.844556447769,NT*,,,030347006110,,,
นครราชสีมา,15.4078408923201,102.729730333019,NT*,,,030347006127|030347006006,|,,
นครราชสีมา,15.3865301859043,102.24868498614,NT*,,,030347006144,,,
นครราชสีมา,15.3347018050805,102.148432427937,NT*,,,030347006145,,,
นครราชสีมา,14.6507377473436,102.438530916109,NT*,,,030347007260|030347007263|030347007110,||,,
นครราชสีมา,14.3548683141075,101.967178713486,NT*,,,030349001596,ชุมสายเขาสลัดได,,
ชัยภูมิ,15.4365659927694,101.697976422199,NT*,,,030349001603,ชุมสายบำเหน็จณรงค์,,
นครราชสีมา,15.4255050171363,102.158148789039,NT*,,,030347007197,,,
นครราชสีมา,14.9788807562984,101.732512904593,NT*,,,030347006058,,,
นครราชสีมา,15.4748446102074,102.080155655626,NT*,,,030347006092,,,
นครราชสีมา,15.1524387110582,102.211089842252,NT*,,,030347003389,,,
นครราชสีมา,14.6453484226271,102.318503016725,NT*,,,030347003395,,,
นครราชสีมา,14.684166,102.308055,NT,,,060366000711,871238_SNPTC,,
นครราชสีมา,14.888055,101.901388,NT,,,060366000837,878966_MKGKP,,
นครราชสีมา,14.778332,102.161666,NT,,,060366000976,330018_OBNKM,,
นครราชสีมา,15.039999,102.7025,TUC,,,,,060368195876,NKR7996
นครราชสีมา,14.994999,102.119166,TUC,,,,,060368195877,NKRA228
นครราชสีมา,14.853055,102.069166,TUC,,,,,060368195878,NKRC030
นครราชสีมา,14.903888,101.906111,AWN,060368195945,801839 บริษัท โคราช มัตซึชิตะ จำกัด-สูงเนิน,,,,
ชัยภูมิ,15.804722,101.578054,AWN,060368195939,807879 ศรีสง่า-หนองบัวระเหว,,,,
ชัยภูมิ,16.104444,102.035555,AWN,060368195941,807881 หนองแวง-เมืองชัยภูมิ,,,,
นครราชสีมา,15.001111,101.503055,AWN,060368195938,801880 ดอนเมือง-สีคิ้ว,,,,
ชัยภูมิ,16.046666,101.624166,AWN,060368195940,807880 โนนศรีทอง-หนองบัวแดง,,,,
นครราชสีมา,15.304444,102.905555,AWN,060369001483,874078 บ้านหนองจาน-ลำทะเมนชัย,,,,
นครราชสีมา,15.518332,102.787777,AWN,060369003009,801935 บ้านประทาย-ประทาย,,,,
ชัยภูมิ,15.983888,101.903888,AWN,060369003010,807873 ดงคำน้อย-เมืองชัยภูมิ,,,,
นครราชสีมา,15.039166,102.314166,AWN,060369004057,801877 กรูด ช้างทอง-เฉลิมพระเกียรติ,,,,
นครราชสีมา,14.539166,101.435277,AWN,060369004067,801960 ดิ เอ็กซ์10 ไพรเวท พูลวิลล่า รีสอร์ท-เขาใหญ่),,,,
ชัยภูมิ,15.994721,101.476666,AWN,060369006362,807029 โนนผักหวาน-ภักดีชุมพล,,,,
ชัยภูมิ,16.475554,101.949166,AWN,060369006363,807033 สันติสุข-เกษตรสมบูรณ์,,,,
ชัยภูมิ,16.438055,101.932777,AWN,060369006364,807046 บ้านสารจอด-เกษตรสมบูรณ์,,,,
นครราชสีมา,14.397221,101.765,AWN,060369006372,874351 คลองทุเรียน-วังน้ำเขียว,,,,
นครราชสีมา,14.5125,102.436388,AWN,060369006521,874331 บ้านหนองขนาก-เสิงสาง,,,,
นครราชสีมา,14.563055,102.387221,AWN,060369006522,874364 หนองสองห้อง-ครบุรี,,,,
นครราชสีมา,14.980277,102.516943,AWN,060369006523,874367 หนองจรเข้หิน-จักราช,,,,
นครราชสีมา,15.289444,102.848055,AWN,060369006524,874369 บ้านใหม่สามัคคี-ลำทะเมนชัย,,,,
นครราชสีมา,15.084444,101.512222,AWN,060369006518,874323 ปางละกอ-สีคิ้ว,,,,
นครราชสีมา,14.552222,102.476388,AWN,060369006520,874330 บ้านสกัดนาค-เสิงสาง,,,,
นครราชสีมา,15.211666,102.805555,AWN,060369006525,874371 หนองตาดพัฒนา-ชุมพวง,,,,
ชัยภูมิ,15.354444,101.441388,AWN,060369006527,874388 น้ำโตน-เทพารักษ์,,,,
ชัยภูมิ,15.624999,101.579166,AWN,060369006534,877993 ซับเจริญสุข-ซับใหญ่),,,,
นครราชสีมา,14.899444,101.663055,AWN,060369006516,874130 มอเตอร์เวย์บ้านหนองน้ำขุ่น-สีคิ้ว,,,,
นครราชสีมา,15.24111,101.517499,AWN,060369006529,874435 บ้านใหม่เจริญธรรม-เทพารักษ์,,,,
นครราชสีมา,15.302777,102.799721,AWN,060369006530,874661 ภูดินทอง-ชุมพวง,,,,
นครราชสีมา,14.843888,102.049721,AWN,060369006531,874676 หนองไทรซอย3-ไชยมงคล,,,,
ชัยภูมิ,15.867499,101.74361,AWN,060369006533,877940 บ้านหนองกระทุ่ม-บ้านเขว้า,,,,
นครราชสีมา,15.515833,102.054166,AWN,060369006517,874250 ดอนยาว-บ้านเหลื่อม,,,,
นครราชสีมา,15.077499,101.749166,AWN,060369006519,874327 บ้านหนองชิงโต-ด่านขุนทด,,,,
นครราชสีมา,14.853888,101.453055,AWN,060369006526,874384 ลำพญากลาง-ปากช่อง,,,,
ชัยภูมิ,15.678054,101.481666,AWN,060369006535,877994 หัวสะพาน-เทพสถิต,,,,
นครราชสีมา,14.880832,101.853055,AWN,060369008821,อาคาร 2)-สูงเนิน,,,,
นครราชสีมา,14.521943,101.52361,AWN|NT,060369009523,801784 บ้านหนองจอก-ปากช่อง,060369018707,801784_BNCPC,,
นครราชสีมา,15.608888,102.404722,AWN,060369010910,801777 บ้านนานิคม-บัวใหญ่),,,,
นครราชสีมา,14.54861,101.429443,AWN,060369010911,803007 วัดท่าช้าง-ปากช่อง,,,,
นครราชสีมา,14.548333,101.436666,TUC,,,,,060369010935,NKRA403
นครราชสีมา,15.001666,102.269443,AWN,060369011080,803033 ช่องโค-เฉลิมพระเกียรติ,,,,
ชัยภูมิ,15.78861,102.036666,TUC,,,,,060369011580,CYP7406
นครราชสีมา,14.516943,101.408611,TUC,,,,,060369011728,KKNA073
นครราชสีมา,14.922221,101.866666,AWN,060369012020,801975 บ้านตากแดด-สูงเนิน,,,,
นครราชสีมา,14.641388,101.411388,AWN,060369012022,803059 ทางขึ้นมอเตอร์เวย์ M6-ปากช่อง,,,,
นครราชสีมา,15.118888,102.406111,AWN,060369012021,803054 บ้านงิ้ว-พิมาย,,,,
นครราชสีมา,15.23111,102.494999,AWN,060369014406,803014 อาคารผู้ป่วยนอก-อุบัติเหตุ โรงพยาบาลพิมาย,,,,
นครราชสีมา,14.3525,101.898055,AWN,060369014407,803073 ห้วยใหญ่ใต้-วังน้ำเขียว,,,,
นครราชสีมา,14.837499,101.551666,AWN,060369014408,870058 จุดพักรถลำตะคอง,,,,
นครราชสีมา,14.340277,101.888888,AWN,060369014409,871164 อุทยานสวนห้อม,,,,
นครราชสีมา,14.301944,102.45,AWN,060369014410,871165 หาดชมตะวัน,,,,
นครราชสีมา,14.539166,101.335833,AWN,060369015492,800438 บ้านพักคุณวิกรม-เขาใหญ่) พิกัด 14.539038 101.335745,,,,
นครราชสีมา,14.72111,102.015277,AWN,060369015495,808010 เทสโก้ โลตัส ตลาด ปักธงชัย,,,,
นครราชสีมา,15.351666,102.749166,AWN,060369016065,874093 Big C market ชุมพวง,,,,
นครราชสีมา,15.172499,102.249166,AWN,060369016063,808264 บิ๊กซีมาร์เก็ตสาขาโนนสูง,,,,
ชัยภูมิ,15.561388,101.849166,AWN,060369016096,877923 เทสโก้ โลตัส จตุรัส,,,,
ชัยภูมิ,16.082777,101.810833,AWN,060369016057,807495 อาคารผู้ป่วยนอก โรงพยาบาลหนองบัวแดง,,,,
นครราชสีมา,15.364444,101.790555,AWN,060369016055,803080 หนองปรือ บ้านแปรง- ด่านขุนทด,,,,
นครราชสีมา,14.34111,101.922221,AWN,060369016071,808134 คลองกระทิง-วังน้ำเขียว,,,,
ชัยภูมิ,15.802777,102.034999,TUC,,,,,060369017982,CYPC008
นครราชสีมา,14.955277,101.813333,TUC,,,,,060369017933,NKRA429
นครราชสีมา,14.973332,101.856111,TUC,,,,,060369017934,NKRA430
นครราชสีมา,14.825832,102.289999,TUC,,,,,060369017995,NKRA387
ชัยภูมิ,15.522221,101.990833,TUC,,,,,060369017932,CYPS002
นครราชสีมา,14.484999,101.386944,AWN,060369021057,874022 ทางขึ้นเขาใหญ่ กม.27+200,,,,
นครราชสีมา,14.474166,101.388055,AWN,060369021059,874024 ทางขึ้นเขาใหญ่ กม.30+400,,,,
นครราชสีมา,14.813611,101.651111,AWN,060369021073,801942 สนามยิงปืนแสงสิงแก้ว-สีคิ้ว,,,,
นครราชสีมา,14.691388,101.692221,AWN,060369021075,874528 หน้าวัดป่าภูผาสูง-สุงเนิน,,,,
นครราชสีมา,14.730277,101.448888,AWN,060369024863,800421 หน้าหมู่บ้านสวัสดิการกรมธนารักษ์ ปากช่อง,,,,
นครราชสีมา,14.451388,101.367777,AWN,060369021061,874026 ทางขึ้นเขาใหญ่ กม.35+300,,,,
นครราชสีมา,14.439721,101.370277,AWN,060369021062,874027 ทางขึ้นเขาใหญ่ กม.36+700,,,,
นครราชสีมา,14.473332,101.391944,AWN,060369021063,874083 สำนักงาน กม.30 เขาใหญ่) พิกัด 14.473341 101.391855,,,,
ชัยภูมิ,15.871388,101.515277,AWN,060369021064,877086 อุทยานแห่งชาติไทรทอง,,,,
นครราชสีมา,14.589166,102.138888,AWN,060369022231,803026 ดอนแสนสุข ไทรโยง-ไชยวาล ครบุรี,,,,
นครราชสีมา,14.481666,101.38361,AWN,060369021058,874023 ทางขึ้นเขาใหญ่ กม.27+900,,,,
นครราชสีมา,14.709722,101.696944,AWN,060369021074,874527 ศาลาอเนกประสงค์บ้านดงมะไฟ-สูงเนิน,,,,
นครราชสีมา,14.726388,101.698888,AWN,060369021076,874526 แยกวัดดงมะไฟ-สูงเนิน,,,,
นครราชสีมา,15.169443,102.333888,AWN,060369018116,803093 วัดสีสุก-โนนสูง,,,,
นครราชสีมา,14.659166,101.389444,AWN,060369024864,803048 โรงพยาบาลกรุงเทพเขาใหญ่) พิกัด 14.658940 101.389063,,,,
นครราชสีมา,14.438888,101.384721,AWN,060369021052,222030 เขาใหญ่) พิกัด 14.438900 101.384800,,,,
นครราชสีมา,14.474166,101.379721,AWN,060369021054,800049 ดงงูเห่า-อช.เขาใหญ่) พิกัด 14.474220 101.379680,,,,
นครราชสีมา,14.468888,101.376388,AWN,060369021055,800050 ด่านช้าง-อช.เขาใหญ่) พิกัด 14.468850 101.376330,,,,
นครราชสีมา,14.434444,101.414722,AWN,060369021056,801566 ลานจอดรถน้ำตกเหวสุวัต-อุทยานแห่งชาติเขาใหญ่) พิกัด 14.434453 101.414832,,,,
นครราชสีมา,14.518888,101.732221,AWN,060369021072,803006 บ้านไร่ภูกลางหมอก-วังน้ำเขียว,,,,
ชัยภูมิ,15.788888,102.036944,AWN,060369018119,807496 ดูโฮม สาขาชัยภูมิ,,,,
